-- MySQL Administrator dump 1.4
--
-- ------------------------------------------------------
-- Server version	5.5.21


/*!40101 SET @OLD_CHARACTER_SET_CLIENT=@@CHARACTER_SET_CLIENT */;
/*!40101 SET @OLD_CHARACTER_SET_RESULTS=@@CHARACTER_SET_RESULTS */;
/*!40101 SET @OLD_COLLATION_CONNECTION=@@COLLATION_CONNECTION */;
/*!40101 SET NAMES utf8 */;

/*!40014 SET @OLD_UNIQUE_CHECKS=@@UNIQUE_CHECKS, UNIQUE_CHECKS=0 */;
/*!40014 SET @OLD_FOREIGN_KEY_CHECKS=@@FOREIGN_KEY_CHECKS, FOREIGN_KEY_CHECKS=0 */;
/*!40101 SET @OLD_SQL_MODE=@@SQL_MODE, SQL_MODE='NO_AUTO_VALUE_ON_ZERO' */;


--
-- Create schema redcms
--

CREATE DATABASE IF NOT EXISTS redcms;
USE redcms;

--
-- Definition of table `articles`
--

DROP TABLE IF EXISTS `articles`;
CREATE TABLE `articles` (
  `id` int(10) unsigned NOT NULL AUTO_INCREMENT COMMENT 'id',
  `channel_id` int(10) unsigned DEFAULT NULL COMMENT '栏目id',
  `type_id` int(10) unsigned DEFAULT NULL COMMENT '类型id',
  `manager_id` int(10) unsigned DEFAULT NULL COMMENT '用户id',
  `title` varchar(85) DEFAULT NULL COMMENT '标题',
  `tags` varchar(45) DEFAULT NULL COMMENT '标签',
  `author` varchar(25) DEFAULT NULL COMMENT '作者',
  `origin` varchar(25) DEFAULT '转载' COMMENT '来原',
  `origin_url` varchar(45) DEFAULT NULL COMMENT '来源url',
  `description` varchar(200) DEFAULT NULL COMMENT '简述',
  `create_date` datetime DEFAULT NULL COMMENT '创建日期',
  `title_color` varchar(15) DEFAULT NULL COMMENT '标题颜色',
  `is_bold` int(1) unsigned DEFAULT '0' COMMENT '是否加粗',
  `title_pic` varchar(100) DEFAULT NULL COMMENT '标题图',
  `content_pic` varchar(100) DEFAULT NULL COMMENT '内容图',
  `type_pic` varchar(100) DEFAULT NULL COMMENT '类型图',
  `link` varchar(120) DEFAULT NULL COMMENT '外链',
  `temp` varchar(45) DEFAULT NULL COMMENT '模版',
  `status` tinyint(1) unsigned NOT NULL DEFAULT '0' COMMENT '状态(0:草稿;1:审核中;2:审核通过;3:回收站)',
  `orderlist` int(10) unsigned DEFAULT NULL COMMENT '排序',
  `is_recommend` tinyint(1) unsigned NOT NULL DEFAULT '0' COMMENT '是否推荐',
  PRIMARY KEY (`id`),
  KEY `FK_content_1` (`channel_id`),
  KEY `FK_content_2` (`type_id`),
  KEY `FK_content_3` (`manager_id`)
) ENGINE=InnoDB AUTO_INCREMENT=55 DEFAULT CHARSET=gbk COMMENT='内容表';

--
-- Dumping data for table `articles`
--

/*!40000 ALTER TABLE `articles` DISABLE KEYS */;
INSERT INTO `articles` (`id`,`channel_id`,`type_id`,`manager_id`,`title`,`tags`,`author`,`origin`,`origin_url`,`description`,`create_date`,`title_color`,`is_bold`,`title_pic`,`content_pic`,`type_pic`,`link`,`temp`,`status`,`orderlist`,`is_recommend`) VALUES 
 (1,4,NULL,1,'Java EE全套课程正式发布','java ee','管理员','原创',NULL,'Java EE全套课程正式发布','2013-05-30 16:50:59',NULL,0,NULL,NULL,NULL,NULL,'new_content.jsp',0,10,0),
 (2,4,NULL,1,'网络安全工程师开课了...','网络安全','管理员','原创',NULL,'网络安全工程师开课了...','2013-05-30 16:51:35',NULL,0,NULL,NULL,NULL,NULL,'new_content.jsp',0,10,0),
 (3,4,NULL,1,'学习赚钱两不误的选择','学习','管理员','原创',NULL,'学习赚钱两不误的选择','2013-05-30 16:52:16',NULL,0,NULL,NULL,NULL,NULL,'new_content.jsp',0,10,0),
 (4,5,NULL,1,'消费应用开发难赚钱？做个企业app store吧','app','管理员','原创',NULL,'消费应用开发难赚钱？做个企业app store吧','2013-05-31 08:51:43',NULL,0,NULL,NULL,NULL,NULL,'new_content.jsp',0,10,0),
 (5,5,NULL,1,'旧时代已过 新时代正在降临','时代','管理员','原创',NULL,NULL,'2013-05-31 08:52:36',NULL,0,NULL,NULL,NULL,NULL,'new_content.jsp',0,10,0),
 (6,5,NULL,1,'开发者最爱的三款开发工具','开发','管理员','原创',NULL,NULL,'2013-05-31 08:53:34',NULL,0,NULL,NULL,NULL,NULL,'new_content.jsp',0,10,0),
 (7,5,NULL,1,'IT巨头戴尔 VS.手机新贵小米：内部招聘与人才思想大碰撞','it','管理员','原创',NULL,'IT巨头戴尔 VS.手机新贵小米：内部招聘与人才思想大碰撞','2013-05-31 08:54:26',NULL,0,NULL,NULL,NULL,NULL,'new_content.jsp',0,10,0),
 (8,5,NULL,1,'2013 PHP 技术峰会即将在上海举行','php','管理员','原创',NULL,NULL,'2013-05-31 08:55:13',NULL,0,NULL,NULL,NULL,NULL,'new_content.jsp',0,10,0),
 (9,5,NULL,1,'SecureCRT 7.1.1 发布，SSH 客户端','ssh','管理员','原创',NULL,NULL,'2013-05-31 08:55:51',NULL,0,NULL,NULL,NULL,NULL,'new_content.jsp',0,10,0),
 (10,5,NULL,1,'Ubuntu老大：在Win8问题上 微软没错','Ubuntu,Win8','管理员','原创',NULL,'Ubuntu老大：在Win8问题上 微软没错','2013-05-31 09:28:52',NULL,0,NULL,NULL,NULL,NULL,'new_content.jsp',0,10,0),
 (11,5,NULL,1,'利用java-RMI进行大文件传输','java,rmi','管理员','原创',NULL,NULL,'2013-05-31 09:29:46',NULL,0,NULL,NULL,NULL,NULL,'new_content.jsp',0,10,0),
 (12,5,NULL,1,'摩托罗拉中国第二波裁员进行中，将仅剩200员工','摩托罗拉','管理员','原创',NULL,'摩托罗拉中国第二波裁员进行中，将仅剩200员工','2013-05-31 09:30:32',NULL,0,NULL,NULL,NULL,NULL,'new_content.jsp',0,10,0),
 (13,5,NULL,1,'将死的平台：.Net','.Net','管理员','原创',NULL,'将死的平台：.Net','2013-05-31 09:31:27',NULL,0,NULL,NULL,NULL,NULL,'new_content.jsp',0,10,0),
 (14,5,NULL,1,'Android 完胜 iOS？开什么玩笑',' iOS,Android','管理员','原创',NULL,'Android 完胜 iOS？开什么玩笑','2013-05-31 09:32:23',NULL,0,NULL,NULL,NULL,NULL,'new_content.jsp',0,10,0),
 (15,5,NULL,1,'微软终于提供开始按钮，只是它贴在你的鼠标上','微软','管理员','原创',NULL,'微软终于提供开始按钮，只是它贴在你的鼠标上','2013-05-31 09:33:26',NULL,0,NULL,NULL,NULL,NULL,'new_content.jsp',0,10,0),
 (16,5,NULL,1,'中国·北京第一届开源大会Hadoop专场侧记：Hadoop已经成为大数据分析平台的标配','Hadoop','管理员','原创',NULL,'中国·北京第一届开源大会Hadoop专场侧记：Hadoop已经成为大数据分析平台的标配','2013-05-31 09:34:28',NULL,0,NULL,NULL,NULL,NULL,'new_content.jsp',0,10,0),
 (17,6,NULL,1,'谁将是云时代成就的下一个亿万富翁？','云','管理员','原创',NULL,'谁将是云时代成就的下一个亿万富翁？','2013-05-31 09:46:58',NULL,0,NULL,NULL,NULL,NULL,'new_content.jsp',0,10,0),
 (18,6,NULL,1,'100G OTN大容量传输技术解析','大容量传输','管理员','原创',NULL,'100G OTN大容量传输技术解析','2013-05-31 09:48:21',NULL,0,NULL,NULL,NULL,NULL,'new_content.jsp',0,10,0),
 (19,6,NULL,1,'交换机与路由器故障处理方法(1)','交换机与路由器','管理员','原创',NULL,'交换机与路由器故障处理方法(1)','2013-05-31 09:49:25',NULL,0,NULL,NULL,NULL,NULL,'new_content.jsp',0,10,0),
 (20,6,NULL,1,'ADSL拨上网络但无法浏览网页的故障排除','ADSL','管理员','原创',NULL,'ADSL拨上网络但无法浏览网页的故障排除','2013-05-31 09:50:26',NULL,0,NULL,NULL,NULL,NULL,'new_content.jsp',0,10,0),
 (21,6,NULL,1,'修复Win XP无法显示隐藏文件的几个方法','XP','管理员','原创',NULL,'修复Win XP无法显示隐藏文件的几个方法','2013-05-31 09:51:10',NULL,0,NULL,NULL,NULL,NULL,'new_content.jsp',0,10,0),
 (22,6,NULL,1,'忘记XP登入密码的9种解决办法(1)','忘记XP','管理员','原创',NULL,'忘记XP登入密码的9种解决办法(1)','2013-05-31 09:52:01',NULL,0,NULL,NULL,NULL,NULL,'new_content.jsp',0,10,0),
 (23,6,NULL,1,'Cisco和H3C交换设备 ARP病毒解决办法','Cisco','管理员','原创',NULL,'Cisco和H3C交换设备 ARP病毒解决办法','2013-05-31 09:52:41',NULL,0,NULL,NULL,NULL,NULL,'new_content.jsp',0,10,0),
 (24,6,NULL,1,'五十八种网络故障及其解决办法','五十八','管理员','原创',NULL,'五十八种网络故障及其解决办法','2013-05-31 09:53:30',NULL,0,NULL,NULL,NULL,NULL,'new_content.jsp',0,10,0),
 (25,6,NULL,1,'用网线转接头解决典型局域网故障','局域网','管理员','原创',NULL,'用网线转接头解决典型局域网故障','2013-05-31 09:54:33',NULL,0,NULL,NULL,NULL,NULL,'new_content.jsp',0,10,0),
 (26,6,0,1,'有线、无线混合网典型故障解析','有线','管理员','原创',NULL,'为了综合有线、无线两种网络的优势，很多中小型企业及SOHO用户，都使用了有线、无线混合模式的局域网。','2013-05-31 09:55:29',NULL,0,NULL,NULL,NULL,NULL,'new_content.jsp',0,10,0),
 (27,2,0,1,'Java EE全套课程录像发布','java','管理员','原创',NULL,'Java EE全套课程录像发布','2013-05-31 10:23:48',NULL,0,NULL,'/redcms/res/uppics/20130531102343925.jpg',NULL,'http://www.redwww.com','new_content.jsp',0,10,0),
 (28,11,NULL,1,'美国国家安全局能利用“大数据”做些什么(1)','美国安全','管理员','原创',NULL,'国家安全局的PRISM程序以及对手机运营商通话元数据的收集与谷歌公司的处理方式并无不同：获取大量数据、从中找到信息之间的联系；整个过程无需手动操作，而且由专业分析人士从中提取“例外”情况。国家安全局所搜集的“大数据”到底包含哪些内容、他们又能对这些信息做些什么？','2013-06-13 11:08:14',NULL,0,NULL,NULL,NULL,NULL,'new_content.jsp',0,10,0),
 (29,11,NULL,1,'美国国家安全局能利用“大数据”做些什么(2)','美国安全','管理员','原创',NULL,NULL,'2013-06-13 11:09:04',NULL,0,NULL,NULL,NULL,NULL,'new_content.jsp',0,10,0),
 (30,11,NULL,1,'美国国家安全局能利用“大数据”做些什么(3)','美国安全','管理员','原创',NULL,NULL,'2013-06-13 11:09:42',NULL,0,NULL,NULL,NULL,NULL,'new_content.jsp',0,10,0),
 (31,11,NULL,1,'美国国家安全局能利用“大数据”做些什么(4)','安全','管理员','原创',NULL,NULL,'2013-06-13 11:10:15',NULL,0,NULL,NULL,NULL,NULL,'new_content.jsp',0,10,0),
 (32,11,NULL,1,'美国国家安全局能利用“大数据”做些什么(5)','美国安全','管理员','原创',NULL,NULL,'2013-06-13 11:10:56',NULL,0,NULL,NULL,NULL,NULL,'new_content.jsp',0,10,0),
 (33,11,NULL,1,'美国国家安全局能利用“大数据”做些什么(6)','美国安全','管理员','原创',NULL,NULL,'2013-06-13 11:11:36',NULL,0,NULL,NULL,NULL,NULL,'new_content.jsp',0,10,0),
 (34,10,NULL,1,'微软补丁KB2839229蓝屏问题如何解决？','微软','管理员','原创',NULL,NULL,'2013-06-15 16:33:49',NULL,0,NULL,NULL,NULL,NULL,'new_content.jsp',0,10,0),
 (35,10,NULL,1,'小心微软安全补丁KB2839229导致蓝屏','微软安全补丁','管理员','原创',NULL,NULL,'2013-06-15 16:34:47',NULL,0,NULL,NULL,NULL,NULL,'new_content.jsp',0,10,0),
 (36,10,NULL,1,'Windows Server 2012新功能剖析','win2012','管理员','原创',NULL,NULL,'2013-06-15 16:35:45',NULL,0,NULL,NULL,NULL,NULL,'new_content.jsp',0,10,0),
 (37,10,NULL,1,'Windows Server 2012十大最佳特性总结','win2012','管理员','原创',NULL,NULL,'2013-06-15 16:36:48',NULL,0,NULL,NULL,NULL,NULL,'new_content.jsp',0,10,0),
 (38,9,NULL,1,'《淘宝技术这十年》之LAMP架构的网站','lamp','管理员','原创',NULL,NULL,'2013-06-15 16:38:35',NULL,0,NULL,NULL,NULL,NULL,'new_content.jsp',0,10,0),
 (39,9,NULL,1,'亲历Google I/O','google','管理员','原创',NULL,NULL,'2013-06-15 16:39:56',NULL,0,NULL,NULL,NULL,NULL,'new_content.jsp',0,10,0),
 (40,9,NULL,1,'移动支付走入线下商家','移动支付','管理员','原创',NULL,NULL,'2013-06-15 16:40:57',NULL,0,NULL,NULL,NULL,NULL,'new_content.jsp',0,10,0),
 (41,9,NULL,1,'2012年前端技术回顾','前端技术','管理员','原创',NULL,NULL,'2013-06-15 16:42:49',NULL,0,NULL,NULL,NULL,NULL,'new_content.jsp',0,10,0),
 (42,8,NULL,1,'VPS/Linux搭建Nginx+MariaDB服务器环境','MariaDB','管理员','原创',NULL,NULL,'2013-06-15 16:44:25',NULL,0,NULL,NULL,NULL,NULL,'new_content.jsp',0,10,0),
 (43,8,NULL,1,'关于数据库查询优化的思考','数据库优化','管理员','原创',NULL,NULL,'2013-06-15 16:45:36',NULL,0,NULL,NULL,NULL,NULL,'new_content.jsp',0,10,0),
 (44,8,NULL,1,'MySQL 5.6.12正式发布 涉多项改进','mysql','管理员','原创',NULL,NULL,'2013-06-15 16:46:33',NULL,0,NULL,NULL,NULL,NULL,'new_content.jsp',0,10,0),
 (45,8,NULL,1,'MySQL创始人：毫无理由再继续使用MySQL','MySQL','管理员','原创',NULL,NULL,'2013-06-15 16:47:36',NULL,0,NULL,NULL,NULL,NULL,'new_content.jsp',0,10,0),
 (46,22,NULL,1,'张三','张三','管理员','原创',NULL,NULL,'2013-06-15 23:01:53',NULL,0,NULL,'/redcms/res/uppics/20130615230151668.jpg',NULL,NULL,'course_content.jsp',0,10,0),
 (47,22,0,1,'李四','李四','管理员','原创',NULL,'null','2013-06-15 23:07:07',NULL,0,NULL,'/redcms/res/uppics/20130616105256543.jpg',NULL,NULL,'course_content.jsp',0,10,0),
 (48,22,0,1,'王五','王五','管理员','原创',NULL,'null','2013-06-15 23:07:22',NULL,0,NULL,'/redcms/res/uppics/20130616105245776.jpg',NULL,NULL,'course_content.jsp',0,10,0),
 (49,22,0,1,'小明','小明','管理员','原创',NULL,'null','2013-06-15 23:07:38',NULL,0,NULL,'/redcms/res/uppics/20130616105228823.jpg',NULL,NULL,'course_content.jsp',0,10,0),
 (50,22,0,1,'小强','小强','管理员','原创',NULL,'null','2013-06-15 23:07:53',NULL,0,NULL,'/redcms/res/uppics/20130616105214458.jpg',NULL,NULL,'course_content.jsp',0,10,0),
 (51,22,0,1,'小芳','小芳','管理员','原创',NULL,'null','2013-06-15 23:08:08',NULL,0,NULL,'/redcms/res/uppics/2013061610515338.jpg',NULL,NULL,'course_content.jsp',0,10,0),
 (52,3,0,1,'加入会员','红萌网','管理员','原创',NULL,'null','2013-06-16 10:42:08',NULL,0,NULL,NULL,NULL,NULL,'singel_content.jsp',0,10,0),
 (53,3,0,1,'联系我们','红萌网','管理员','原创',NULL,'null','2013-06-16 10:43:03',NULL,0,NULL,NULL,NULL,NULL,'singel_content.jsp',0,10,0),
 (54,3,0,1,'帮助','红萌网','管理员','原创',NULL,'null','2013-06-16 10:43:22',NULL,0,NULL,NULL,NULL,NULL,'singel_content.jsp',0,10,0);
/*!40000 ALTER TABLE `articles` ENABLE KEYS */;


--
-- Definition of table `articles_txt`
--

DROP TABLE IF EXISTS `articles_txt`;
CREATE TABLE `articles_txt` (
  `id` int(10) unsigned NOT NULL AUTO_INCREMENT,
  `content_id` int(10) unsigned DEFAULT NULL,
  `txt` mediumtext,
  `txt_pics` text,
  PRIMARY KEY (`id`),
  UNIQUE KEY `Index_2` (`content_id`),
  CONSTRAINT `FK_articles_txt_1` FOREIGN KEY (`content_id`) REFERENCES `articles` (`id`)
) ENGINE=InnoDB AUTO_INCREMENT=55 DEFAULT CHARSET=gbk COMMENT='内容的内容';

--
-- Dumping data for table `articles_txt`
--

/*!40000 ALTER TABLE `articles_txt` DISABLE KEYS */;
INSERT INTO `articles_txt` (`id`,`content_id`,`txt`,`txt_pics`) VALUES 
 (1,1,'Java EE全套课程正式发布Java EE全套课程正式发布',NULL),
 (2,2,'网络安全工程师开课了...',NULL),
 (3,3,'学习赚钱两不误的选择',NULL),
 (4,4,'<p style=\"color:#333333;font-family:Helvetica, Tahoma, Arial, sans-serif;font-size:14px;background-color:#FFFFFF;\">\r\n	<a href=\"http://www.csdn.net/article/2013-05-27/2815443-byod-app\" target=\"_blank\"><b>BYOD来袭，移动应用已显山露水</b></a>，智能手机及平板电脑雇员之间的普及率已非常广泛，移动办公不再是天方夜谭。虽然中国的移动企业软件屈指可数，然而在国外，企业应用已开始蓬勃发展。\r\n</p>\r\n<p style=\"color:#333333;font-family:Helvetica, Tahoma, Arial, sans-serif;font-size:14px;background-color:#FFFFFF;\">\r\n	当应用发展到一定程度的时候，每个员工也许会从不同的地方下载不同的应用，或者下载同一个应用的不同版本，这些行为对企业，这就产生了一种念头，企业是否可以建立一个自己的应用商店？有哪些好处？\r\n</p>\r\n<p style=\"color:#333333;font-family:Helvetica, Tahoma, Arial, sans-serif;font-size:14px;background-color:#FFFFFF;\">\r\n	<b>1.更好的控制质量。</b>如果建立一个app store，企业可以控制商店里的应用质量和版本，也就是说，商店里的应用都是经过企业认证的，这就避免了员工去下载山寨企业应用。据Gartner预测，到2017年，25%的企业都会有一个自己的app store。\r\n</p>\r\n<p style=\"color:#333333;font-family:Helvetica, Tahoma, Arial, sans-serif;font-size:14px;background-color:#FFFFFF;\">\r\n	Forrester Research分析师Michele Pelino说，企业内部的应用商店能确保企业应用是的版本问题和内容的可用性。“如果你没有控制措施，那么员工就会使用不同的应用版本或者不同的应用，或许是盗版，这都是企业不想看到的”。\r\n</p>\r\n<p style=\"color:#333333;font-family:Helvetica, Tahoma, Arial, sans-serif;font-size:14px;background-color:#FFFFFF;text-align:center;\">\r\n	<a href=\"http://cms.csdnimg.cn/article/201305/30/51a70f59dcc91.jpg\" target=\"_blank\"><img src=\"http://cms.csdnimg.cn/article/201305/30/51a70f59dcc91_middle.jpg\" border=\"0\" /></a>\r\n</p>\r\n<p style=\"color:#333333;font-family:Helvetica, Tahoma, Arial, sans-serif;font-size:14px;background-color:#FFFFFF;\">\r\n	<b>2.利于用户体验的搜集。</b>如果有了一个企业app store，企业的IT部门就可以更方便的观察员工的使用习惯，或者衡量app效率，进而创建app推荐引擎，筛选出更利于公司的app。这是个双赢的结果，员工能使用app store的反馈系统表达自己的偏好，也会促进企业的效率。\r\n</p>\r\n<p style=\"color:#333333;font-family:Helvetica, Tahoma, Arial, sans-serif;font-size:14px;background-color:#FFFFFF;\">\r\n	<b>3.提高IT部门工作效率。</b>管理各种业务app对于IT部门来说本来就是件复杂费心的事情，但企业应用商店就能简化这个事情。IT部门可以利用app store管理BYOD项目，向业务主管们证明自己的价值。据调查，86%的公司都想要有一个自我服务式的模式，员工可以自己下载app，自己安装，这样就能把IT部门空出来做其他事情。\r\n</p>\r\n<p style=\"color:#333333;font-family:Helvetica, Tahoma, Arial, sans-serif;font-size:14px;background-color:#FFFFFF;\">\r\n	<b>4.更安全。</b>来自Forrester的调查显示，在北美和欧洲，有60%的公司都支持自带设备，但这样存在的问题就是，安全性难以保证。员工用什么你不知道。如果有了企业app store，IT部门可以禁止某些应用的使用，比如容易传播病毒的文件分享服务，以确保公司的安全。\r\n</p>\r\n<p style=\"color:#333333;font-family:Helvetica, Tahoma, Arial, sans-serif;font-size:14px;background-color:#FFFFFF;\">\r\n	不过有个更好的方法是，企业的IT部门可以不用理会app store的事情，而是把这件事交给一家专门运营企业应用app store的公司，这家公司可以搜集所有的移动办公应用，并让员工和企业参与评分，自己同时也做一些应用推荐。大家怎么看？\r\n</p>',NULL),
 (5,5,'<p style=\"color:#333333;font-family:Helvetica, Tahoma, Arial, sans-serif;font-size:14px;background-color:#FFFFFF;\">\r\n	Gartner本周发布的最新销售&nbsp;<a href=\"http://www.gartner.com/newsroom/id/2497015\" target=\"_blank\">数据</a>显示，与去年同期相比，惠普、IBM、富士通等一些大的服务器厂商今年第一季度的服务器市场份额进一步下降，而“其他”厂商的份额却在扩大。一些大的厂商已经开始缩减服务器业务，如IBM——它曾表示考虑&nbsp;<a href=\"http://gigaom.com/2013/04/19/why-ibm-might-ditch-servers-and-become-intelligent-business-middleware/\" target=\"_blank\">出售其服务器部门</a>。一些为客户量身定制服务器的厂商开始崛起，如&nbsp;<a href=\"http://gigaom.com/2013/03/16/how-an-unknown-taiwanese-server-maker-is-eating-the-big-guys-lunch/\" target=\"_blank\">Quanta</a>和Wistron。这种模式并不新鲜，但现在正变得越来越明显。\r\n</p>\r\n<p style=\"color:#333333;font-family:Helvetica, Tahoma, Arial, sans-serif;font-size:14px;background-color:#FFFFFF;\">\r\n	<a href=\"http://www.gartner.com/newsroom/id/2031115\" target=\"_blank\">2011年第一季度</a>，“其他”供应商加起来在出货量上占市场32.1%的份额。而惠普几乎占到30%，戴尔有22%。现在，“其他”的厂商有了进步，就出货量而言，拥有37.5%的市场份额，而惠普已经下降到24.9%，戴尔的市场份额却基本持平。IBM在同一时期市场份额从11.8%下降到9.9%。\r\n</p>\r\n<p style=\"color:#333333;font-family:Helvetica, Tahoma, Arial, sans-serif;font-size:14px;background-color:#FFFFFF;text-align:center;\">\r\n	<a href=\"http://cms.csdnimg.cn/article/201305/30/51a70c003bd80.jpg\" target=\"_blank\"><img src=\"http://cms.csdnimg.cn/article/201305/30/51a70c003bd80.jpg\" border=\"0\" />&nbsp;</a>\r\n</p>\r\n<p style=\"color:#333333;font-family:Helvetica, Tahoma, Arial, sans-serif;font-size:14px;background-color:#FFFFFF;\">\r\n	惠普正在开发新的高效节能的&nbsp;<a href=\"http://gigaom.com/2013/04/08/serious-question-is-it-too-late-for-hp-project-moonshot-to-disrupt-anything/\" target=\"_blank\">Moonshot服务器</a>，&nbsp;<a href=\"http://gigaom.com/2013/02/06/report-microserver-market-will-keep-rising-who-will-be-the-market-leaders/\" target=\"_blank\">微型服务器</a>看起来是一个很好的方向。惠普公司的一位高管表示，这些“其他”厂商的数据显示出现在世人知道Moonshot之前。\r\n</p>\r\n<p style=\"color:#333333;font-family:Helvetica, Tahoma, Arial, sans-serif;font-size:14px;background-color:#FFFFFF;\">\r\n	戴尔的出货量虽说与去年同期相比也有所增长，但相对于“其他”供应商来说幅度太小。目前还不清楚<a href=\"http://gigaom.com/2013/02/05/dell-deal-is-done/\" target=\"_blank\">私有化</a>将对公司的服务器销售有什么影响。\r\n</p>\r\n<p style=\"color:#333333;font-family:Helvetica, Tahoma, Arial, sans-serif;font-size:14px;background-color:#FFFFFF;\">\r\n	思科同样有了增长，但其2.3%的市场份额仍然不算大，所以增长幅度看起来比较大。\r\n</p>\r\n<p style=\"color:#333333;font-family:Helvetica, Tahoma, Arial, sans-serif;font-size:14px;background-color:#FFFFFF;\">\r\n	甲骨文缺席了这个通过服务器出货量来衡量厂商的名单，这可能是由于其服务器业务并不被看好。与去年同期相比，甲骨文公司在服务器上的营收下滑幅度超过了27%。\r\n</p>\r\n<p style=\"color:#333333;font-family:Helvetica, Tahoma, Arial, sans-serif;font-size:14px;background-color:#FFFFFF;\">\r\n	随着Facebook、谷歌和其他网络公司的增长，他们在自己的数据中心中使用量身定制的设备，这种做法已经越来越流行，并且也具有经济意义。\r\n</p>\r\n<p style=\"color:#333333;font-family:Helvetica, Tahoma, Arial, sans-serif;font-size:14px;background-color:#FFFFFF;\">\r\n	一些公司已经通过运行大量的应用程序朝这个方向发展，如亚马逊和&nbsp;<a href=\"http://gigaom.com/2013/01/16/rackspace-will-build-its-own-servers-just-like-facebook-and-google-do/\" target=\"_blank\">Rackspace</a>。因此，崛起的基本都是大的网络公司。\r\n</p>\r\n<p style=\"color:#333333;font-family:Helvetica, Tahoma, Arial, sans-serif;font-size:14px;background-color:#FFFFFF;\">\r\n	通过&nbsp;<a href=\"http://gigaom.com/2013/01/16/facebook-and-open-compute-just-blew-up-the-server-and-disrupted-a-55b-market/\" target=\"_blank\">Open Compute Project</a>，更多的硬件设计正变得可用，未来几年内更多的服务器将没有品牌，包括交换机。（王旭东/编译 仲浩/审校）\r\n</p>\r\n<p style=\"color:#333333;font-family:Helvetica, Tahoma, Arial, sans-serif;font-size:14px;background-color:#FFFFFF;\">\r\n	本文来自：&nbsp;<a href=\"http://gigaom.com/2013/05/28/other-server-vendors-keep-gaining-momentum-while-hp-oracle-slide/\" target=\"_blank\">GigaOM</a>\r\n</p>\r\n<p style=\"color:#333333;font-family:Helvetica, Tahoma, Arial, sans-serif;font-size:14px;background-color:#FFFFFF;\">\r\n	中国云计算领域最大盛会——“&nbsp;&nbsp;<a href=\"http://www.ciecloud.org/2013/index.html\"><strong>第五届中国云计算大会</strong>&nbsp;</a>”将于<b>2013年6月5-7日</b>在北京国家会议中心举行。\r\n</p>\r\n<p style=\"color:#333333;font-family:Helvetica, Tahoma, Arial, sans-serif;font-size:14px;background-color:#FFFFFF;\">\r\n	<b>以下专题由CSDN云计算频道独家策划，未经许可严禁转载。</b>\r\n</p>\r\n<p style=\"color:#333333;font-family:Helvetica, Tahoma, Arial, sans-serif;font-size:14px;background-color:#FFFFFF;\">\r\n	<b>企业报名通道</b>：&nbsp;&nbsp;<a href=\"http://www.ciecloud.org/2013/zhengji.html\">Innovation Cloud 2013云创新产品与应用项目</a>已经结束。但接口仍对所有想“<b>一步</b>”加入中国云生态系统的企业<b>免费开放</b>！在线填写“&nbsp;&nbsp;<a href=\"http://www.ciecloud.org/2013/zhengji.html\">Innovation Cloud 2013云创新产品与应用项目</a>”或下载填写后邮件guoxm@csdn.net均可。有任何问题，欢迎联系我们！（微博：<b>@CSDN云计算</b>；QQ群：<b>中国云计算群4和群5</b>，任选其一）。\r\n</p>',NULL),
 (6,6,'<p style=\"color:#333333;font-family:Helvetica, Tahoma, Arial, sans-serif;font-size:14px;background-color:#FFFFFF;\">\r\n	作者Jonathan Schnittger分享了在日常工作中最常用的几款工具，同时这些工具也是最受开发者欢迎的，有了这些工具让你在编写代码或创建应用时更加得心应手，希望你会喜欢。译文如下：\r\n</p>\r\n<p style=\"color:#333333;font-family:Helvetica, Tahoma, Arial, sans-serif;font-size:14px;background-color:#FFFFFF;\">\r\n	我初次接触网站开发是在九十年代末期，那时候还有没有太多方式选择<a href=\"http://en.wikipedia.org/wiki/Integrated_development_environment\" target=\"_blank\">IDE</a>开发，只有微软的<a href=\"https://en.wikipedia.org/wiki/Microsoft_FrontPage\" target=\"_blank\">FrontPage</a>以及<a href=\"http://en.wikipedia.org/wiki/Adobe_Dreamweaver\" target=\"_blank\">Macromedia Dreamweaver</a>（如今属Adobe公司）。说实话，它们都是伟大的产品，尤其是Dreamweaver更是名声鹊起，用它制作HTML比FrontPage更加简洁、清晰。\r\n</p>\r\n<p style=\"color:#333333;font-family:Helvetica, Tahoma, Arial, sans-serif;font-size:14px;background-color:#FFFFFF;\">\r\n	但若以今天的标准来评判，这两款工具要稍微逊色一点，这是因为<a href=\"http://en.wikipedia.org/wiki/WYSIWYG\" target=\"_blank\">WYSIWYG</a>（指那些所见即所得的网页生成工具，不需要学习HTML，你就可以创建自己的网页）编辑器相继出现，即便是新手，也可创建简单的网页。下面我们一起来认识下：\r\n</p>\r\n<p style=\"color:#333333;font-family:Helvetica, Tahoma, Arial, sans-serif;font-size:14px;background-color:#FFFFFF;\">\r\n	<b>1.&nbsp;<a href=\"http://notepad-plus-plus.org/\" target=\"_blank\">Notepad++</a></b>\r\n</p>\r\n<p style=\"color:#333333;font-family:Helvetica, Tahoma, Arial, sans-serif;font-size:14px;background-color:#FFFFFF;text-align:center;\">\r\n	<b><a href=\"http://cms.csdnimg.cn/article/201305/30/51a6c59b9fca9.jpg\" target=\"_blank\"><img src=\"http://cms.csdnimg.cn/article/201305/30/51a6c59b9fca9.jpg\" border=\"0\" style=\"width:590.6646341463414px;height:314px;\" /></a><br />\r\n</b>\r\n</p>\r\n<p style=\"color:#333333;font-family:Helvetica, Tahoma, Arial, sans-serif;font-size:14px;background-color:#FFFFFF;\">\r\n	<a href=\"https://en.wikipedia.org/wiki/Notepad%2B%2B\" target=\"_blank\">Notepad++</a>&nbsp;(N++) 存在已有10年，我一直坚信这是我最喜欢的一款（尽管有一段时间做过<a href=\"https://en.wikipedia.org/wiki/Textpad\" target=\"_blank\">Textpad&nbsp;</a>，但最终还是回到N++）。\r\n</p>\r\n<p style=\"color:#333333;font-family:Helvetica, Tahoma, Arial, sans-serif;font-size:14px;background-color:#FFFFFF;\">\r\n	N++几乎可满足你想要的一切，它有一个基础的FTP客户端，允许创建项目文件夹及文件，它甚至还有一个强大的拼写检查和语法高亮显示功能。此外，它所不具备的功能都可以通过插件支持实现。这里推荐几款不错的插件：\r\n</p>\r\n<ul style=\"color:#333333;font-family:Helvetica, Tahoma, Arial, sans-serif;font-size:14px;background-color:#FFFFFF;\">\r\n	<li>\r\n		<a href=\"https://code.google.com/p/npp-tidy2/\" target=\"_blank\">Tidy2&nbsp;</a>– HTML格式\r\n	</li>\r\n	<li>\r\n		<a href=\"http://www.incrediblejunior.com/npp_plugins/\" target=\"_blank\">Tortoise SVN</a>&nbsp;– TortoiseSVN<a href=\"http://tortoisesvn.net/\" target=\"_blank\">安装</a>需求\r\n	</li>\r\n	<li>\r\n		<a href=\"https://code.google.com/p/npp-task-list/\" target=\"_blank\">Task List</a>&nbsp;–查找TODO条目并在列表中显示\r\n	</li>\r\n	<li>\r\n		<a href=\"http://www.incrediblejunior.com/npp_plugins/\" target=\"_blank\">SolutionHub</a>&nbsp;——创建更加复杂的项目解决方案\r\n	</li>\r\n</ul>\r\n<p style=\"color:#333333;font-family:Helvetica, Tahoma, Arial, sans-serif;font-size:14px;background-color:#FFFFFF;text-align:center;\">\r\n	<a href=\"http://cms.csdnimg.cn/article/201305/30/51a6c5c4188c3.jpg\" target=\"_blank\"><img src=\"http://cms.csdnimg.cn/article/201305/30/51a6c5c4188c3.jpg\" border=\"0\" style=\"width:589.8237082066869px;height:314px;\" /></a>\r\n</p>\r\n<p style=\"color:#333333;font-family:Helvetica, Tahoma, Arial, sans-serif;font-size:14px;background-color:#FFFFFF;\">\r\n	利用这些插件，让工作更加轻松。通过结合内置的自动完成功能，N++支持超过50种不同的语言，你只需在几分钟内即可创建一款强大的、轻量级的IDE。\r\n</p>\r\n<p style=\"color:#333333;font-family:Helvetica, Tahoma, Arial, sans-serif;font-size:14px;background-color:#FFFFFF;\">\r\n	<b>2.&nbsp;<a href=\"https://filezilla-project.org/\" target=\"_blank\">Filezilla</a></b>\r\n</p>\r\n<p style=\"color:#333333;font-family:Helvetica, Tahoma, Arial, sans-serif;font-size:14px;background-color:#FFFFFF;text-align:center;\">\r\n	<a href=\"http://cms.csdnimg.cn/article/201305/30/51a6c5df68155.jpg\" target=\"_blank\"><img src=\"http://cms.csdnimg.cn/article/201305/30/51a6c5df68155.jpg\" border=\"0\" style=\"width:585.4077079107506px;height:467px;\" /></a>\r\n</p>\r\n<p style=\"color:#333333;font-family:Helvetica, Tahoma, Arial, sans-serif;font-size:14px;background-color:#FFFFFF;\">\r\n	Filezilla是另一款不错的应用，说它是最好的FTP客户端应用也不为过。支持跨平台，几乎支持所有的FTP配置，它是如此的快速、可靠，运行非常棒。\r\n</p>\r\n<p style=\"color:#333333;font-family:Helvetica, Tahoma, Arial, sans-serif;font-size:14px;background-color:#FFFFFF;\">\r\n	<b>3.&nbsp;<a href=\"http://tortoisesvn.net/\" target=\"_blank\">TortoiseSVN</a></b>\r\n</p>\r\n<p style=\"color:#333333;font-family:Helvetica, Tahoma, Arial, sans-serif;font-size:14px;background-color:#FFFFFF;text-align:center;\">\r\n	<a href=\"http://cms.csdnimg.cn/article/201305/30/51a6c62d65aed.jpg\" target=\"_blank\"><img src=\"http://cms.csdnimg.cn/article/201305/30/51a6c62d65aed.jpg\" border=\"0\" style=\"width:588.5129224652087px;height:479px;\" /></a>\r\n</p>\r\n<p style=\"color:#333333;font-family:Helvetica, Tahoma, Arial, sans-serif;font-size:14px;background-color:#FFFFFF;\">\r\n	TortoiseSVN与Windows Explorer集成可称为是一款功能齐全的SVN客户端，允许你管理SVN项目。其自身就包含客户端无需再安装额外的SVN客户端。它还提供了一个非常好的代码比较工具，高亮（突出）显示更改的代码，让你访问完整的SVN日志，并允许你执行（你希望的）所有SVN任务。\r\n</p>\r\n<p style=\"color:#333333;font-family:Helvetica, Tahoma, Arial, sans-serif;font-size:14px;background-color:#FFFFFF;\">\r\n	此外，它还有个特别的功能——更改浏览器文件图标以显示哪些文件已被更改或者有冲突。有了这些视觉上的变化将有助于你更加快速、方便的管理项目。\r\n</p>',NULL),
 (7,7,'<p style=\"color:#333333;font-family:Helvetica, Tahoma, Arial, sans-serif;font-size:14px;background-color:#FFFFFF;text-align:center;\">\r\n	<a href=\"http://cms.csdnimg.cn/article/201305/30/51a6faf926106.jpg\" target=\"_blank\"><img src=\"http://cms.csdnimg.cn/article/201305/30/51a6faf926106_middle.jpg\" border=\"0\" /></a>\r\n</p>\r\n<p style=\"color:#333333;font-family:Helvetica, Tahoma, Arial, sans-serif;font-size:14px;background-color:#FFFFFF;text-align:center;\">\r\n	戴尔大中华区招聘总监Martha Wang\r\n</p>\r\n<p style=\"color:#333333;font-family:Helvetica, Tahoma, Arial, sans-serif;font-size:14px;background-color:#FFFFFF;\">\r\n	戴尔公司从人员理念上讲，鼓励团队领导与员工建立持久关系。这种持久关系的建立将能够帮助戴尔的员工与客户建立持久的关系。\r\n</p>\r\n<p style=\"color:#333333;font-family:Helvetica, Tahoma, Arial, sans-serif;font-size:14px;background-color:#FFFFFF;\">\r\n	戴尔在员工招聘时的定位是业内优秀的人才，与很多公司一样，都会有内部的调动、员工推荐及返聘等揽才的方式。活动上，戴尔大中华区招聘总监Martha Wang从内部调转（Internal Transfer）、员工推荐（Referral）及返聘（Rehire）三个方面做了分享。\r\n</p>\r\n<p style=\"color:#333333;font-family:Helvetica, Tahoma, Arial, sans-serif;font-size:14px;background-color:#FFFFFF;\">\r\n	<b><span style=\"color:#E36C09;\">戴尔如何操作内部调转（Internal Transfer）？</span></b>\r\n</p>\r\n<p style=\"color:#333333;font-family:Helvetica, Tahoma, Arial, sans-serif;font-size:14px;background-color:#FFFFFF;\">\r\n	戴尔有支持员工内部发展的文化与平台。在操作Internal Transfer时，可以从用四个关键词来概括：\r\n</p>\r\n<p style=\"color:#333333;font-family:Helvetica, Tahoma, Arial, sans-serif;font-size:14px;background-color:#FFFFFF;\">\r\n	<b>Open/开放：</b>当员工认为公司内部有合适的职位出现时，可以直接与自己的团队经理沟通自己希望应聘的想法。团队经理也可以与员工就其所申请的职位做一些讨论，并结合员工个人的长短期发展计划给出建议。之后员工可以在线提交应聘适合自己岗位的申请。\r\n</p>\r\n<p style=\"color:#333333;font-family:Helvetica, Tahoma, Arial, sans-serif;font-size:14px;background-color:#FFFFFF;\">\r\n	<b>Time In Role/在岗时间：</b>提交申请的过程中，员工要回答一些问题，包括象已经在现岗位工作的时间。通常公司会要求员工在任何岗位上有一定的时长。这更多是从员工需要一定的时间学习累积，从而达到提升个人能力，提高对团队业绩贡献两个方面的考虑。\r\n</p>\r\n<p style=\"color:#333333;font-family:Helvetica, Tahoma, Arial, sans-serif;font-size:14px;background-color:#FFFFFF;\">\r\n	<b>Performance/绩效表现：</b>每家公司对员工的Performance都会有自己的衡量标准，无论是用ABCD还是好或差来描述。戴尔也有自己绩效的评定方式。 纪律与绩效都是衡量员工可以申请内部调转时的重要的基准。戴尔支持员工在公司内部做发展。但员工首先要做好自己的本职工作，然后再在做好本职工作的基础上在公司的平台上发展。\r\n</p>\r\n<p style=\"color:#333333;font-family:Helvetica, Tahoma, Arial, sans-serif;font-size:14px;background-color:#FFFFFF;\">\r\n	<b>Application/申请：</b>员工可以在线提交申请。每次最多可以申请三个岗位，可以是与现岗位平级或上下一级的岗位。\r\n</p>\r\n<p style=\"color:#333333;font-family:Helvetica, Tahoma, Arial, sans-serif;font-size:14px;background-color:#FFFFFF;\">\r\n	以上就是戴尔在员工内部调转框架方面的简单描述。\r\n</p>\r\n<p style=\"color:#333333;font-family:Helvetica, Tahoma, Arial, sans-serif;font-size:14px;background-color:#FFFFFF;\">\r\n	<b><span style=\"color:#E36C09;\">戴尔员工内部推荐（Referral）的优势及奖励机制</span></b>\r\n</p>\r\n<p style=\"color:#333333;font-family:Helvetica, Tahoma, Arial, sans-serif;font-size:14px;background-color:#FFFFFF;\">\r\n	员工推荐本身是戴尔非常重要的一个招聘策略。员工推荐目前在戴尔的招聘工作中占据约20%左右的权重。戴尔在做招聘的时候，所有的岗位都会在公司内部及外部同时做职位发布这样不仅外部的应聘者可以提交简历，内部员工也可以进行推荐。\r\n</p>\r\n<p style=\"color:#333333;font-family:Helvetica, Tahoma, Arial, sans-serif;font-size:14px;background-color:#FFFFFF;\">\r\n	内部推荐优势：一是帮助公司人事行政部门做拓展，本身人事行政部门的人手比较有限，内部员工做这个工作会很大程度上提升工作效率；另外就是员工自身对与自己工作相关的圈子比较熟悉，在相关技术领域内有非常专业的经验，能够在这个圈子里看到一些合适的人，这些人中就有些对戴尔的职位比较感兴趣，这样通过员工的分享与推荐，一些非常难找的职位往往能够找到合适的人选，找到高质量的人才。\r\n</p>\r\n<p style=\"color:#333333;font-family:Helvetica, Tahoma, Arial, sans-serif;font-size:14px;background-color:#FFFFFF;\">\r\n	内部推荐奖励机制：对于参与内部推荐的员工戴尔也会有自己的奖励机制。对于成功的推荐，只要推荐人与被推荐人在一定时点上均在公司工作，公司就会支付推荐人推荐奖金（Referral Ronus）。另外，戴尔也会有通过一些其它的方式来鼓励员工参与内部推荐，例如海报，现场推荐等。\r\n</p>\r\n<p style=\"color:#333333;font-family:Helvetica, Tahoma, Arial, sans-serif;font-size:14px;background-color:#FFFFFF;\">\r\n	<span style=\"color:#E36C09;\"><b>返聘（Rehire）在戴尔的人才招聘中占据5%的比例</b></span>\r\n</p>\r\n<p style=\"color:#333333;font-family:Helvetica, Tahoma, Arial, sans-serif;font-size:14px;background-color:#FFFFFF;\">\r\n	Martha Wang最后还就戴尔在Rehire方面的工作进行了分享。戴尔本身返聘（Rehire）有相应的流程。每年戴尔都有前员工重新加入戴尔。 很多重新加入的员工都会讲重新加入是因为他们喜欢戴尔的文化。Martha表示戴尔在进行Rehire时会看过往的绩效（Performance）以及离职原因（Leaving reasons），与其他候选人一样需要通过面试评价（Interview&amp;Assessment）的流程。每年大概有5%的员工是通过Rehire渠道来重新回到戴尔实现自己的发展。\r\n</p>\r\n<p style=\"color:#333333;font-family:Helvetica, Tahoma, Arial, sans-serif;font-size:14px;background-color:#FFFFFF;\">\r\n	<b>庞果网：</b>&nbsp;<a href=\"http://www.pongo.cn/\">官网</a>&nbsp;<a href=\"http://weibo.com/csdnpongo\">微博</a>\r\n</p>\r\n<p style=\"color:#333333;font-family:Helvetica, Tahoma, Arial, sans-serif;font-size:14px;background-color:#FFFFFF;\">\r\n	<b>ITHRClub活动交流QQ群：</b>336039386，欢迎IT行业的HR们加入！\r\n</p>\r\n<p style=\"color:#333333;font-family:Helvetica, Tahoma, Arial, sans-serif;font-size:14px;background-color:#FFFFFF;\">\r\n	<b>中高端开发者职位推荐QQ群：</b>234929889 验证信息：技术方向+工作年限 &nbsp;欢迎5年及以上开发工程师加入！\r\n</p>',NULL),
 (8,8,'<div class=\"review_wrapper mtb10\" style=\"margin:10px 0px;padding:0px;font-family:微软雅黑, Verdana, sans-serif, 宋体;background-color:#FFFFFF;\">\r\n	<div class=\"review_description mtb10 markdown-content\" style=\"margin:10px 0px;padding:0px;font-size:14px;\">\r\n		<p style=\"font-size:10.5pt;\">\r\n			2013PHP技术峰会即将于2013年6月30日在上海华纳风格酒店如意厅举行，此次峰会由上海著名互联网技术社区—ThinkInLAMP举办。\r\n		</p>\r\n		<p style=\"font-size:10.5pt;\">\r\n			此次峰会，我们邀请了北京取道兴业科技有限公司爱纸壁创始人—高春辉，新浪微博架构师兼首席PHP技术顾问—惠新宸，前任台湾 StudyArea、TnLUG、COSCUP 组织活动干部—梁枫，xunsearch技术总监—马明练，完美世界北美分公司工程总监—陈浩，百姓网联合创始人??—潘晓良，商派首席架构师—王磊，PPS爱频道技术总监—吴振宇，返利网研发副总监—庄表伟，等业内知名技术专家，为大家分享关于PHP领域的故事。\r\n		</p>\r\n		<p style=\"font-size:10.5pt;\">\r\n			现在，我们的分享人正在做着充分的准备，我们的组织者正在努力的策划，我们的赞助商（安居客，2345，虎扑，网宿，电信等知名企业）正在鼎立的支持，我们一直在努力让自己做的更好，希望有更多的支持者的参与，不断壮大互联网技术团队的力量。\r\n		</p>\r\n		<p style=\"font-size:10.5pt;\">\r\n			会议信息详细介绍：http://www.thinkinlamp.com/ 会议报名地址：http://www.thinkinlamp.com/order-a-ticket.html\r\n		</p>\r\n		<p style=\"font-size:10.5pt;\">\r\n			详细信息 时间：2013年06月30日（周日） 08：30 ~ 17：30点 地点：华纳风格酒店如意厅（闵行区莲花路1733号） 交通：轨道交通9号线，漕河泾站4号口，沿宜山路西至莲花路，右转即可，步行约8分钟\r\n		</p>\r\n	</div>\r\n</div>\r\n<div class=\"clear\" style=\"margin:0px;padding:0px;font-family:微软雅黑, Verdana, sans-serif, 宋体;background-color:#FFFFFF;\">\r\n</div>\r\n<div class=\"event_title\" style=\"margin:0px;padding:0px;font-size:14px;font-family:微软雅黑, Verdana, sans-serif, 宋体;background-color:#FFFFFF;\">\r\n	活动相册\r\n</div>',NULL),
 (9,9,'<div id=\"OSChina_News_40984\" class=\"Body NewsContent TextContent\" style=\"margin:10px 0px;padding:0px;font-size:10.5pt;font-family:微软雅黑, Verdana, sans-serif, 宋体;\">\r\n	<p>\r\n		SecureCRT 7.1.1 主要是 bug 修复。\r\n	</p>\r\n	<p>\r\n		Secure CRT 是一款SSH客户端软件，通过使用内含的VCP命令行程序可以进行加密文件的传输。\r\n	</p>\r\n	<p>\r\n		<img src=\"http://www.oschina.net/uploads/img/200809/12110645_OUHo.gif\" alt=\"\" />\r\n	</p>\r\n</div>\r\n<div class=\"NewsLinks\" style=\"margin:0px 0px 10px;padding:0px;font-weight:bold;color:#AA0000;font-size:13px;font-family:微软雅黑, Verdana, sans-serif, 宋体;\">\r\n	<p class=\"ProjectOfNews\" style=\"text-indent:0em;\">\r\n		SecureCRT 的详细介绍：<a href=\"http://www.oschina.net/p/securecrt\">请点这里</a><br />\r\nSecureCRT 的下载地址：<a href=\"http://www.oschina.net/action/project/go?id=833&amp;p=download\">请点这里</a> <br />\r\n想通过手机客户端访问开源中国：<a href=\"http://www.oschina.net/mobile\" target=\"_blank\">请点这里</a>\r\n	</p>\r\n</div>',NULL),
 (10,10,'<div id=\"OSChina_News_40927\" class=\"Body NewsContent TextContent\" style=\"margin:10px 0px;padding:0px;font-size:10.5pt;font-family:微软雅黑, Verdana, sans-serif, 宋体;\">\r\n	<p>\r\n		尽管近年来微软与Linux的竞争从未停歇，不过就事论事，Ubuntu创始人、首席执行官Mark Shuttleworth还是对微软表示了赞许，他认为，微软关于Windows 8的决策是正确的。Shuttleworth在Ubuntu开放周会议上表示，Windows 8确实带来了很多创新，这种巨大的变革对于很多企业来说是绝对必要的。改变总是艰难的，但是他相信今后每个人都是习惯于新的Windows。\r\n	</p>\r\n	<p>\r\n		当被问及对Windows 8的看法时，Shuttleworth毫不吝啬赞美之词：“大胆的抉择，正确的理念，虽然开局不利，但好戏才刚刚开始。改变是艰难的，不过其愿景是正确的，我很敬佩微软的远见和为之付出的努力，但是他们的起步却并不顺利。”\r\n	</p>\r\n	<p>\r\n		此外，Shuttleworth还夸奖了微软在云计算领域的工作，认为微软在这方面的战略是非常明智的。\r\n	</p>\r\n	<p>\r\n		Shuttleworth 的一席话或许令Linux粉丝震惊，是啊，去年10月Ubuntu 12.10发布的时候官方还建议那些不习惯Windows 8的用户不妨转投Ubuntu。不管Windows 8是不是一款优秀的操作系统，迄今为止其销量、用户满意度还真是十分契合Shuttleworth的那句话：改变是艰难的。\r\n	</p>\r\n	<p class=\"f_center\">\r\n		<img src=\"http://static.oschina.net/uploads/img/201305/29134318_tkVT.jpg\" alt=\"Ubuntu老大：在Win8问题上 微软没错\" style=\"border:1px solid black;\" />\r\n	</p>\r\n</div>\r\n<div class=\"NewsLinks\" style=\"margin:0px 0px 10px;padding:0px;font-weight:bold;color:#AA0000;font-size:13px;font-family:微软雅黑, Verdana, sans-serif, 宋体;\">\r\n	<p class=\"ProjectOfNews\" style=\"text-indent:0em;\">\r\n		想通过手机客户端访问开源中国：<a href=\"http://www.oschina.net/mobile\" target=\"_blank\">请点这里</a>\r\n	</p>\r\n</div>',NULL),
 (11,11,'<h1 style=\"font-family:微软雅黑, Verdana, sans-serif, 宋体;background-color:#FFFFFF;\">\r\n	利用java-RMI进行大文件传输\r\n</h1>\r\n<span id=\"OSC_h3_2\" style=\"font-family:微软雅黑, Verdana, sans-serif, 宋体;font-size:14px;line-height:normal;background-color:#FFFFFF;\"></span><span style=\"font-family:微软雅黑, Verdana, sans-serif, 宋体;font-size:14px;line-height:normal;background-color:#FFFFFF;\"></span>\r\n<h3 style=\"font-family:微软雅黑, Verdana, sans-serif, 宋体;background-color:#FFFFFF;\">\r\n	为什么要用RMI\r\n</h3>\r\n<p style=\"font-family:微软雅黑, Verdana, sans-serif, 宋体;font-size:14px;background-color:#FFFFFF;\">\r\n	在这次的项目中，对于客户端与服务器之间的通信，想了许多办法，由于做的是富客户端应用，最终将技术选定在了RMI和Java-sockets两种之间，其中RMI的灵活性不高，客户端和服务器端都必须是java编写，但使用比较方便，反观java-sockets，虽然比较灵活，但需要自己规定服务器端和客户端之间的通信协议。比较麻烦，几经权衡，最终还是选择RMI来进行服务器-客户端通信\r\n</p>\r\n<span id=\"OSC_h3_3\" style=\"font-family:微软雅黑, Verdana, sans-serif, 宋体;font-size:14px;line-height:normal;background-color:#FFFFFF;\"></span><span style=\"font-family:微软雅黑, Verdana, sans-serif, 宋体;font-size:14px;line-height:normal;background-color:#FFFFFF;\"></span>\r\n<h3 style=\"font-family:微软雅黑, Verdana, sans-serif, 宋体;background-color:#FFFFFF;\">\r\n	文件上传问题\r\n</h3>\r\n<p style=\"font-family:微软雅黑, Verdana, sans-serif, 宋体;font-size:14px;background-color:#FFFFFF;\">\r\n	在使用java-rmi的过程中，必然会遇到一个文件上传的问题，由于在rmi中无法传输<strong>文件流</strong>（比如rmi中的方法参数不能是FileInputStream之类的），那么我们只好选择一种折中的办法，就是先用FileInputStream将文件读到一个Byte数组中，然后把这个Byte数组作为参数传进RMI的方法中，然后在服务器端将Byte数组还原为outputStream，这样就能通过RMI来传输文件了\r\n</p>\r\n<p style=\"font-family:微软雅黑, Verdana, sans-serif, 宋体;font-size:14px;background-color:#FFFFFF;\">\r\n	这样做也有缺点，就是无法检验传输过来的数据的准确性，汗。。。\r\n</p>\r\n<p style=\"font-family:微软雅黑, Verdana, sans-serif, 宋体;font-size:14px;background-color:#FFFFFF;\">\r\n	下面我就一个实例来讲解一下\r\n</p>\r\n<span id=\"OSC_h3_4\" style=\"font-family:微软雅黑, Verdana, sans-serif, 宋体;font-size:14px;line-height:normal;background-color:#FFFFFF;\"></span><span style=\"font-family:微软雅黑, Verdana, sans-serif, 宋体;font-size:14px;line-height:normal;background-color:#FFFFFF;\"></span>\r\n<h3 style=\"font-family:微软雅黑, Verdana, sans-serif, 宋体;background-color:#FFFFFF;\">\r\n	文件结构\r\n</h3>\r\n<p style=\"font-family:微软雅黑, Verdana, sans-serif, 宋体;font-size:14px;background-color:#FFFFFF;\">\r\n	<a href=\"http://static.oschina.net/uploads/space/2013/0528/113000_OVc6_729553.png\" target=\"_blank\"><img src=\"http://static.oschina.net/uploads/space/2013/0528/113000_OVc6_729553.png\" /></a>\r\n</p>\r\n<p style=\"font-family:微软雅黑, Verdana, sans-serif, 宋体;font-size:14px;background-color:#FFFFFF;\">\r\n	FileClient\r\n</p>\r\n<div id=\"highlighter_762076\" class=\"syntaxhighlighter  \" style=\"padding:1px !important;margin:1em 0px !important;border:0px !important;background-color:#FFFFFF !important;vertical-align:baseline !important;font-family:Consolas, \'Bitstream Vera Sans Mono\', \'Courier New\', Courier, monospace !important;font-size:10pt !important;\">\r\n	<div class=\"lines\" style=\"padding:0px !important;margin:0px !important;border:0px !important;vertical-align:baseline !important;font-size:10pt !important;\">\r\n		<div class=\"line alt1\" style=\"padding:0px !important;margin:0px !important;border:0px !important;vertical-align:baseline !important;font-size:10pt !important;\">\r\n			<table style=\"padding:0px !important;margin:0px !important;border:0px !important;height:auto !important;width:auto !important;font-size:10pt !important;\">\r\n				<tbody>\r\n					<tr>\r\n						<td class=\"number\" style=\"border:0px !important;vertical-align:top !important;font-family:Consolas, \'Bitstream Vera Sans Mono\', \'Courier New\', Courier, monospace !important;font-size:10pt !important;color:#AFAFAF !important;\">\r\n							01\r\n						</td>\r\n						<td class=\"content\" style=\"vertical-align:top !important;font-family:Consolas, \'Bitstream Vera Sans Mono\', \'Courier New\', Courier, monospace !important;font-size:10pt !important;\">\r\n							package&nbsp;rmiupload;\r\n						</td>\r\n					</tr>\r\n				</tbody>\r\n			</table>\r\n		</div>\r\n		<div class=\"line alt2\" style=\"padding:0px !important;margin:0px !important;border:0px !important;background-color:#F8F8F8 !important;vertical-align:baseline !important;font-size:10pt !important;\">\r\n			<table style=\"padding:0px !important;margin:0px !important;border:0px !important;height:auto !important;width:auto !important;font-size:10pt !important;\">\r\n				<tbody>\r\n					<tr>\r\n						<td class=\"number\" style=\"border:0px !important;vertical-align:top !important;font-family:Consolas, \'Bitstream Vera Sans Mono\', \'Courier New\', Courier, monospace !important;font-size:10pt !important;color:#AFAFAF !important;\">\r\n							02\r\n						</td>\r\n						<td class=\"content\" style=\"vertical-align:top !important;font-family:Consolas, \'Bitstream Vera Sans Mono\', \'Courier New\', Courier, monospace !important;font-size:10pt !important;\">\r\n							&nbsp;\r\n						</td>\r\n					</tr>\r\n				</tbody>\r\n			</table>\r\n		</div>\r\n		<div class=\"line alt1\" style=\"padding:0px !important;margin:0px !important;border:0px !important;vertical-align:baseline !important;font-size:10pt !important;\">\r\n			<table style=\"padding:0px !important;margin:0px !important;border:0px !important;height:auto !important;width:auto !important;font-size:10pt !important;\">\r\n				<tbody>\r\n					<tr>\r\n						<td class=\"number\" style=\"border:0px !important;vertical-align:top !important;font-family:Consolas, \'Bitstream Vera Sans Mono\', \'Courier New\', Courier, monospace !important;font-size:10pt !important;color:#AFAFAF !important;\">\r\n							03\r\n						</td>\r\n						<td class=\"content\" style=\"vertical-align:top !important;font-family:Consolas, \'Bitstream Vera Sans Mono\', \'Courier New\', Courier, monospace !important;font-size:10pt !important;\">\r\n							import&nbsp;java.io.BufferedInputStream;\r\n						</td>\r\n					</tr>\r\n				</tbody>\r\n			</table>\r\n		</div>\r\n		<div class=\"line alt2\" style=\"padding:0px !important;margin:0px !important;border:0px !important;background-color:#F8F8F8 !important;vertical-align:baseline !important;font-size:10pt !important;\">\r\n			<table style=\"padding:0px !important;margin:0px !important;border:0px !important;height:auto !important;width:auto !important;font-size:10pt !important;\">\r\n				<tbody>\r\n					<tr>\r\n						<td class=\"number\" style=\"border:0px !important;vertical-align:top !important;font-family:Consolas, \'Bitstream Vera Sans Mono\', \'Courier New\', Courier, monospace !important;font-size:10pt !important;color:#AFAFAF !important;\">\r\n							04\r\n						</td>\r\n						<td class=\"content\" style=\"vertical-align:top !important;font-family:Consolas, \'Bitstream Vera Sans Mono\', \'Courier New\', Courier, monospace !important;font-size:10pt !important;\">\r\n							import&nbsp;java.io.File;\r\n						</td>\r\n					</tr>\r\n				</tbody>\r\n			</table>\r\n		</div>\r\n		<div class=\"line alt1\" style=\"padding:0px !important;margin:0px !important;border:0px !important;vertical-align:baseline !important;font-size:10pt !important;\">\r\n			<table style=\"padding:0px !important;margin:0px !important;border:0px !important;height:auto !important;width:auto !important;font-size:10pt !important;\">\r\n				<tbody>\r\n					<tr>\r\n						<td class=\"number\" style=\"border:0px !important;vertical-align:top !important;font-family:Consolas, \'Bitstream Vera Sans Mono\', \'Courier New\', Courier, monospace !important;font-size:10pt !important;color:#AFAFAF !important;\">\r\n							05\r\n						</td>\r\n						<td class=\"content\" style=\"vertical-align:top !important;font-family:Consolas, \'Bitstream Vera Sans Mono\', \'Courier New\', Courier, monospace !important;font-size:10pt !important;\">\r\n							import&nbsp;java.io.FileInputStream;\r\n						</td>\r\n					</tr>\r\n				</tbody>\r\n			</table>\r\n		</div>\r\n		<div class=\"line alt2\" style=\"padding:0px !important;margin:0px !important;border:0px !important;background-color:#F8F8F8 !important;vertical-align:baseline !important;font-size:10pt !important;\">\r\n			<table style=\"padding:0px !important;margin:0px !important;border:0px !important;height:auto !important;width:auto !important;font-size:10pt !important;\">\r\n				<tbody>\r\n					<tr>\r\n						<td class=\"number\" style=\"border:0px !important;vertical-align:top !important;font-family:Consolas, \'Bitstream Vera Sans Mono\', \'Courier New\', Courier, monospace !important;font-size:10pt !important;color:#AFAFAF !important;\">\r\n							06\r\n						</td>\r\n						<td class=\"content\" style=\"vertical-align:top !important;font-family:Consolas, \'Bitstream Vera Sans Mono\', \'Courier New\', Courier, monospace !important;font-size:10pt !important;\">\r\n							import&nbsp;java.io.FileNotFoundException;\r\n						</td>\r\n					</tr>\r\n				</tbody>\r\n			</table>\r\n		</div>\r\n		<div class=\"line alt1\" style=\"padding:0px !important;margin:0px !important;border:0px !important;vertical-align:baseline !important;font-size:10pt !important;\">\r\n			<table style=\"padding:0px !important;margin:0px !important;border:0px !important;height:auto !important;width:auto !important;font-size:10pt !important;\">\r\n				<tbody>\r\n					<tr>\r\n						<td class=\"number\" style=\"border:0px !important;vertical-align:top !important;font-family:Consolas, \'Bitstream Vera Sans Mono\', \'Courier New\', Courier, monospace !important;font-size:10pt !important;color:#AFAFAF !important;\">\r\n							07\r\n						</td>\r\n						<td class=\"content\" style=\"vertical-align:top !important;font-family:Consolas, \'Bitstream Vera Sans Mono\', \'Courier New\', Courier, monospace !important;font-size:10pt !important;\">\r\n							import&nbsp;java.io.IOException;\r\n						</td>\r\n					</tr>\r\n				</tbody>\r\n			</table>\r\n		</div>\r\n		<div class=\"line alt2\" style=\"padding:0px !important;margin:0px !important;border:0px !important;background-color:#F8F8F8 !important;vertical-align:baseline !important;font-size:10pt !important;\">\r\n			<table style=\"padding:0px !important;margin:0px !important;border:0px !important;height:auto !important;width:auto !important;font-size:10pt !important;\">\r\n				<tbody>\r\n					<tr>\r\n						<td class=\"number\" style=\"border:0px !important;vertical-align:top !important;font-family:Consolas, \'Bitstream Vera Sans Mono\', \'Courier New\', Courier, monospace !important;font-size:10pt !important;color:#AFAFAF !important;\">\r\n							08\r\n						</td>\r\n						<td class=\"content\" style=\"vertical-align:top !important;font-family:Consolas, \'Bitstream Vera Sans Mono\', \'Courier New\', Courier, monospace !important;font-size:10pt !important;\">\r\n							import&nbsp;java.net.MalformedURLException;\r\n						</td>\r\n					</tr>\r\n				</tbody>\r\n			</table>\r\n		</div>\r\n		<div class=\"line alt1\" style=\"padding:0px !important;margin:0px !important;border:0px !important;vertical-align:baseline !important;font-size:10pt !important;\">\r\n			<table style=\"padding:0px !important;margin:0px !important;border:0px !important;height:auto !important;width:auto !important;font-size:10pt !important;\">\r\n				<tbody>\r\n					<tr>\r\n						<td class=\"number\" style=\"border:0px !important;vertical-align:top !important;font-family:Consolas, \'Bitstream Vera Sans Mono\', \'Courier New\', Courier, monospace !important;font-size:10pt !important;color:#AFAFAF !important;\">\r\n							09\r\n						</td>\r\n						<td class=\"content\" style=\"vertical-align:top !important;font-family:Consolas, \'Bitstream Vera Sans Mono\', \'Courier New\', Courier, monospace !important;font-size:10pt !important;\">\r\n							import&nbsp;java.rmi.Naming;\r\n						</td>\r\n					</tr>\r\n				</tbody>\r\n			</table>\r\n		</div>\r\n		<div class=\"line alt2\" style=\"padding:0px !important;margin:0px !important;border:0px !important;background-color:#F8F8F8 !important;vertical-align:baseline !important;font-size:10pt !important;\">\r\n			<table style=\"padding:0px !important;margin:0px !important;border:0px !important;height:auto !important;width:auto !important;font-size:10pt !important;\">\r\n				<tbody>\r\n					<tr>\r\n						<td class=\"number\" style=\"border:0px !important;vertical-align:top !important;font-family:Consolas, \'Bitstream Vera Sans Mono\', \'Courier New\', Courier, monospace !important;font-size:10pt !important;color:#AFAFAF !important;\">\r\n							10\r\n						</td>\r\n						<td class=\"content\" style=\"vertical-align:top !important;font-family:Consolas, \'Bitstream Vera Sans Mono\', \'Courier New\', Courier, monospace !important;font-size:10pt !important;\">\r\n							import&nbsp;java.rmi.NotBoundException;\r\n						</td>\r\n					</tr>\r\n				</tbody>\r\n			</table>\r\n		</div>\r\n		<div class=\"line alt1\" style=\"padding:0px !important;margin:0px !important;border:0px !important;vertical-align:baseline !important;font-size:10pt !important;\">\r\n			<table style=\"padding:0px !important;margin:0px !important;border:0px !important;height:auto !important;width:auto !important;font-size:10pt !important;\">\r\n				<tbody>\r\n					<tr>\r\n						<td class=\"number\" style=\"border:0px !important;vertical-align:top !important;font-family:Consolas, \'Bitstream Vera Sans Mono\', \'Courier New\', Courier, monospace !important;font-size:10pt !important;color:#AFAFAF !important;\">\r\n							11\r\n						</td>\r\n						<td class=\"content\" style=\"vertical-align:top !important;font-family:Consolas, \'Bitstream Vera Sans Mono\', \'Courier New\', Courier, monospace !important;font-size:10pt !important;\">\r\n							import&nbsp;java.rmi.RemoteException;\r\n						</td>\r\n					</tr>\r\n				</tbody>\r\n			</table>\r\n		</div>\r\n		<div class=\"line alt2\" style=\"padding:0px !important;margin:0px !important;border:0px !important;background-color:#F8F8F8 !important;vertical-align:baseline !important;font-size:10pt !important;\">\r\n			<table style=\"padding:0px !important;margin:0px !important;border:0px !important;height:auto !important;width:auto !important;font-size:10pt !important;\">\r\n				<tbody>\r\n					<tr>\r\n						<td class=\"number\" style=\"border:0px !important;vertical-align:top !important;font-family:Consolas, \'Bitstream Vera Sans Mono\', \'Courier New\', Courier, monospace !important;font-size:10pt !important;color:#AFAFAF !important;\">\r\n							12\r\n						</td>\r\n						<td class=\"content\" style=\"vertical-align:top !important;font-family:Consolas, \'Bitstream Vera Sans Mono\', \'Courier New\', Courier, monospace !important;font-size:10pt !important;\">\r\n							&nbsp;\r\n						</td>\r\n					</tr>\r\n				</tbody>\r\n			</table>\r\n		</div>\r\n		<div class=\"line alt1\" style=\"padding:0px !important;margin:0px !important;border:0px !important;vertical-align:baseline !important;font-size:10pt !important;\">\r\n			<table style=\"padding:0px !important;margin:0px !important;border:0px !important;height:auto !important;width:auto !important;font-size:10pt !important;\">\r\n				<tbody>\r\n					<tr>\r\n						<td class=\"number\" style=\"border:0px !important;vertical-align:top !important;font-family:Consolas, \'Bitstream Vera Sans Mono\', \'Courier New\', Courier, monospace !important;font-size:10pt !important;color:#AFAFAF !important;\">\r\n							13\r\n						</td>\r\n						<td class=\"content\" style=\"vertical-align:top !important;font-family:Consolas, \'Bitstream Vera Sans Mono\', \'Courier New\', Courier, monospace !important;font-size:10pt !important;\">\r\n							public&nbsp;class&nbsp;FileClient {\r\n						</td>\r\n					</tr>\r\n				</tbody>\r\n			</table>\r\n		</div>\r\n		<div class=\"line alt2\" style=\"padding:0px !important;margin:0px !important;border:0px !important;background-color:#F8F8F8 !important;vertical-align:baseline !important;font-size:10pt !important;\">\r\n			<table style=\"padding:0px !important;margin:0px !important;border:0px !important;height:auto !important;width:auto !important;font-size:10pt !important;\">\r\n				<tbody>\r\n					<tr>\r\n						<td class=\"number\" style=\"border:0px !important;vertical-align:top !important;font-family:Consolas, \'Bitstream Vera Sans Mono\', \'Courier New\', Courier, monospace !important;font-size:10pt !important;color:#AFAFAF !important;\">\r\n							14\r\n						</td>\r\n						<td class=\"content\" style=\"vertical-align:top !important;font-family:Consolas, \'Bitstream Vera Sans Mono\', \'Courier New\', Courier, monospace !important;font-size:10pt !important;\">\r\n							&nbsp;\r\n						</td>\r\n					</tr>\r\n				</tbody>\r\n			</table>\r\n		</div>\r\n		<div class=\"line alt1\" style=\"padding:0px !important;margin:0px !important;border:0px !important;vertical-align:baseline !important;font-size:10pt !important;\">\r\n			<table style=\"padding:0px !important;margin:0px !important;border:0px !important;height:auto !important;width:auto !important;font-size:10pt !important;\">\r\n				<tbody>\r\n					<tr>\r\n						<td class=\"number\" style=\"border:0px !important;vertical-align:top !important;font-family:Consolas, \'Bitstream Vera Sans Mono\', \'Courier New\', Courier, monospace !important;font-size:10pt !important;color:#AFAFAF !important;\">\r\n							15\r\n						</td>\r\n						<td class=\"content\" style=\"vertical-align:top !important;font-family:Consolas, \'Bitstream Vera Sans Mono\', \'Courier New\', Courier, monospace !important;font-size:10pt !important;\">\r\n							&nbsp;&nbsp;&nbsp;&nbsp;public&nbsp;FileClient() {\r\n						</td>\r\n					</tr>\r\n				</tbody>\r\n			</table>\r\n		</div>\r\n		<div class=\"line alt2\" style=\"padding:0px !important;margin:0px !important;border:0px !important;background-color:#F8F8F8 !important;vertical-align:baseline !important;font-size:10pt !important;\">\r\n			<table style=\"padding:0px !important;margin:0px !important;border:0px !important;height:auto !important;width:auto !important;font-size:10pt !important;\">\r\n				<tbody>\r\n					<tr>\r\n						<td class=\"number\" style=\"border:0px !important;vertical-align:top !important;font-family:Consolas, \'Bitstream Vera Sans Mono\', \'Courier New\', Courier, monospace !important;font-size:10pt !important;color:#AFAFAF !important;\">\r\n							16\r\n						</td>\r\n						<td class=\"content\" style=\"vertical-align:top !important;font-family:Consolas, \'Bitstream Vera Sans Mono\', \'Courier New\', Courier, monospace !important;font-size:10pt !important;\">\r\n							&nbsp;&nbsp;&nbsp;&nbsp;&nbsp;&nbsp;&nbsp;&nbsp;// TODO Auto-generated constructor stub\r\n						</td>\r\n					</tr>\r\n				</tbody>\r\n			</table>\r\n		</div>\r\n		<div class=\"line alt1\" style=\"padding:0px !important;margin:0px !important;border:0px !important;vertical-align:baseline !important;font-size:10pt !important;\">\r\n			<table style=\"padding:0px !important;margin:0px !important;border:0px !important;height:auto !important;width:auto !important;font-size:10pt !important;\">\r\n				<tbody>\r\n					<tr>\r\n						<td class=\"number\" style=\"border:0px !important;vertical-align:top !important;font-family:Consolas, \'Bitstream Vera Sans Mono\', \'Courier New\', Courier, monospace !important;font-size:10pt !important;color:#AFAFAF !important;\">\r\n							17\r\n						</td>\r\n						<td class=\"content\" style=\"vertical-align:top !important;font-family:Consolas, \'Bitstream Vera Sans Mono\', \'Courier New\', Courier, monospace !important;font-size:10pt !important;\">\r\n							&nbsp;&nbsp;&nbsp;&nbsp;}\r\n						</td>\r\n					</tr>\r\n				</tbody>\r\n			</table>\r\n		</div>\r\n		<div class=\"line alt2\" style=\"padding:0px !important;margin:0px !important;border:0px !important;background-color:#F8F8F8 !important;vertical-align:baseline !important;font-size:10pt !important;\">\r\n			<table style=\"padding:0px !important;margin:0px !important;border:0px !important;height:auto !important;width:auto !important;font-size:10pt !important;\">\r\n				<tbody>\r\n					<tr>\r\n						<td class=\"number\" style=\"border:0px !important;vertical-align:top !important;font-family:Consolas, \'Bitstream Vera Sans Mono\', \'Courier New\', Courier, monospace !important;font-size:10pt !important;color:#AFAFAF !important;\">\r\n							18\r\n						</td>\r\n						<td class=\"content\" style=\"vertical-align:top !important;font-family:Consolas, \'Bitstream Vera Sans Mono\', \'Courier New\', Courier, monospace !important;font-size:10pt !important;\">\r\n							&nbsp;\r\n						</td>\r\n					</tr>\r\n				</tbody>\r\n			</table>\r\n		</div>\r\n		<div class=\"line alt1\" style=\"padding:0px !important;margin:0px !important;border:0px !important;vertical-align:baseline !important;font-size:10pt !important;\">\r\n			<table style=\"padding:0px !important;margin:0px !important;border:0px !important;height:auto !important;width:auto !important;font-size:10pt !important;\">\r\n				<tbody>\r\n					<tr>\r\n						<td class=\"number\" style=\"border:0px !important;vertical-align:top !important;font-family:Consolas, \'Bitstream Vera Sans Mono\', \'Courier New\', Courier, monospace !important;font-size:10pt !important;color:#AFAFAF !important;\">\r\n							19\r\n						</td>\r\n						<td class=\"content\" style=\"vertical-align:top !important;font-family:Consolas, \'Bitstream Vera Sans Mono\', \'Courier New\', Courier, monospace !important;font-size:10pt !important;\">\r\n							&nbsp;&nbsp;&nbsp;&nbsp;public&nbsp;static&nbsp;void&nbsp;main(String[] args) {\r\n						</td>\r\n					</tr>\r\n				</tbody>\r\n			</table>\r\n		</div>\r\n		<div class=\"line alt2\" style=\"padding:0px !important;margin:0px !important;border:0px !important;background-color:#F8F8F8 !important;vertical-align:baseline !important;font-size:10pt !important;\">\r\n			<table style=\"padding:0px !important;margin:0px !important;border:0px !important;height:auto !important;width:auto !important;font-size:10pt !important;\">\r\n				<tbody>\r\n					<tr>\r\n						<td class=\"number\" style=\"border:0px !important;vertical-align:top !important;font-family:Consolas, \'Bitstream Vera Sans Mono\', \'Courier New\', Courier, monospace !important;font-size:10pt !important;color:#AFAFAF !important;\">\r\n							20\r\n						</td>\r\n						<td class=\"content\" style=\"vertical-align:top !important;font-family:Consolas, \'Bitstream Vera Sans Mono\', \'Courier New\', Courier, monospace !important;font-size:10pt !important;\">\r\n							&nbsp;&nbsp;&nbsp;&nbsp;&nbsp;&nbsp;&nbsp;&nbsp;try&nbsp;{\r\n						</td>\r\n					</tr>\r\n				</tbody>\r\n			</table>\r\n		</div>\r\n		<div class=\"line alt1\" style=\"padding:0px !important;margin:0px !important;border:0px !important;vertical-align:baseline !important;font-size:10pt !important;\">\r\n			<table style=\"padding:0px !important;margin:0px !important;border:0px !important;height:auto !important;width:auto !important;font-size:10pt !important;\">\r\n				<tbody>\r\n					<tr>\r\n						<td class=\"number\" style=\"border:0px !important;vertical-align:top !important;font-family:Consolas, \'Bitstream Vera Sans Mono\', \'Courier New\', Courier, monospace !important;font-size:10pt !important;color:#AFAFAF !important;\">\r\n							21\r\n						</td>\r\n						<td class=\"content\" style=\"vertical-align:top !important;font-family:Consolas, \'Bitstream Vera Sans Mono\', \'Courier New\', Courier, monospace !important;font-size:10pt !important;\">\r\n							&nbsp;&nbsp;&nbsp;&nbsp;&nbsp;&nbsp;&nbsp;&nbsp;&nbsp;&nbsp;&nbsp;&nbsp;FileDataService fileDataService = (FileDataService) Naming.lookup(\"<a href=\"rmi://localhost:9001/FileDataService\">rmi://localhost:9001/FileDataService</a>\");\r\n						</td>\r\n					</tr>\r\n				</tbody>\r\n			</table>\r\n		</div>\r\n		<div class=\"line alt2\" style=\"padding:0px !important;margin:0px !important;border:0px !important;background-color:#F8F8F8 !important;vertical-align:baseline !important;font-size:10pt !important;\">\r\n			<table style=\"padding:0px !important;margin:0px !important;border:0px !important;height:auto !important;width:auto !important;font-size:10pt !important;\">\r\n				<tbody>\r\n					<tr>\r\n						<td class=\"number\" style=\"border:0px !important;vertical-align:top !important;font-family:Consolas, \'Bitstream Vera Sans Mono\', \'Courier New\', Courier, monospace !important;font-size:10pt !important;color:#AFAFAF !important;\">\r\n							22\r\n						</td>\r\n						<td class=\"content\" style=\"vertical-align:top !important;font-family:Consolas, \'Bitstream Vera Sans Mono\', \'Courier New\', Courier, monospace !important;font-size:10pt !important;\">\r\n							&nbsp;&nbsp;&nbsp;&nbsp;&nbsp;&nbsp;&nbsp;&nbsp;&nbsp;&nbsp;&nbsp;&nbsp;fileDataService.upload(\"/Users/NeverDie/Documents/test.mp4\",&nbsp;new&nbsp;FileClient().fileToByte(\"/Users/NeverDie/Music/test.mp4\"));\r\n						</td>\r\n					</tr>\r\n				</tbody>\r\n			</table>\r\n		</div>\r\n		<div class=\"line alt1\" style=\"padding:0px !important;margin:0px !important;border:0px !important;vertical-align:baseline !important;font-size:10pt !important;\">\r\n			<table style=\"padding:0px !important;margin:0px !important;border:0px !important;height:auto !important;width:auto !important;font-size:10pt !important;\">\r\n				<tbody>\r\n					<tr>\r\n						<td class=\"number\" style=\"border:0px !important;vertical-align:top !important;font-family:Consolas, \'Bitstream Vera Sans Mono\', \'Courier New\', Courier, monospace !important;font-size:10pt !important;color:#AFAFAF !important;\">\r\n							23\r\n						</td>\r\n						<td class=\"content\" style=\"vertical-align:top !important;font-family:Consolas, \'Bitstream Vera Sans Mono\', \'Courier New\', Courier, monospace !important;font-size:10pt !important;\">\r\n							&nbsp;&nbsp;&nbsp;&nbsp;&nbsp;&nbsp;&nbsp;&nbsp;}&nbsp;catch&nbsp;(MalformedURLException | RemoteException | NotBoundException e) {\r\n						</td>\r\n					</tr>\r\n				</tbody>\r\n			</table>\r\n		</div>\r\n		<div class=\"line alt2\" style=\"padding:0px !important;margin:0px !important;border:0px !important;background-color:#F8F8F8 !important;vertical-align:baseline !important;font-size:10pt !important;\">\r\n			<table style=\"padding:0px !important;margin:0px !important;border:0px !important;height:auto !important;width:auto !important;font-size:10pt !important;\">\r\n				<tbody>\r\n					<tr>\r\n						<td class=\"number\" style=\"border:0px !important;vertical-align:top !important;font-family:Consolas, \'Bitstream Vera Sans Mono\', \'Courier New\', Courier, monospace !important;font-size:10pt !important;color:#AFAFAF !important;\">\r\n							24\r\n						</td>\r\n						<td class=\"content\" style=\"vertical-align:top !important;font-family:Consolas, \'Bitstream Vera Sans Mono\', \'Courier New\', Courier, monospace !important;font-size:10pt !important;\">\r\n							&nbsp;&nbsp;&nbsp;&nbsp;&nbsp;&nbsp;&nbsp;&nbsp;&nbsp;&nbsp;&nbsp;&nbsp;// TODO Auto-generated catch block\r\n						</td>\r\n					</tr>\r\n				</tbody>\r\n			</table>\r\n		</div>\r\n		<div class=\"line alt1\" style=\"padding:0px !important;margin:0px !important;border:0px !important;vertical-align:baseline !important;font-size:10pt !important;\">\r\n			<table style=\"padding:0px !important;margin:0px !important;border:0px !important;height:auto !important;width:auto !important;font-size:10pt !important;\">\r\n				<tbody>\r\n					<tr>\r\n						<td class=\"number\" style=\"border:0px !important;vertical-align:top !important;font-family:Consolas, \'Bitstream Vera Sans Mono\', \'Courier New\', Courier, monospace !important;font-size:10pt !important;color:#AFAFAF !important;\">\r\n							25\r\n						</td>\r\n						<td class=\"content\" style=\"vertical-align:top !important;font-family:Consolas, \'Bitstream Vera Sans Mono\', \'Courier New\', Courier, monospace !important;font-size:10pt !important;\">\r\n							&nbsp;&nbsp;&nbsp;&nbsp;&nbsp;&nbsp;&nbsp;&nbsp;&nbsp;&nbsp;&nbsp;&nbsp;e.printStackTrace();\r\n						</td>\r\n					</tr>\r\n				</tbody>\r\n			</table>\r\n		</div>\r\n		<div class=\"line alt2\" style=\"padding:0px !important;margin:0px !important;border:0px !important;background-color:#F8F8F8 !important;vertical-align:baseline !important;font-size:10pt !important;\">\r\n			<table style=\"padding:0px !important;margin:0px !important;border:0px !important;height:auto !important;width:auto !important;font-size:10pt !important;\">\r\n				<tbody>\r\n					<tr>\r\n						<td class=\"number\" style=\"border:0px !important;vertical-align:top !important;font-family:Consolas, \'Bitstream Vera Sans Mono\', \'Courier New\', Courier, monospace !important;font-size:10pt !important;color:#AFAFAF !important;\">\r\n							26\r\n						</td>\r\n						<td class=\"content\" style=\"vertical-align:top !important;font-family:Consolas, \'Bitstream Vera Sans Mono\', \'Courier New\', Courier, monospace !important;font-size:10pt !important;\">\r\n							&nbsp;&nbsp;&nbsp;&nbsp;&nbsp;&nbsp;&nbsp;&nbsp;}\r\n						</td>\r\n					</tr>\r\n				</tbody>\r\n			</table>\r\n		</div>\r\n		<div class=\"line alt1\" style=\"padding:0px !important;margin:0px !important;border:0px !important;vertical-align:baseline !important;font-size:10pt !important;\">\r\n			<table style=\"padding:0px !important;margin:0px !important;border:0px !important;height:auto !important;width:auto !important;font-size:10pt !important;\">\r\n				<tbody>\r\n					<tr>\r\n						<td class=\"number\" style=\"border:0px !important;vertical-align:top !important;font-family:Consolas, \'Bitstream Vera Sans Mono\', \'Courier New\', Courier, monospace !important;font-size:10pt !important;color:#AFAFAF !important;\">\r\n							27\r\n						</td>\r\n						<td class=\"content\" style=\"vertical-align:top !important;font-family:Consolas, \'Bitstream Vera Sans Mono\', \'Courier New\', Courier, monospace !important;font-size:10pt !important;\">\r\n							&nbsp;&nbsp;&nbsp;&nbsp;}\r\n						</td>\r\n					</tr>\r\n				</tbody>\r\n			</table>\r\n		</div>\r\n		<div class=\"line alt2\" style=\"padding:0px !important;margin:0px !important;border:0px !important;background-color:#F8F8F8 !important;vertical-align:baseline !important;font-size:10pt !important;\">\r\n			<table style=\"padding:0px !important;margin:0px !important;border:0px !important;height:auto !important;width:auto !important;font-size:10pt !important;\">\r\n				<tbody>\r\n					<tr>\r\n						<td class=\"number\" style=\"border:0px !important;vertical-align:top !important;font-family:Consolas, \'Bitstream Vera Sans Mono\', \'Courier New\', Courier, monospace !important;font-size:10pt !important;color:#AFAFAF !important;\">\r\n							28\r\n						</td>\r\n						<td class=\"content\" style=\"vertical-align:top !important;font-family:Consolas, \'Bitstream Vera Sans Mono\', \'Courier New\', Courier, monospace !important;font-size:10pt !important;\">\r\n							//这个方法比较重要，通过这个方法把一个名为filename的文件转化为一个byte数组\r\n						</td>\r\n					</tr>\r\n				</tbody>\r\n			</table>\r\n		</div>\r\n		<div class=\"line alt1\" style=\"padding:0px !important;margin:0px !important;border:0px !important;vertical-align:baseline !important;font-size:10pt !important;\">\r\n			<table style=\"padding:0px !important;margin:0px !important;border:0px !important;height:auto !important;width:auto !important;font-size:10pt !important;\">\r\n				<tbody>\r\n					<tr>\r\n						<td class=\"number\" style=\"border:0px !important;vertical-align:top !important;font-family:Consolas, \'Bitstream Vera Sans Mono\', \'Courier New\', Courier, monospace !important;font-size:10pt !important;color:#AFAFAF !important;\">\r\n							29\r\n						</td>\r\n						<td class=\"content\" style=\"vertical-align:top !important;font-family:Consolas, \'Bitstream Vera Sans Mono\', \'Courier New\', Courier, monospace !important;font-size:10pt !important;\">\r\n							&nbsp;&nbsp;&nbsp;&nbsp;private&nbsp;byte[] fileToByte(String filename){\r\n						</td>\r\n					</tr>\r\n				</tbody>\r\n			</table>\r\n		</div>\r\n		<div class=\"line alt2\" style=\"padding:0px !important;margin:0px !important;border:0px !important;background-color:#F8F8F8 !important;vertical-align:baseline !important;font-size:10pt !important;\">\r\n			<table style=\"padding:0px !important;margin:0px !important;border:0px !important;height:auto !important;width:auto !important;font-size:10pt !important;\">\r\n				<tbody>\r\n					<tr>\r\n						<td class=\"number\" style=\"border:0px !important;vertical-align:top !important;font-family:Consolas, \'Bitstream Vera Sans Mono\', \'Courier New\', Courier, monospace !important;font-size:10pt !important;color:#AFAFAF !important;\">\r\n							30\r\n						</td>\r\n						<td class=\"content\" style=\"vertical-align:top !important;font-family:Consolas, \'Bitstream Vera Sans Mono\', \'Courier New\', Courier, monospace !important;font-size:10pt !important;\">\r\n							&nbsp;&nbsp;&nbsp;&nbsp;&nbsp;&nbsp;&nbsp;&nbsp;byte[] b =&nbsp;null;\r\n						</td>\r\n					</tr>\r\n				</tbody>\r\n			</table>\r\n		</div>\r\n		<div class=\"line alt1\" style=\"padding:0px !important;margin:0px !important;border:0px !important;vertical-align:baseline !important;font-size:10pt !important;\">\r\n			<table style=\"padding:0px !important;margin:0px !important;border:0px !important;height:auto !important;width:auto !important;font-size:10pt !important;\">\r\n				<tbody>\r\n					<tr>\r\n						<td class=\"number\" style=\"border:0px !important;vertical-align:top !important;font-family:Consolas, \'Bitstream Vera Sans Mono\', \'Courier New\', Courier, monospace !important;font-size:10pt !important;color:#AFAFAF !important;\">\r\n							31\r\n						</td>\r\n						<td class=\"content\" style=\"vertical-align:top !important;font-family:Consolas, \'Bitstream Vera Sans Mono\', \'Courier New\', Courier, monospace !important;font-size:10pt !important;\">\r\n							&nbsp;&nbsp;&nbsp;&nbsp;&nbsp;&nbsp;&nbsp;&nbsp;try&nbsp;{\r\n						</td>\r\n					</tr>\r\n				</tbody>\r\n			</table>\r\n		</div>\r\n		<div class=\"line alt2\" style=\"padding:0px !important;margin:0px !important;border:0px !important;background-color:#F8F8F8 !important;vertical-align:baseline !important;font-size:10pt !important;\">\r\n			<table style=\"padding:0px !important;margin:0px !important;border:0px !important;height:auto !important;width:auto !important;font-size:10pt !important;\">\r\n				<tbody>\r\n					<tr>\r\n						<td class=\"number\" style=\"border:0px !important;vertical-align:top !important;font-family:Consolas, \'Bitstream Vera Sans Mono\', \'Courier New\', Courier, monospace !important;font-size:10pt !important;color:#AFAFAF !important;\">\r\n							32\r\n						</td>\r\n						<td class=\"content\" style=\"vertical-align:top !important;font-family:Consolas, \'Bitstream Vera Sans Mono\', \'Courier New\', Courier, monospace !important;font-size:10pt !important;\">\r\n							&nbsp;&nbsp;&nbsp;&nbsp;&nbsp;&nbsp;&nbsp;&nbsp;&nbsp;&nbsp;&nbsp;&nbsp;File file =&nbsp;new&nbsp;File(filename);\r\n						</td>\r\n					</tr>\r\n				</tbody>\r\n			</table>\r\n		</div>\r\n		<div class=\"line alt1\" style=\"padding:0px !important;margin:0px !important;border:0px !important;vertical-align:baseline !important;font-size:10pt !important;\">\r\n			<table style=\"padding:0px !important;margin:0px !important;border:0px !important;height:auto !important;width:auto !important;font-size:10pt !important;\">\r\n				<tbody>\r\n					<tr>\r\n						<td class=\"number\" style=\"border:0px !important;vertical-align:top !important;font-family:Consolas, \'Bitstream Vera Sans Mono\', \'Courier New\', Courier, monospace !important;font-size:10pt !important;color:#AFAFAF !important;\">\r\n							33\r\n						</td>\r\n						<td class=\"content\" style=\"vertical-align:top !important;font-family:Consolas, \'Bitstream Vera Sans Mono\', \'Courier New\', Courier, monospace !important;font-size:10pt !important;\">\r\n							&nbsp;&nbsp;&nbsp;&nbsp;&nbsp;&nbsp;&nbsp;&nbsp;&nbsp;&nbsp;&nbsp;&nbsp;b =&nbsp;new&nbsp;byte[(int) file.length()];\r\n						</td>\r\n					</tr>\r\n				</tbody>\r\n			</table>\r\n		</div>\r\n		<div class=\"line alt2\" style=\"padding:0px !important;margin:0px !important;border:0px !important;background-color:#F8F8F8 !important;vertical-align:baseline !important;font-size:10pt !important;\">\r\n			<table style=\"padding:0px !important;margin:0px !important;border:0px !important;height:auto !important;width:auto !important;font-size:10pt !important;\">\r\n				<tbody>\r\n					<tr>\r\n						<td class=\"number\" style=\"border:0px !important;vertical-align:top !important;font-family:Consolas, \'Bitstream Vera Sans Mono\', \'Courier New\', Courier, monospace !important;font-size:10pt !important;color:#AFAFAF !important;\">\r\n							34\r\n						</td>\r\n						<td class=\"content\" style=\"vertical-align:top !important;font-family:Consolas, \'Bitstream Vera Sans Mono\', \'Courier New\', Courier, monospace !important;font-size:10pt !important;\">\r\n							&nbsp;&nbsp;&nbsp;&nbsp;&nbsp;&nbsp;&nbsp;&nbsp;&nbsp;&nbsp;&nbsp;&nbsp;BufferedInputStream is =&nbsp;new&nbsp;BufferedInputStream(new&nbsp;FileInputStream(file));\r\n						</td>\r\n					</tr>\r\n				</tbody>\r\n			</table>\r\n		</div>\r\n		<div class=\"line alt1\" style=\"padding:0px !important;margin:0px !important;border:0px !important;vertical-align:baseline !important;font-size:10pt !important;\">\r\n			<table style=\"padding:0px !important;margin:0px !important;border:0px !important;height:auto !important;width:auto !important;font-size:10pt !important;\">\r\n				<tbody>\r\n					<tr>\r\n						<td class=\"number\" style=\"border:0px !important;vertical-align:top !important;font-family:Consolas, \'Bitstream Vera Sans Mono\', \'Courier New\', Courier, monospace !important;font-size:10pt !important;color:#AFAFAF !important;\">\r\n							35\r\n						</td>\r\n						<td class=\"content\" style=\"vertical-align:top !important;font-family:Consolas, \'Bitstream Vera Sans Mono\', \'Courier New\', Courier, monospace !important;font-size:10pt !important;\">\r\n							&nbsp;&nbsp;&nbsp;&nbsp;&nbsp;&nbsp;&nbsp;&nbsp;&nbsp;&nbsp;&nbsp;&nbsp;is.read(b);\r\n						</td>\r\n					</tr>\r\n				</tbody>\r\n			</table>\r\n		</div>\r\n		<div class=\"line alt2\" style=\"padding:0px !important;margin:0px !important;border:0px !important;background-color:#F8F8F8 !important;vertical-align:baseline !important;font-size:10pt !important;\">\r\n			<table style=\"padding:0px !important;margin:0px !important;border:0px !important;height:auto !important;width:auto !important;font-size:10pt !important;\">\r\n				<tbody>\r\n					<tr>\r\n						<td class=\"number\" style=\"border:0px !important;vertical-align:top !important;font-family:Consolas, \'Bitstream Vera Sans Mono\', \'Courier New\', Courier, monospace !important;font-size:10pt !important;color:#AFAFAF !important;\">\r\n							36\r\n						</td>\r\n						<td class=\"content\" style=\"vertical-align:top !important;font-family:Consolas, \'Bitstream Vera Sans Mono\', \'Courier New\', Courier, monospace !important;font-size:10pt !important;\">\r\n							&nbsp;&nbsp;&nbsp;&nbsp;&nbsp;&nbsp;&nbsp;&nbsp;}&nbsp;catch&nbsp;(FileNotFoundException e) {\r\n						</td>\r\n					</tr>\r\n				</tbody>\r\n			</table>\r\n		</div>\r\n		<div class=\"line alt1\" style=\"padding:0px !important;margin:0px !important;border:0px !important;vertical-align:baseline !important;font-size:10pt !important;\">\r\n			<table style=\"padding:0px !important;margin:0px !important;border:0px !important;height:auto !important;width:auto !important;font-size:10pt !important;\">\r\n				<tbody>\r\n					<tr>\r\n						<td class=\"number\" style=\"border:0px !important;vertical-align:top !important;font-family:Consolas, \'Bitstream Vera Sans Mono\', \'Courier New\', Courier, monospace !important;font-size:10pt !important;color:#AFAFAF !important;\">\r\n							37\r\n						</td>\r\n						<td class=\"content\" style=\"vertical-align:top !important;font-family:Consolas, \'Bitstream Vera Sans Mono\', \'Courier New\', Courier, monospace !important;font-size:10pt !important;\">\r\n							&nbsp;&nbsp;&nbsp;&nbsp;&nbsp;&nbsp;&nbsp;&nbsp;&nbsp;&nbsp;&nbsp;&nbsp;// TODO Auto-generated catch block\r\n						</td>\r\n					</tr>\r\n				</tbody>\r\n			</table>\r\n		</div>\r\n		<div class=\"line alt2\" style=\"padding:0px !important;margin:0px !important;border:0px !important;background-color:#F8F8F8 !important;vertical-align:baseline !important;font-size:10pt !important;\">\r\n			<table style=\"padding:0px !important;margin:0px !important;border:0px !important;height:auto !important;width:auto !important;font-size:10pt !important;\">\r\n				<tbody>\r\n					<tr>\r\n						<td class=\"number\" style=\"border:0px !important;vertical-align:top !important;font-family:Consolas, \'Bitstream Vera Sans Mono\', \'Courier New\', Courier, monospace !important;font-size:10pt !important;color:#AFAFAF !important;\">\r\n							38\r\n						</td>\r\n						<td class=\"content\" style=\"vertical-align:top !important;font-family:Consolas, \'Bitstream Vera Sans Mono\', \'Courier New\', Courier, monospace !important;font-size:10pt !important;\">\r\n							&nbsp;&nbsp;&nbsp;&nbsp;&nbsp;&nbsp;&nbsp;&nbsp;&nbsp;&nbsp;&nbsp;&nbsp;e.printStackTrace();\r\n						</td>\r\n					</tr>\r\n				</tbody>\r\n			</table>\r\n		</div>\r\n		<div class=\"line alt1\" style=\"padding:0px !important;margin:0px !important;border:0px !important;vertical-align:baseline !important;font-size:10pt !important;\">\r\n			<table style=\"padding:0px !important;margin:0px !important;border:0px !important;height:auto !important;width:auto !important;font-size:10pt !important;\">\r\n				<tbody>\r\n					<tr>\r\n						<td class=\"number\" style=\"border:0px !important;vertical-align:top !important;font-family:Consolas, \'Bitstream Vera Sans Mono\', \'Courier New\', Courier, monospace !important;font-size:10pt !important;color:#AFAFAF !important;\">\r\n							39\r\n						</td>\r\n						<td class=\"content\" style=\"vertical-align:top !important;font-family:Consolas, \'Bitstream Vera Sans Mono\', \'Courier New\', Courier, monospace !important;font-size:10pt !important;\">\r\n							&nbsp;&nbsp;&nbsp;&nbsp;&nbsp;&nbsp;&nbsp;&nbsp;}&nbsp;catch&nbsp;(IOException e) {\r\n						</td>\r\n					</tr>\r\n				</tbody>\r\n			</table>\r\n		</div>\r\n		<div class=\"line alt2\" style=\"padding:0px !important;margin:0px !important;border:0px !important;background-color:#F8F8F8 !important;vertical-align:baseline !important;font-size:10pt !important;\">\r\n			<table style=\"padding:0px !important;margin:0px !important;border:0px !important;height:auto !important;width:auto !important;font-size:10pt !important;\">\r\n				<tbody>\r\n					<tr>\r\n						<td class=\"number\" style=\"border:0px !important;vertical-align:top !important;font-family:Consolas, \'Bitstream Vera Sans Mono\', \'Courier New\', Courier, monospace !important;font-size:10pt !important;color:#AFAFAF !important;\">\r\n							40\r\n						</td>\r\n						<td class=\"content\" style=\"vertical-align:top !important;font-family:Consolas, \'Bitstream Vera Sans Mono\', \'Courier New\', Courier, monospace !important;font-size:10pt !important;\">\r\n							&nbsp;&nbsp;&nbsp;&nbsp;&nbsp;&nbsp;&nbsp;&nbsp;&nbsp;&nbsp;&nbsp;&nbsp;// TODO Auto-generated catch block\r\n						</td>\r\n					</tr>\r\n				</tbody>\r\n			</table>\r\n		</div>\r\n		<div class=\"line alt1\" style=\"padding:0px !important;margin:0px !important;border:0px !important;vertical-align:baseline !important;font-size:10pt !important;\">\r\n			<table style=\"padding:0px !important;margin:0px !important;border:0px !important;height:auto !important;width:auto !important;font-size:10pt !important;\">\r\n				<tbody>\r\n					<tr>\r\n						<td class=\"number\" style=\"border:0px !important;vertical-align:top !important;font-family:Consolas, \'Bitstream Vera Sans Mono\', \'Courier New\', Courier, monospace !important;font-size:10pt !important;color:#AFAFAF !important;\">\r\n							41\r\n						</td>\r\n						<td class=\"content\" style=\"vertical-align:top !important;font-family:Consolas, \'Bitstream Vera Sans Mono\', \'Courier New\', Courier, monospace !important;font-size:10pt !important;\">\r\n							&nbsp;&nbsp;&nbsp;&nbsp;&nbsp;&nbsp;&nbsp;&nbsp;&nbsp;&nbsp;&nbsp;&nbsp;e.printStackTrace();\r\n						</td>\r\n					</tr>\r\n				</tbody>\r\n			</table>\r\n		</div>\r\n		<div class=\"line alt2\" style=\"padding:0px !important;margin:0px !important;border:0px !important;background-color:#F8F8F8 !important;vertical-align:baseline !important;font-size:10pt !important;\">\r\n			<table style=\"padding:0px !important;margin:0px !important;border:0px !important;height:auto !important;width:auto !important;font-size:10pt !important;\">\r\n				<tbody>\r\n					<tr>\r\n						<td class=\"number\" style=\"border:0px !important;vertical-align:top !important;font-family:Consolas, \'Bitstream Vera Sans Mono\', \'Courier New\', Courier, monospace !important;font-size:10pt !important;color:#AFAFAF !important;\">\r\n							42\r\n						</td>\r\n						<td class=\"content\" style=\"vertical-align:top !important;font-family:Consolas, \'Bitstream Vera Sans Mono\', \'Courier New\', Courier, monospace !important;font-size:10pt !important;\">\r\n							&nbsp;&nbsp;&nbsp;&nbsp;&nbsp;&nbsp;&nbsp;&nbsp;}\r\n						</td>\r\n					</tr>\r\n				</tbody>\r\n			</table>\r\n		</div>\r\n		<div class=\"line alt1\" style=\"padding:0px !important;margin:0px !important;border:0px !important;vertical-align:baseline !important;font-size:10pt !important;\">\r\n			<table style=\"padding:0px !important;margin:0px !important;border:0px !important;height:auto !important;width:auto !important;font-size:10pt !important;\">\r\n				<tbody>\r\n					<tr>\r\n						<td class=\"number\" style=\"border:0px !important;vertical-align:top !important;font-family:Consolas, \'Bitstream Vera Sans Mono\', \'Courier New\', Courier, monospace !important;font-size:10pt !important;color:#AFAFAF !important;\">\r\n							43\r\n						</td>\r\n						<td class=\"content\" style=\"vertical-align:top !important;font-family:Consolas, \'Bitstream Vera Sans Mono\', \'Courier New\', Courier, monospace !important;font-size:10pt !important;\">\r\n							&nbsp;&nbsp;&nbsp;&nbsp;&nbsp;&nbsp;&nbsp;&nbsp;return&nbsp;b;\r\n						</td>\r\n					</tr>\r\n				</tbody>\r\n			</table>\r\n		</div>\r\n		<div class=\"line alt2\" style=\"padding:0px !important;margin:0px !important;border:0px !important;background-color:#F8F8F8 !important;vertical-align:baseline !important;font-size:10pt !important;\">\r\n			<table style=\"padding:0px !important;margin:0px !important;border:0px !important;height:auto !important;width:auto !important;font-size:10pt !important;\">\r\n				<tbody>\r\n					<tr>\r\n						<td class=\"number\" style=\"border:0px !important;vertical-align:top !important;font-family:Consolas, \'Bitstream Vera Sans Mono\', \'Courier New\', Courier, monospace !important;font-size:10pt !important;color:#AFAFAF !important;\">\r\n							44\r\n						</td>\r\n						<td class=\"content\" style=\"vertical-align:top !important;font-family:Consolas, \'Bitstream Vera Sans Mono\', \'Courier New\', Courier, monospace !important;font-size:10pt !important;\">\r\n							&nbsp;&nbsp;&nbsp;&nbsp;}\r\n						</td>\r\n					</tr>\r\n				</tbody>\r\n			</table>\r\n		</div>\r\n		<div class=\"line alt1\" style=\"padding:0px !important;margin:0px !important;border:0px !important;vertical-align:baseline !important;font-size:10pt !important;\">\r\n			<table style=\"padding:0px !important;margin:0px !important;border:0px !important;height:auto !important;width:auto !important;font-size:10pt !important;\">\r\n				<tbody>\r\n					<tr>\r\n						<td class=\"number\" style=\"border:0px !important;vertical-align:top !important;font-family:Consolas, \'Bitstream Vera Sans Mono\', \'Courier New\', Courier, monospace !important;font-size:10pt !important;color:#AFAFAF !important;\">\r\n							45\r\n						</td>\r\n						<td class=\"content\" style=\"vertical-align:top !important;font-family:Consolas, \'Bitstream Vera Sans Mono\', \'Courier New\', Courier, monospace !important;font-size:10pt !important;\">\r\n							}\r\n						</td>\r\n					</tr>\r\n				</tbody>\r\n			</table>\r\n		</div>\r\n	</div>\r\n</div>\r\n<p style=\"font-family:微软雅黑, Verdana, sans-serif, 宋体;font-size:14px;background-color:#FFFFFF;\">\r\n	FileDataService\r\n</p>\r\n<div id=\"highlighter_87845\" class=\"syntaxhighlighter  \" style=\"padding:1px !important;margin:1em 0px !important;border:0px !important;background-color:#FFFFFF !important;vertical-align:baseline !important;font-family:Consolas, \'Bitstream Vera Sans Mono\', \'Courier New\', Courier, monospace !important;font-size:10pt !important;\">\r\n	<div class=\"lines\" style=\"padding:0px !important;margin:0px !important;border:0px !important;vertical-align:baseline !important;font-size:10pt !important;\">\r\n		<div class=\"line alt1\" style=\"padding:0px !important;margin:0px !important;border:0px !important;vertical-align:baseline !important;font-size:10pt !important;\">\r\n			<table style=\"padding:0px !important;margin:0px !important;border:0px !important;height:auto !important;width:auto !important;font-size:10pt !important;\">\r\n				<tbody>\r\n					<tr>\r\n						<td class=\"number\" style=\"border:0px !important;vertical-align:top !important;font-family:Consolas, \'Bitstream Vera Sans Mono\', \'Courier New\', Courier, monospace !important;font-size:10pt !important;color:#AFAFAF !important;\">\r\n							01\r\n						</td>\r\n						<td class=\"content\" style=\"vertical-align:top !important;font-family:Consolas, \'Bitstream Vera Sans Mono\', \'Courier New\', Courier, monospace !important;font-size:10pt !important;\">\r\n							package&nbsp;rmiupload;\r\n						</td>\r\n					</tr>\r\n				</tbody>\r\n			</table>\r\n		</div>\r\n		<div class=\"line alt2\" style=\"padding:0px !important;margin:0px !important;border:0px !important;background-color:#F8F8F8 !important;vertical-align:baseline !important;font-size:10pt !important;\">\r\n			<table style=\"padding:0px !important;margin:0px !important;border:0px !important;height:auto !important;width:auto !important;font-size:10pt !important;\">\r\n				<tbody>\r\n					<tr>\r\n						<td class=\"number\" style=\"border:0px !important;vertical-align:top !important;font-family:Consolas, \'Bitstream Vera Sans Mono\', \'Courier New\', Courier, monospace !important;font-size:10pt !important;color:#AFAFAF !important;\">\r\n							02\r\n						</td>\r\n						<td class=\"content\" style=\"vertical-align:top !important;font-family:Consolas, \'Bitstream Vera Sans Mono\', \'Courier New\', Courier, monospace !important;font-size:10pt !important;\">\r\n							&nbsp;\r\n						</td>\r\n					</tr>\r\n				</tbody>\r\n			</table>\r\n		</div>\r\n		<div class=\"line alt1\" style=\"padding:0px !important;margin:0px !important;border:0px !important;vertical-align:baseline !important;font-size:10pt !important;\">\r\n			<table style=\"padding:0px !important;margin:0px !important;border:0px !important;height:auto !important;width:auto !important;font-size:10pt !important;\">\r\n				<tbody>\r\n					<tr>\r\n						<td class=\"number\" style=\"border:0px !important;vertical-align:top !important;font-family:Consolas, \'Bitstream Vera Sans Mono\', \'Courier New\', Courier, monospace !important;font-size:10pt !important;color:#AFAFAF !important;\">\r\n							03\r\n						</td>\r\n						<td class=\"content\" style=\"vertical-align:top !important;font-family:Consolas, \'Bitstream Vera Sans Mono\', \'Courier New\', Courier, monospace !important;font-size:10pt !important;\">\r\n							import&nbsp;java.net.URL;\r\n						</td>\r\n					</tr>\r\n				</tbody>\r\n			</table>\r\n		</div>\r\n		<div class=\"line alt2\" style=\"padding:0px !important;margin:0px !important;border:0px !important;background-color:#F8F8F8 !important;vertical-align:baseline !important;font-size:10pt !important;\">\r\n			<table style=\"padding:0px !important;margin:0px !important;border:0px !important;height:auto !important;width:auto !important;font-size:10pt !important;\">\r\n				<tbody>\r\n					<tr>\r\n						<td class=\"number\" style=\"border:0px !important;vertical-align:top !important;font-family:Consolas, \'Bitstream Vera Sans Mono\', \'Courier New\', Courier, monospace !important;font-size:10pt !important;color:#AFAFAF !important;\">\r\n							04\r\n						</td>\r\n						<td class=\"content\" style=\"vertical-align:top !important;font-family:Consolas, \'Bitstream Vera Sans Mono\', \'Courier New\', Courier, monospace !important;font-size:10pt !important;\">\r\n							import&nbsp;java.rmi.Remote;\r\n						</td>\r\n					</tr>\r\n				</tbody>\r\n			</table>\r\n		</div>\r\n		<div class=\"line alt1\" style=\"padding:0px !important;margin:0px !important;border:0px !important;vertical-align:baseline !important;font-size:10pt !important;\">\r\n			<table style=\"padding:0px !important;margin:0px !important;border:0px !important;height:auto !important;width:auto !important;font-size:10pt !important;\">\r\n				<tbody>\r\n					<tr>\r\n						<td class=\"number\" style=\"border:0px !important;vertical-align:top !important;font-family:Consolas, \'Bitstream Vera Sans Mono\', \'Courier New\', Courier, monospace !important;font-size:10pt !important;color:#AFAFAF !important;\">\r\n							05\r\n						</td>\r\n						<td class=\"content\" style=\"vertical-align:top !important;font-family:Consolas, \'Bitstream Vera Sans Mono\', \'Courier New\', Courier, monospace !important;font-size:10pt !important;\">\r\n							import&nbsp;java.rmi.RemoteException;\r\n						</td>\r\n					</tr>\r\n				</tbody>\r\n			</table>\r\n		</div>\r\n		<div class=\"line alt2\" style=\"padding:0px !important;margin:0px !important;border:0px !important;background-color:#F8F8F8 !important;vertical-align:baseline !important;font-size:10pt !important;\">\r\n			<table style=\"padding:0px !important;margin:0px !important;border:0px !important;height:auto !important;width:auto !important;font-size:10pt !important;\">\r\n				<tbody>\r\n					<tr>\r\n						<td class=\"number\" style=\"border:0px !important;vertical-align:top !important;font-family:Consolas, \'Bitstream Vera Sans Mono\', \'Courier New\', Courier, monospace !important;font-size:10pt !important;color:#AFAFAF !important;\">\r\n							06\r\n						</td>\r\n						<td class=\"content\" style=\"vertical-align:top !important;font-family:Consolas, \'Bitstream Vera Sans Mono\', \'Courier New\', Courier, monospace !important;font-size:10pt !important;\">\r\n							&nbsp;\r\n						</td>\r\n					</tr>\r\n				</tbody>\r\n			</table>\r\n		</div>\r\n		<div class=\"line alt1\" style=\"padding:0px !important;margin:0px !important;border:0px !important;vertical-align:baseline !important;font-size:10pt !important;\">\r\n			<table style=\"padding:0px !important;margin:0px !important;border:0px !important;height:auto !important;width:auto !important;font-size:10pt !important;\">\r\n				<tbody>\r\n					<tr>\r\n						<td class=\"number\" style=\"border:0px !important;vertical-align:top !important;font-family:Consolas, \'Bitstream Vera Sans Mono\', \'Courier New\', Courier, monospace !important;font-size:10pt !important;color:#AFAFAF !important;\">\r\n							07\r\n						</td>\r\n						<td class=\"content\" style=\"vertical-align:top !important;font-family:Consolas, \'Bitstream Vera Sans Mono\', \'Courier New\', Courier, monospace !important;font-size:10pt !important;\">\r\n							public&nbsp;interface&nbsp;FileDataService&nbsp;extends&nbsp;Remote{\r\n						</td>\r\n					</tr>\r\n				</tbody>\r\n			</table>\r\n		</div>\r\n		<div class=\"line alt2\" style=\"padding:0px !important;margin:0px !important;border:0px !important;background-color:#F8F8F8 !important;vertical-align:baseline !important;font-size:10pt !important;\">\r\n			<table style=\"padding:0px !important;margin:0px !important;border:0px !important;height:auto !important;width:auto !important;font-size:10pt !important;\">\r\n				<tbody>\r\n					<tr>\r\n						<td class=\"number\" style=\"border:0px !important;vertical-align:top !important;font-family:Consolas, \'Bitstream Vera Sans Mono\', \'Courier New\', Courier, monospace !important;font-size:10pt !important;color:#AFAFAF !important;\">\r\n							08\r\n						</td>\r\n						<td class=\"content\" style=\"vertical-align:top !important;font-family:Consolas, \'Bitstream Vera Sans Mono\', \'Courier New\', Courier, monospace !important;font-size:10pt !important;\">\r\n							&nbsp;\r\n						</td>\r\n					</tr>\r\n				</tbody>\r\n			</table>\r\n		</div>\r\n		<div class=\"line alt1\" style=\"padding:0px !important;margin:0px !important;border:0px !important;vertical-align:baseline !important;font-size:10pt !important;\">\r\n			<table style=\"padding:0px !important;margin:0px !important;border:0px !important;height:auto !important;width:auto !important;font-size:10pt !important;\">\r\n				<tbody>\r\n					<tr>\r\n						<td class=\"number\" style=\"border:0px !important;vertical-align:top !important;font-family:Consolas, \'Bitstream Vera Sans Mono\', \'Courier New\', Courier, monospace !important;font-size:10pt !important;color:#AFAFAF !important;\">\r\n							09\r\n						</td>\r\n						<td class=\"content\" style=\"vertical-align:top !important;font-family:Consolas, \'Bitstream Vera Sans Mono\', \'Courier New\', Courier, monospace !important;font-size:10pt !important;\">\r\n							&nbsp;&nbsp;&nbsp;&nbsp;//这里的filename应该是该文件存放在服务器端的地址\r\n						</td>\r\n					</tr>\r\n				</tbody>\r\n			</table>\r\n		</div>\r\n		<div class=\"line alt2\" style=\"padding:0px !important;margin:0px !important;border:0px !important;background-color:#F8F8F8 !important;vertical-align:baseline !important;font-size:10pt !important;\">\r\n			<table style=\"padding:0px !important;margin:0px !important;border:0px !important;height:auto !important;width:auto !important;font-size:10pt !important;\">\r\n				<tbody>\r\n					<tr>\r\n						<td class=\"number\" style=\"border:0px !important;vertical-align:top !important;font-family:Consolas, \'Bitstream Vera Sans Mono\', \'Courier New\', Courier, monospace !important;font-size:10pt !important;color:#AFAFAF !important;\">\r\n							10\r\n						</td>\r\n						<td class=\"content\" style=\"vertical-align:top !important;font-family:Consolas, \'Bitstream Vera Sans Mono\', \'Courier New\', Courier, monospace !important;font-size:10pt !important;\">\r\n							&nbsp;&nbsp;&nbsp;&nbsp;public&nbsp;void&nbsp;upload(String filename,&nbsp;byte[] file)&nbsp;throws&nbsp;RemoteException;\r\n						</td>\r\n					</tr>\r\n				</tbody>\r\n			</table>\r\n		</div>\r\n		<div class=\"line alt1\" style=\"padding:0px !important;margin:0px !important;border:0px !important;vertical-align:baseline !important;font-size:10pt !important;\">\r\n			<table style=\"padding:0px !important;margin:0px !important;border:0px !important;height:auto !important;width:auto !important;font-size:10pt !important;\">\r\n				<tbody>\r\n					<tr>\r\n						<td class=\"number\" style=\"border:0px !important;vertical-align:top !important;font-family:Consolas, \'Bitstream Vera Sans Mono\', \'Courier New\', Courier, monospace !important;font-size:10pt !important;color:#AFAFAF !important;\">\r\n							11\r\n						</td>\r\n						<td class=\"content\" style=\"vertical-align:top !important;font-family:Consolas, \'Bitstream Vera Sans Mono\', \'Courier New\', Courier, monospace !important;font-size:10pt !important;\">\r\n							&nbsp;\r\n						</td>\r\n					</tr>\r\n				</tbody>\r\n			</table>\r\n		</div>\r\n		<div class=\"line alt2\" style=\"padding:0px !important;margin:0px !important;border:0px !important;background-color:#F8F8F8 !important;vertical-align:baseline !important;font-size:10pt !important;\">\r\n			<table style=\"padding:0px !important;margin:0px !important;border:0px !important;height:auto !important;width:auto !important;font-size:10pt !important;\">\r\n				<tbody>\r\n					<tr>\r\n						<td class=\"number\" style=\"border:0px !important;vertical-align:top !important;font-family:Consolas, \'Bitstream Vera Sans Mono\', \'Courier New\', Courier, monospace !important;font-size:10pt !important;color:#AFAFAF !important;\">\r\n							12\r\n						</td>\r\n						<td class=\"content\" style=\"vertical-align:top !important;font-family:Consolas, \'Bitstream Vera Sans Mono\', \'Courier New\', Courier, monospace !important;font-size:10pt !important;\">\r\n							}\r\n						</td>\r\n					</tr>\r\n				</tbody>\r\n			</table>\r\n		</div>\r\n	</div>\r\n</div>\r\n<p style=\"font-family:微软雅黑, Verdana, sans-serif, 宋体;font-size:14px;background-color:#FFFFFF;\">\r\n	FileDataService_imp\r\n</p>\r\n<div id=\"highlighter_192324\" class=\"syntaxhighlighter  \" style=\"padding:1px !important;margin:1em 0px !important;border:0px !important;background-color:#FFFFFF !important;vertical-align:baseline !important;font-family:Consolas, \'Bitstream Vera Sans Mono\', \'Courier New\', Courier, monospace !important;font-size:10pt !important;\">\r\n	<div class=\"lines\" style=\"padding:0px !important;margin:0px !important;border:0px !important;vertical-align:baseline !important;font-size:10pt !important;\">\r\n		<div class=\"line alt1\" style=\"padding:0px !important;margin:0px !important;border:0px !important;vertical-align:baseline !important;font-size:10pt !important;\">\r\n			<table style=\"padding:0px !important;margin:0px !important;border:0px !important;height:auto !important;width:auto !important;font-size:10pt !important;\">\r\n				<tbody>\r\n					<tr>\r\n						<td class=\"number\" style=\"border:0px !important;vertical-align:top !important;font-family:Consolas, \'Bitstream Vera Sans Mono\', \'Courier New\', Courier, monospace !important;font-size:10pt !important;color:#AFAFAF !important;\">\r\n							01\r\n						</td>\r\n						<td class=\"content\" style=\"vertical-align:top !important;font-family:Consolas, \'Bitstream Vera Sans Mono\', \'Courier New\', Courier, monospace !important;font-size:10pt !important;\">\r\n							package&nbsp;rmiupload;\r\n						</td>\r\n					</tr>\r\n				</tbody>\r\n			</table>\r\n		</div>\r\n		<div class=\"line alt2\" style=\"padding:0px !important;margin:0px !important;border:0px !important;background-color:#F8F8F8 !important;vertical-align:baseline !important;font-size:10pt !important;\">\r\n			<table style=\"padding:0px !important;margin:0px !important;border:0px !important;height:auto !important;width:auto !important;font-size:10pt !important;\">\r\n				<tbody>\r\n					<tr>\r\n						<td class=\"number\" style=\"border:0px !important;vertical-align:top !important;font-family:Consolas, \'Bitstream Vera Sans Mono\', \'Courier New\', Courier, monospace !important;font-size:10pt !important;color:#AFAFAF !important;\">\r\n							02\r\n						</td>\r\n						<td class=\"content\" style=\"vertical-align:top !important;font-family:Consolas, \'Bitstream Vera Sans Mono\', \'Courier New\', Courier, monospace !important;font-size:10pt !important;\">\r\n							&nbsp;\r\n						</td>\r\n					</tr>\r\n				</tbody>\r\n			</table>\r\n		</div>\r\n		<div class=\"line alt1\" style=\"padding:0px !important;margin:0px !important;border:0px !important;vertical-align:baseline !important;font-size:10pt !important;\">\r\n			<table style=\"padding:0px !important;margin:0px !important;border:0px !important;height:auto !important;width:auto !important;font-size:10pt !important;\">\r\n				<tbody>\r\n					<tr>\r\n						<td class=\"number\" style=\"border:0px !important;vertical-align:top !important;font-family:Consolas, \'Bitstream Vera Sans Mono\', \'Courier New\', Courier, monospace !important;font-size:10pt !important;color:#AFAFAF !important;\">\r\n							03\r\n						</td>\r\n						<td class=\"content\" style=\"vertical-align:top !important;font-family:Consolas, \'Bitstream Vera Sans Mono\', \'Courier New\', Courier, monospace !important;font-size:10pt !important;\">\r\n							import&nbsp;java.io.BufferedOutputStream;\r\n						</td>\r\n					</tr>\r\n				</tbody>\r\n			</table>\r\n		</div>\r\n		<div class=\"line alt2\" style=\"padding:0px !important;margin:0px !important;border:0px !important;background-color:#F8F8F8 !important;vertical-align:baseline !important;font-size:10pt !important;\">\r\n			<table style=\"padding:0px !important;margin:0px !important;border:0px !important;height:auto !important;width:auto !important;font-size:10pt !important;\">\r\n				<tbody>\r\n					<tr>\r\n						<td class=\"number\" style=\"border:0px !important;vertical-align:top !important;font-family:Consolas, \'Bitstream Vera Sans Mono\', \'Courier New\', Courier, monospace !important;font-size:10pt !important;color:#AFAFAF !important;\">\r\n							04\r\n						</td>\r\n						<td class=\"content\" style=\"vertical-align:top !important;font-family:Consolas, \'Bitstream Vera Sans Mono\', \'Courier New\', Courier, monospace !important;font-size:10pt !important;\">\r\n							import&nbsp;java.io.File;\r\n						</td>\r\n					</tr>\r\n				</tbody>\r\n			</table>\r\n		</div>\r\n		<div class=\"line alt1\" style=\"padding:0px !important;margin:0px !important;border:0px !important;vertical-align:baseline !important;font-size:10pt !important;\">\r\n			<table style=\"padding:0px !important;margin:0px !important;border:0px !important;height:auto !important;width:auto !important;font-size:10pt !important;\">\r\n				<tbody>\r\n					<tr>\r\n						<td class=\"number\" style=\"border:0px !important;vertical-align:top !important;font-family:Consolas, \'Bitstream Vera Sans Mono\', \'Courier New\', Courier, monospace !important;font-size:10pt !important;color:#AFAFAF !important;\">\r\n							05\r\n						</td>\r\n						<td class=\"content\" style=\"vertical-align:top !important;font-family:Consolas, \'Bitstream Vera Sans Mono\', \'Courier New\', Courier, monospace !important;font-size:10pt !important;\">\r\n							import&nbsp;java.io.FileNotFoundException;\r\n						</td>\r\n					</tr>\r\n				</tbody>\r\n			</table>\r\n		</div>\r\n		<div class=\"line alt2\" style=\"padding:0px !important;margin:0px !important;border:0px !important;background-color:#F8F8F8 !important;vertical-align:baseline !important;font-size:10pt !important;\">\r\n			<table style=\"padding:0px !important;margin:0px !important;border:0px !important;height:auto !important;width:auto !important;font-size:10pt !important;\">\r\n				<tbody>\r\n					<tr>\r\n						<td class=\"number\" style=\"border:0px !important;vertical-align:top !important;font-family:Consolas, \'Bitstream Vera Sans Mono\', \'Courier New\', Courier, monospace !important;font-size:10pt !important;color:#AFAFAF !important;\">\r\n							06\r\n						</td>\r\n						<td class=\"content\" style=\"vertical-align:top !important;font-family:Consolas, \'Bitstream Vera Sans Mono\', \'Courier New\', Courier, monospace !important;font-size:10pt !important;\">\r\n							import&nbsp;java.io.FileOutputStream;\r\n						</td>\r\n					</tr>\r\n				</tbody>\r\n			</table>\r\n		</div>\r\n		<div class=\"line alt1\" style=\"padding:0px !important;margin:0px !important;border:0px !important;vertical-align:baseline !important;font-size:10pt !important;\">\r\n			<table style=\"padding:0px !important;margin:0px !important;border:0px !important;height:auto !important;width:auto !important;font-size:10pt !important;\">\r\n				<tbody>\r\n					<tr>\r\n						<td class=\"number\" style=\"border:0px !important;vertical-align:top !important;font-family:Consolas, \'Bitstream Vera Sans Mono\', \'Courier New\', Courier, monospace !important;font-size:10pt !important;color:#AFAFAF !important;\">\r\n							07\r\n						</td>\r\n						<td class=\"content\" style=\"vertical-align:top !important;font-family:Consolas, \'Bitstream Vera Sans Mono\', \'Courier New\', Courier, monospace !important;font-size:10pt !important;\">\r\n							import&nbsp;java.io.IOException;\r\n						</td>\r\n					</tr>\r\n				</tbody>\r\n			</table>\r\n		</div>\r\n		<div class=\"line alt2\" style=\"padding:0px !important;margin:0px !important;border:0px !important;background-color:#F8F8F8 !important;vertical-align:baseline !important;font-size:10pt !important;\">\r\n			<table style=\"padding:0px !important;margin:0px !important;border:0px !important;height:auto !important;width:auto !important;font-size:10pt !important;\">\r\n				<tbody>\r\n					<tr>\r\n						<td class=\"number\" style=\"border:0px !important;vertical-align:top !important;font-family:Consolas, \'Bitstream Vera Sans Mono\', \'Courier New\', Courier, monospace !important;font-size:10pt !important;color:#AFAFAF !important;\">\r\n							08\r\n						</td>\r\n						<td class=\"content\" style=\"vertical-align:top !important;font-family:Consolas, \'Bitstream Vera Sans Mono\', \'Courier New\', Courier, monospace !important;font-size:10pt !important;\">\r\n							import&nbsp;java.net.URL;\r\n						</td>\r\n					</tr>\r\n				</tbody>\r\n			</table>\r\n		</div>\r\n		<div class=\"line alt1\" style=\"padding:0px !important;margin:0px !important;border:0px !important;vertical-align:baseline !important;font-size:10pt !important;\">\r\n			<table style=\"padding:0px !important;margin:0px !important;border:0px !important;height:auto !important;width:auto !important;font-size:10pt !important;\">\r\n				<tbody>\r\n					<tr>\r\n						<td class=\"number\" style=\"border:0px !important;vertical-align:top !important;font-family:Consolas, \'Bitstream Vera Sans Mono\', \'Courier New\', Courier, monospace !important;font-size:10pt !important;color:#AFAFAF !important;\">\r\n							09\r\n						</td>\r\n						<td class=\"content\" style=\"vertical-align:top !important;font-family:Consolas, \'Bitstream Vera Sans Mono\', \'Courier New\', Courier, monospace !important;font-size:10pt !important;\">\r\n							import&nbsp;java.rmi.RemoteException;\r\n						</td>\r\n					</tr>\r\n				</tbody>\r\n			</table>\r\n		</div>\r\n		<div class=\"line alt2\" style=\"padding:0px !important;margin:0px !important;border:0px !important;background-color:#F8F8F8 !important;vertical-align:baseline !important;font-size:10pt !important;\">\r\n			<table style=\"padding:0px !important;margin:0px !important;border:0px !important;height:auto !important;width:auto !important;font-size:10pt !important;\">\r\n				<tbody>\r\n					<tr>\r\n						<td class=\"number\" style=\"border:0px !important;vertical-align:top !important;font-family:Consolas, \'Bitstream Vera Sans Mono\', \'Courier New\', Courier, monospace !important;font-size:10pt !important;color:#AFAFAF !important;\">\r\n							10\r\n						</td>\r\n						<td class=\"content\" style=\"vertical-align:top !important;font-family:Consolas, \'Bitstream Vera Sans Mono\', \'Courier New\', Courier, monospace !important;font-size:10pt !important;\">\r\n							import&nbsp;java.rmi.server.RMIClientSocketFactory;\r\n						</td>\r\n					</tr>\r\n				</tbody>\r\n			</table>\r\n		</div>\r\n		<div class=\"line alt1\" style=\"padding:0px !important;margin:0px !important;border:0px !important;vertical-align:baseline !important;font-size:10pt !important;\">\r\n			<table style=\"padding:0px !important;margin:0px !important;border:0px !important;height:auto !important;width:auto !important;font-size:10pt !important;\">\r\n				<tbody>\r\n					<tr>\r\n						<td class=\"number\" style=\"border:0px !important;vertical-align:top !important;font-family:Consolas, \'Bitstream Vera Sans Mono\', \'Courier New\', Courier, monospace !important;font-size:10pt !important;color:#AFAFAF !important;\">\r\n							11\r\n						</td>\r\n						<td class=\"content\" style=\"vertical-align:top !important;font-family:Consolas, \'Bitstream Vera Sans Mono\', \'Courier New\', Courier, monospace !important;font-size:10pt !important;\">\r\n							import&nbsp;java.rmi.server.RMIServerSocketFactory;\r\n						</td>\r\n					</tr>\r\n				</tbody>\r\n			</table>\r\n		</div>\r\n		<div class=\"line alt2\" style=\"padding:0px !important;margin:0px !important;border:0px !important;background-color:#F8F8F8 !important;vertical-align:baseline !important;font-size:10pt !important;\">\r\n			<table style=\"padding:0px !important;margin:0px !important;border:0px !important;height:auto !important;width:auto !important;font-size:10pt !important;\">\r\n				<tbody>\r\n					<tr>\r\n						<td class=\"number\" style=\"border:0px !important;vertical-align:top !important;font-family:Consolas, \'Bitstream Vera Sans Mono\', \'Courier New\', Courier, monospace !important;font-size:10pt !important;color:#AFAFAF !important;\">\r\n							12\r\n						</td>\r\n						<td class=\"content\" style=\"vertical-align:top !important;font-family:Consolas, \'Bitstream Vera Sans Mono\', \'Courier New\', Courier, monospace !important;font-size:10pt !important;\">\r\n							import&nbsp;java.rmi.server.UnicastRemoteObject;\r\n						</td>\r\n					</tr>\r\n				</tbody>\r\n			</table>\r\n		</div>\r\n		<div class=\"line alt1\" style=\"padding:0px !important;margin:0px !important;border:0px !important;vertical-align:baseline !important;font-size:10pt !important;\">\r\n			<table style=\"padding:0px !important;margin:0px !important;border:0px !important;height:auto !important;width:auto !important;font-size:10pt !important;\">\r\n				<tbody>\r\n					<tr>\r\n						<td class=\"number\" style=\"border:0px !important;vertical-align:top !important;font-family:Consolas, \'Bitstream Vera Sans Mono\', \'Courier New\', Courier, monospace !important;font-size:10pt !important;color:#AFAFAF !important;\">\r\n							13\r\n						</td>\r\n						<td class=\"content\" style=\"vertical-align:top !important;font-family:Consolas, \'Bitstream Vera Sans Mono\', \'Courier New\', Courier, monospace !important;font-size:10pt !important;\">\r\n							&nbsp;\r\n						</td>\r\n					</tr>\r\n				</tbody>\r\n			</table>\r\n		</div>\r\n		<div class=\"line alt2\" style=\"padding:0px !important;margin:0px !important;border:0px !important;background-color:#F8F8F8 !important;vertical-align:baseline !important;font-size:10pt !important;\">\r\n			<table style=\"padding:0px !important;margin:0px !important;border:0px !important;height:auto !important;width:auto !important;font-size:10pt !important;\">\r\n				<tbody>\r\n					<tr>\r\n						<td class=\"number\" style=\"border:0px !important;vertical-align:top !important;font-family:Consolas, \'Bitstream Vera Sans Mono\', \'Courier New\', Courier, monospace !important;font-size:10pt !important;color:#AFAFAF !important;\">\r\n							14\r\n						</td>\r\n						<td class=\"content\" style=\"vertical-align:top !important;font-family:Consolas, \'Bitstream Vera Sans Mono\', \'Courier New\', Courier, monospace !important;font-size:10pt !important;\">\r\n							public&nbsp;class&nbsp;FileDataService_imp&nbsp;extends&nbsp;UnicastRemoteObject&nbsp;implements&nbsp;FileDataService{\r\n						</td>\r\n					</tr>\r\n				</tbody>\r\n			</table>\r\n		</div>\r\n		<div class=\"line alt1\" style=\"padding:0px !important;margin:0px !important;border:0px !important;vertical-align:baseline !important;font-size:10pt !important;\">\r\n			<table style=\"padding:0px !important;margin:0px !important;border:0px !important;height:auto !important;width:auto !important;font-size:10pt !important;\">\r\n				<tbody>\r\n					<tr>\r\n						<td class=\"number\" style=\"border:0px !important;vertical-align:top !important;font-family:Consolas, \'Bitstream Vera Sans Mono\', \'Courier New\', Courier, monospace !important;font-size:10pt !important;color:#AFAFAF !important;\">\r\n							15\r\n						</td>\r\n						<td class=\"content\" style=\"vertical-align:top !important;font-family:Consolas, \'Bitstream Vera Sans Mono\', \'Courier New\', Courier, monospace !important;font-size:10pt !important;\">\r\n							&nbsp;\r\n						</td>\r\n					</tr>\r\n				</tbody>\r\n			</table>\r\n		</div>\r\n		<div class=\"line alt2\" style=\"padding:0px !important;margin:0px !important;border:0px !important;background-color:#F8F8F8 !important;vertical-align:baseline !important;font-size:10pt !important;\">\r\n			<table style=\"padding:0px !important;margin:0px !important;border:0px !important;height:auto !important;width:auto !important;font-size:10pt !important;\">\r\n				<tbody>\r\n					<tr>\r\n						<td class=\"number\" style=\"border:0px !important;vertical-align:top !important;font-family:Consolas, \'Bitstream Vera Sans Mono\', \'Courier New\', Courier, monospace !important;font-size:10pt !important;color:#AFAFAF !important;\">\r\n							16\r\n						</td>\r\n						<td class=\"content\" style=\"vertical-align:top !important;font-family:Consolas, \'Bitstream Vera Sans Mono\', \'Courier New\', Courier, monospace !important;font-size:10pt !important;\">\r\n							&nbsp;&nbsp;&nbsp;&nbsp;public&nbsp;FileDataService_imp()&nbsp;throws&nbsp;RemoteException {\r\n						</td>\r\n					</tr>\r\n				</tbody>\r\n			</table>\r\n		</div>\r\n		<div class=\"line alt1\" style=\"padding:0px !important;margin:0px !important;border:0px !important;vertical-align:baseline !important;font-size:10pt !important;\">\r\n			<table style=\"padding:0px !important;margin:0px !important;border:0px !important;height:auto !important;width:auto !important;font-size:10pt !important;\">\r\n				<tbody>\r\n					<tr>\r\n						<td class=\"number\" style=\"border:0px !important;vertical-align:top !important;font-family:Consolas, \'Bitstream Vera Sans Mono\', \'Courier New\', Courier, monospace !important;font-size:10pt !important;color:#AFAFAF !important;\">\r\n							17\r\n						</td>\r\n						<td class=\"content\" style=\"vertical-align:top !important;font-family:Consolas, \'Bitstream Vera Sans Mono\', \'Courier New\', Courier, monospace !important;font-size:10pt !important;\">\r\n							&nbsp;\r\n						</td>\r\n					</tr>\r\n				</tbody>\r\n			</table>\r\n		</div>\r\n		<div class=\"line alt2\" style=\"padding:0px !important;margin:0px !important;border:0px !important;background-color:#F8F8F8 !important;vertical-align:baseline !important;font-size:10pt !important;\">\r\n			<table style=\"padding:0px !important;margin:0px !important;border:0px !important;height:auto !important;width:auto !important;font-size:10pt !important;\">\r\n				<tbody>\r\n					<tr>\r\n						<td class=\"number\" style=\"border:0px !important;vertical-align:top !important;font-family:Consolas, \'Bitstream Vera Sans Mono\', \'Courier New\', Courier, monospace !important;font-size:10pt !important;color:#AFAFAF !important;\">\r\n							18\r\n						</td>\r\n						<td class=\"content\" style=\"vertical-align:top !important;font-family:Consolas, \'Bitstream Vera Sans Mono\', \'Courier New\', Courier, monospace !important;font-size:10pt !important;\">\r\n							&nbsp;&nbsp;&nbsp;&nbsp;}\r\n						</td>\r\n					</tr>\r\n				</tbody>\r\n			</table>\r\n		</div>\r\n		<div class=\"line alt1\" style=\"padding:0px !important;margin:0px !important;border:0px !important;vertical-align:baseline !important;font-size:10pt !important;\">\r\n			<table style=\"padding:0px !important;margin:0px !important;border:0px !important;height:auto !important;width:auto !important;font-size:10pt !important;\">\r\n				<tbody>\r\n					<tr>\r\n						<td class=\"number\" style=\"border:0px !important;vertical-align:top !important;font-family:Consolas, \'Bitstream Vera Sans Mono\', \'Courier New\', Courier, monospace !important;font-size:10pt !important;color:#AFAFAF !important;\">\r\n							19\r\n						</td>\r\n						<td class=\"content\" style=\"vertical-align:top !important;font-family:Consolas, \'Bitstream Vera Sans Mono\', \'Courier New\', Courier, monospace !important;font-size:10pt !important;\">\r\n							&nbsp;\r\n						</td>\r\n					</tr>\r\n				</tbody>\r\n			</table>\r\n		</div>\r\n		<div class=\"line alt2\" style=\"padding:0px !important;margin:0px !important;border:0px !important;background-color:#F8F8F8 !important;vertical-align:baseline !important;font-size:10pt !important;\">\r\n			<table style=\"padding:0px !important;margin:0px !important;border:0px !important;height:auto !important;width:auto !important;font-size:10pt !important;\">\r\n				<tbody>\r\n					<tr>\r\n						<td class=\"number\" style=\"border:0px !important;vertical-align:top !important;font-family:Consolas, \'Bitstream Vera Sans Mono\', \'Courier New\', Courier, monospace !important;font-size:10pt !important;color:#AFAFAF !important;\">\r\n							20\r\n						</td>\r\n						<td class=\"content\" style=\"vertical-align:top !important;font-family:Consolas, \'Bitstream Vera Sans Mono\', \'Courier New\', Courier, monospace !important;font-size:10pt !important;\">\r\n							&nbsp;&nbsp;&nbsp;&nbsp;@Override\r\n						</td>\r\n					</tr>\r\n				</tbody>\r\n			</table>\r\n		</div>\r\n		<div class=\"line alt1\" style=\"padding:0px !important;margin:0px !important;border:0px !important;vertical-align:baseline !important;font-size:10pt !important;\">\r\n			<table style=\"padding:0px !important;margin:0px !important;border:0px !important;height:auto !important;width:auto !important;font-size:10pt !important;\">\r\n				<tbody>\r\n					<tr>\r\n						<td class=\"number\" style=\"border:0px !important;vertical-align:top !important;font-family:Consolas, \'Bitstream Vera Sans Mono\', \'Courier New\', Courier, monospace !important;font-size:10pt !important;color:#AFAFAF !important;\">\r\n							21\r\n						</td>\r\n						<td class=\"content\" style=\"vertical-align:top !important;font-family:Consolas, \'Bitstream Vera Sans Mono\', \'Courier New\', Courier, monospace !important;font-size:10pt !important;\">\r\n							&nbsp;&nbsp;&nbsp;&nbsp;public&nbsp;void&nbsp;upload(String filename,&nbsp;byte[] fileContent)&nbsp;throws&nbsp;RemoteException{\r\n						</td>\r\n					</tr>\r\n				</tbody>\r\n			</table>\r\n		</div>\r\n		<div class=\"line alt2\" style=\"padding:0px !important;margin:0px !important;border:0px !important;background-color:#F8F8F8 !important;vertical-align:baseline !important;font-size:10pt !important;\">\r\n			<table style=\"padding:0px !important;margin:0px !important;border:0px !important;height:auto !important;width:auto !important;font-size:10pt !important;\">\r\n				<tbody>\r\n					<tr>\r\n						<td class=\"number\" style=\"border:0px !important;vertical-align:top !important;font-family:Consolas, \'Bitstream Vera Sans Mono\', \'Courier New\', Courier, monospace !important;font-size:10pt !important;color:#AFAFAF !important;\">\r\n							22\r\n						</td>\r\n						<td class=\"content\" style=\"vertical-align:top !important;font-family:Consolas, \'Bitstream Vera Sans Mono\', \'Courier New\', Courier, monospace !important;font-size:10pt !important;\">\r\n							&nbsp;&nbsp;&nbsp;&nbsp;&nbsp;&nbsp;&nbsp;&nbsp;File file =&nbsp;new&nbsp;File(filename);\r\n						</td>\r\n					</tr>\r\n				</tbody>\r\n			</table>\r\n		</div>\r\n		<div class=\"line alt1\" style=\"padding:0px !important;margin:0px !important;border:0px !important;vertical-align:baseline !important;font-size:10pt !important;\">\r\n			<table style=\"padding:0px !important;margin:0px !important;border:0px !important;height:auto !important;width:auto !important;font-size:10pt !important;\">\r\n				<tbody>\r\n					<tr>\r\n						<td class=\"number\" style=\"border:0px !important;vertical-align:top !important;font-family:Consolas, \'Bitstream Vera Sans Mono\', \'Courier New\', Courier, monospace !important;font-size:10pt !important;color:#AFAFAF !important;\">\r\n							23\r\n						</td>\r\n						<td class=\"content\" style=\"vertical-align:top !important;font-family:Consolas, \'Bitstream Vera Sans Mono\', \'Courier New\', Courier, monospace !important;font-size:10pt !important;\">\r\n							&nbsp;&nbsp;&nbsp;&nbsp;&nbsp;&nbsp;&nbsp;&nbsp;try&nbsp;{\r\n						</td>\r\n					</tr>\r\n				</tbody>\r\n			</table>\r\n		</div>\r\n		<div class=\"line alt2\" style=\"padding:0px !important;margin:0px !important;border:0px !important;background-color:#F8F8F8 !important;vertical-align:baseline !important;font-size:10pt !important;\">\r\n			<table style=\"padding:0px !important;margin:0px !important;border:0px !important;height:auto !important;width:auto !important;font-size:10pt !important;\">\r\n				<tbody>\r\n					<tr>\r\n						<td class=\"number\" style=\"border:0px !important;vertical-align:top !important;font-family:Consolas, \'Bitstream Vera Sans Mono\', \'Courier New\', Courier, monospace !important;font-size:10pt !important;color:#AFAFAF !important;\">\r\n							24\r\n						</td>\r\n						<td class=\"content\" style=\"vertical-align:top !important;font-family:Consolas, \'Bitstream Vera Sans Mono\', \'Courier New\', Courier, monospace !important;font-size:10pt !important;\">\r\n							&nbsp;&nbsp;&nbsp;&nbsp;&nbsp;&nbsp;&nbsp;&nbsp;&nbsp;&nbsp;&nbsp;&nbsp;if&nbsp;(!file.exists())\r\n						</td>\r\n					</tr>\r\n				</tbody>\r\n			</table>\r\n		</div>\r\n		<div class=\"line alt1\" style=\"padding:0px !important;margin:0px !important;border:0px !important;vertical-align:baseline !important;font-size:10pt !important;\">\r\n			<table style=\"padding:0px !important;margin:0px !important;border:0px !important;height:auto !important;width:auto !important;font-size:10pt !important;\">\r\n				<tbody>\r\n					<tr>\r\n						<td class=\"number\" style=\"border:0px !important;vertical-align:top !important;font-family:Consolas, \'Bitstream Vera Sans Mono\', \'Courier New\', Courier, monospace !important;font-size:10pt !important;color:#AFAFAF !important;\">\r\n							25\r\n						</td>\r\n						<td class=\"content\" style=\"vertical-align:top !important;font-family:Consolas, \'Bitstream Vera Sans Mono\', \'Courier New\', Courier, monospace !important;font-size:10pt !important;\">\r\n							&nbsp;&nbsp;&nbsp;&nbsp;&nbsp;&nbsp;&nbsp;&nbsp;&nbsp;&nbsp;&nbsp;&nbsp;&nbsp;&nbsp;&nbsp;&nbsp;file.createNewFile();\r\n						</td>\r\n					</tr>\r\n				</tbody>\r\n			</table>\r\n		</div>\r\n		<div class=\"line alt2\" style=\"padding:0px !important;margin:0px !important;border:0px !important;background-color:#F8F8F8 !important;vertical-align:baseline !important;font-size:10pt !important;\">\r\n			<table style=\"padding:0px !important;margin:0px !important;border:0px !important;height:auto !important;width:auto !important;font-size:10pt !important;\">\r\n				<tbody>\r\n					<tr>\r\n						<td class=\"number\" style=\"border:0px !important;vertical-align:top !important;font-family:Consolas, \'Bitstream Vera Sans Mono\', \'Courier New\', Courier, monospace !important;font-size:10pt !important;color:#AFAFAF !important;\">\r\n							26\r\n						</td>\r\n						<td class=\"content\" style=\"vertical-align:top !important;font-family:Consolas, \'Bitstream Vera Sans Mono\', \'Courier New\', Courier, monospace !important;font-size:10pt !important;\">\r\n							&nbsp;&nbsp;&nbsp;&nbsp;&nbsp;&nbsp;&nbsp;&nbsp;&nbsp;&nbsp;&nbsp;&nbsp;BufferedOutputStream os =&nbsp;new&nbsp;BufferedOutputStream(new&nbsp;FileOutputStream(file));\r\n						</td>\r\n					</tr>\r\n				</tbody>\r\n			</table>\r\n		</div>\r\n		<div class=\"line alt1\" style=\"padding:0px !important;margin:0px !important;border:0px !important;vertical-align:baseline !important;font-size:10pt !important;\">\r\n			<table style=\"padding:0px !important;margin:0px !important;border:0px !important;height:auto !important;width:auto !important;font-size:10pt !important;\">\r\n				<tbody>\r\n					<tr>\r\n						<td class=\"number\" style=\"border:0px !important;vertical-align:top !important;font-family:Consolas, \'Bitstream Vera Sans Mono\', \'Courier New\', Courier, monospace !important;font-size:10pt !important;color:#AFAFAF !important;\">\r\n							27\r\n						</td>\r\n						<td class=\"content\" style=\"vertical-align:top !important;font-family:Consolas, \'Bitstream Vera Sans Mono\', \'Courier New\', Courier, monospace !important;font-size:10pt !important;\">\r\n							&nbsp;&nbsp;&nbsp;&nbsp;&nbsp;&nbsp;&nbsp;&nbsp;&nbsp;&nbsp;&nbsp;&nbsp;os.write(fileContent);\r\n						</td>\r\n					</tr>\r\n				</tbody>\r\n			</table>\r\n		</div>\r\n		<div class=\"line alt2\" style=\"padding:0px !important;margin:0px !important;border:0px !important;background-color:#F8F8F8 !important;vertical-align:baseline !important;font-size:10pt !important;\">\r\n			<table style=\"padding:0px !important;margin:0px !important;border:0px !important;height:auto !important;width:auto !important;font-size:10pt !important;\">\r\n				<tbody>\r\n					<tr>\r\n						<td class=\"number\" style=\"border:0px !important;vertical-align:top !important;font-family:Consolas, \'Bitstream Vera Sans Mono\', \'Courier New\', Courier, monospace !important;font-size:10pt !important;color:#AFAFAF !important;\">\r\n							28\r\n						</td>\r\n						<td class=\"content\" style=\"vertical-align:top !important;font-family:Consolas, \'Bitstream Vera Sans Mono\', \'Courier New\', Courier, monospace !important;font-size:10pt !important;\">\r\n							&nbsp;&nbsp;&nbsp;&nbsp;&nbsp;&nbsp;&nbsp;&nbsp;}&nbsp;catch&nbsp;(FileNotFoundException e) {\r\n						</td>\r\n					</tr>\r\n				</tbody>\r\n			</table>\r\n		</div>\r\n		<div class=\"line alt1\" style=\"padding:0px !important;margin:0px !important;border:0px !important;vertical-align:baseline !important;font-size:10pt !important;\">\r\n			<table style=\"padding:0px !important;margin:0px !important;border:0px !important;height:auto !important;width:auto !important;font-size:10pt !important;\">\r\n				<tbody>\r\n					<tr>\r\n						<td class=\"number\" style=\"border:0px !important;vertical-align:top !important;font-family:Consolas, \'Bitstream Vera Sans Mono\', \'Courier New\', Courier, monospace !important;font-size:10pt !important;color:#AFAFAF !important;\">\r\n							29\r\n						</td>\r\n						<td class=\"content\" style=\"vertical-align:top !important;font-family:Consolas, \'Bitstream Vera Sans Mono\', \'Courier New\', Courier, monospace !important;font-size:10pt !important;\">\r\n							&nbsp;&nbsp;&nbsp;&nbsp;&nbsp;&nbsp;&nbsp;&nbsp;&nbsp;&nbsp;&nbsp;&nbsp;// TODO Auto-generated catch block\r\n						</td>\r\n					</tr>\r\n				</tbody>\r\n			</table>\r\n		</div>\r\n		<div class=\"line alt2\" style=\"padding:0px !important;margin:0px !important;border:0px !important;background-color:#F8F8F8 !important;vertical-align:baseline !important;font-size:10pt !important;\">\r\n			<table style=\"padding:0px !important;margin:0px !important;border:0px !important;height:auto !important;width:auto !important;font-size:10pt !important;\">\r\n				<tbody>\r\n					<tr>\r\n						<td class=\"number\" style=\"border:0px !important;vertical-align:top !important;font-family:Consolas, \'Bitstream Vera Sans Mono\', \'Courier New\', Courier, monospace !important;font-size:10pt !important;color:#AFAFAF !important;\">\r\n							30\r\n						</td>\r\n						<td class=\"content\" style=\"vertical-align:top !important;font-family:Consolas, \'Bitstream Vera Sans Mono\', \'Courier New\', Courier, monospace !important;font-size:10pt !important;\">\r\n							&nbsp;&nbsp;&nbsp;&nbsp;&nbsp;&nbsp;&nbsp;&nbsp;&nbsp;&nbsp;&nbsp;&nbsp;e.printStackTrace();\r\n						</td>\r\n					</tr>\r\n				</tbody>\r\n			</table>\r\n		</div>\r\n		<div class=\"line alt1\" style=\"padding:0px !important;margin:0px !important;border:0px !important;vertical-align:baseline !important;font-size:10pt !important;\">\r\n			<table style=\"padding:0px !important;margin:0px !important;border:0px !important;height:auto !important;width:auto !important;font-size:10pt !important;\">\r\n				<tbody>\r\n					<tr>\r\n						<td class=\"number\" style=\"border:0px !important;vertical-align:top !important;font-family:Consolas, \'Bitstream Vera Sans Mono\', \'Courier New\', Courier, monospace !important;font-size:10pt !important;color:#AFAFAF !important;\">\r\n							31\r\n						</td>\r\n						<td class=\"content\" style=\"vertical-align:top !important;font-family:Consolas, \'Bitstream Vera Sans Mono\', \'Courier New\', Courier, monospace !important;font-size:10pt !important;\">\r\n							&nbsp;&nbsp;&nbsp;&nbsp;&nbsp;&nbsp;&nbsp;&nbsp;}&nbsp;catch&nbsp;(IOException e) {\r\n						</td>\r\n					</tr>\r\n				</tbody>\r\n			</table>\r\n		</div>\r\n		<div class=\"line alt2\" style=\"padding:0px !important;margin:0px !important;border:0px !important;background-color:#F8F8F8 !important;vertical-align:baseline !important;font-size:10pt !important;\">\r\n			<table style=\"padding:0px !important;margin:0px !important;border:0px !important;height:auto !important;width:auto !important;font-size:10pt !important;\">\r\n				<tbody>\r\n					<tr>\r\n						<td class=\"number\" style=\"border:0px !important;vertical-align:top !important;font-family:Consolas, \'Bitstream Vera Sans Mono\', \'Courier New\', Courier, monospace !important;font-size:10pt !important;color:#AFAFAF !important;\">\r\n							32\r\n						</td>\r\n						<td class=\"content\" style=\"vertical-align:top !important;font-family:Consolas, \'Bitstream Vera Sans Mono\', \'Courier New\', Courier, monospace !important;font-size:10pt !important;\">\r\n							&nbsp;&nbsp;&nbsp;&nbsp;&nbsp;&nbsp;&nbsp;&nbsp;&nbsp;&nbsp;&nbsp;&nbsp;// TODO Auto-generated catch block\r\n						</td>\r\n					</tr>\r\n				</tbody>\r\n			</table>\r\n		</div>\r\n		<div class=\"line alt1\" style=\"padding:0px !important;margin:0px !important;border:0px !important;vertical-align:baseline !important;font-size:10pt !important;\">\r\n			<table style=\"padding:0px !important;margin:0px !important;border:0px !important;height:auto !important;width:auto !important;font-size:10pt !important;\">\r\n				<tbody>\r\n					<tr>\r\n						<td class=\"number\" style=\"border:0px !important;vertical-align:top !important;font-family:Consolas, \'Bitstream Vera Sans Mono\', \'Courier New\', Courier, monospace !important;font-size:10pt !important;color:#AFAFAF !important;\">\r\n							33\r\n						</td>\r\n						<td class=\"content\" style=\"vertical-align:top !important;font-family:Consolas, \'Bitstream Vera Sans Mono\', \'Courier New\', Courier, monospace !important;font-size:10pt !important;\">\r\n							&nbsp;&nbsp;&nbsp;&nbsp;&nbsp;&nbsp;&nbsp;&nbsp;&nbsp;&nbsp;&nbsp;&nbsp;e.printStackTrace();\r\n						</td>\r\n					</tr>\r\n				</tbody>\r\n			</table>\r\n		</div>\r\n		<div class=\"line alt2\" style=\"padding:0px !important;margin:0px !important;border:0px !important;background-color:#F8F8F8 !important;vertical-align:baseline !important;font-size:10pt !important;\">\r\n			<table style=\"padding:0px !important;margin:0px !important;border:0px !important;height:auto !important;width:auto !important;font-size:10pt !important;\">\r\n				<tbody>\r\n					<tr>\r\n						<td class=\"number\" style=\"border:0px !important;vertical-align:top !important;font-family:Consolas, \'Bitstream Vera Sans Mono\', \'Courier New\', Courier, monospace !important;font-size:10pt !important;color:#AFAFAF !important;\">\r\n							34\r\n						</td>\r\n						<td class=\"content\" style=\"vertical-align:top !important;font-family:Consolas, \'Bitstream Vera Sans Mono\', \'Courier New\', Courier, monospace !important;font-size:10pt !important;\">\r\n							&nbsp;&nbsp;&nbsp;&nbsp;&nbsp;&nbsp;&nbsp;&nbsp;}\r\n						</td>\r\n					</tr>\r\n				</tbody>\r\n			</table>\r\n		</div>\r\n		<div class=\"line alt1\" style=\"padding:0px !important;margin:0px !important;border:0px !important;vertical-align:baseline !important;font-size:10pt !important;\">\r\n			<table style=\"padding:0px !important;margin:0px !important;border:0px !important;height:auto !important;width:auto !important;font-size:10pt !important;\">\r\n				<tbody>\r\n					<tr>\r\n						<td class=\"number\" style=\"border:0px !important;vertical-align:top !important;font-family:Consolas, \'Bitstream Vera Sans Mono\', \'Courier New\', Courier, monospace !important;font-size:10pt !important;color:#AFAFAF !important;\">\r\n							35\r\n						</td>\r\n						<td class=\"content\" style=\"vertical-align:top !important;font-family:Consolas, \'Bitstream Vera Sans Mono\', \'Courier New\', Courier, monospace !important;font-size:10pt !important;\">\r\n							&nbsp;\r\n						</td>\r\n					</tr>\r\n				</tbody>\r\n			</table>\r\n		</div>\r\n		<div class=\"line alt2\" style=\"padding:0px !important;margin:0px !important;border:0px !important;background-color:#F8F8F8 !important;vertical-align:baseline !important;font-size:10pt !important;\">\r\n			<table style=\"padding:0px !important;margin:0px !important;border:0px !important;height:auto !important;width:auto !important;font-size:10pt !important;\">\r\n				<tbody>\r\n					<tr>\r\n						<td class=\"number\" style=\"border:0px !important;vertical-align:top !important;font-family:Consolas, \'Bitstream Vera Sans Mono\', \'Courier New\', Courier, monospace !important;font-size:10pt !important;color:#AFAFAF !important;\">\r\n							36\r\n						</td>\r\n						<td class=\"content\" style=\"vertical-align:top !important;font-family:Consolas, \'Bitstream Vera Sans Mono\', \'Courier New\', Courier, monospace !important;font-size:10pt !important;\">\r\n							;&nbsp;&nbsp; }\r\n						</td>\r\n					</tr>\r\n				</tbody>\r\n			</table>\r\n		</div>\r\n		<div class=\"line alt1\" style=\"padding:0px !important;margin:0px !important;border:0px !important;vertical-align:baseline !important;font-size:10pt !important;\">\r\n			<table style=\"padding:0px !important;margin:0px !important;border:0px !important;height:auto !important;width:auto !important;font-size:10pt !important;\">\r\n				<tbody>\r\n					<tr>\r\n						<td class=\"number\" style=\"border:0px !important;vertical-align:top !important;font-family:Consolas, \'Bitstream Vera Sans Mono\', \'Courier New\', Courier, monospace !important;font-size:10pt !important;color:#AFAFAF !important;\">\r\n							37\r\n						</td>\r\n						<td class=\"content\" style=\"vertical-align:top !important;font-family:Consolas, \'Bitstream Vera Sans Mono\', \'Courier New\', Courier, monospace !important;font-size:10pt !important;\">\r\n							&nbsp;\r\n						</td>\r\n					</tr>\r\n				</tbody>\r\n			</table>\r\n		</div>\r\n		<div class=\"line alt2\" style=\"padding:0px !important;margin:0px !important;border:0px !important;background-color:#F8F8F8 !important;vertical-align:baseline !important;font-size:10pt !important;\">\r\n			<table style=\"padding:0px !important;margin:0px !important;border:0px !important;height:auto !important;width:auto !important;font-size:10pt !important;\">\r\n				<tbody>\r\n					<tr>\r\n						<td class=\"number\" style=\"border:0px !important;vertical-align:top !important;font-family:Consolas, \'Bitstream Vera Sans Mono\', \'Courier New\', Courier, monospace !important;font-size:10pt !important;color:#AFAFAF !important;\">\r\n							38\r\n						</td>\r\n						<td class=\"content\" style=\"vertical-align:top !important;font-family:Consolas, \'Bitstream Vera Sans Mono\', \'Courier New\', Courier, monospace !important;font-size:10pt !important;\">\r\n							}\r\n						</td>\r\n					</tr>\r\n				</tbody>\r\n			</table>\r\n		</div>\r\n	</div>\r\n</div>\r\n<p style=\"font-family:微软雅黑, Verdana, sans-serif, 宋体;font-size:14px;background-color:#FFFFFF;\">\r\n	FileServer\r\n</p>\r\n<div id=\"highlighter_483885\" class=\"syntaxhighlighter  \" style=\"padding:1px !important;margin:1em 0px !important;border:0px !important;background-color:#FFFFFF !important;vertical-align:baseline !important;font-family:Consolas, \'Bitstream Vera Sans Mono\', \'Courier New\', Courier, monospace !important;font-size:10pt !important;\">\r\n	<div class=\"bar                      show\" style=\"padding:0px !important;margin:0px !important;border:0px !important;vertical-align:baseline !important;font-size:10pt !important;\">\r\n		<div class=\"toolbar\" style=\"padding:8px 8px 8px 0px !important;margin:0px !important;border:1px solid #E7E5DC !important;background-color:#F8F8F8 !important;vertical-align:baseline !important;font-size:1px !important;\">\r\n			<a href=\"http://my.oschina.net/wangxuanyihaha/blog/133894#viewSource\" class=\"item viewSource\">view source</a>\r\n			<div class=\"item copyToClipboard\" style=\"padding:0px !important;margin:0px 0px 0px 8px !important;border:0px !important;vertical-align:baseline !important;font-size:10pt !important;\">\r\n				<embed width=\"16\" height=\"16\" id=\"highlighter_483885_clipboard\" type=\"application/x-shockwave-flash\" allowscriptaccess=\"always\" src=\"http://my.oschina.net/js/syntax-highlighter-2.1.382/scripts/clipboard.swf\" />\r\n			</div>\r\n<a href=\"http://my.oschina.net/wangxuanyihaha/blog/133894#printSource\" class=\"item printSource\">print</a><a href=\"http://my.oschina.net/wangxuanyihaha/blog/133894#about\" class=\"item about\">?</a>\r\n		</div>\r\n	</div>\r\n	<div class=\"lines\" style=\"padding:0px !important;margin:0px !important;border:0px !important;vertical-align:baseline !important;font-size:10pt !important;\">\r\n		<div class=\"line alt1\" style=\"padding:0px !important;margin:0px !important;border:0px !important;vertical-align:baseline !important;font-size:10pt !important;\">\r\n			<table style=\"padding:0px !important;margin:0px !important;border:0px !important;height:auto !important;width:auto !important;font-size:10pt !important;\">\r\n				<tbody>\r\n					<tr>\r\n						<td class=\"number\" style=\"border:0px !important;vertical-align:top !important;font-family:Consolas, \'Bitstream Vera Sans Mono\', \'Courier New\', Courier, monospace !important;font-size:10pt !important;color:#AFAFAF !important;\">\r\n							01\r\n						</td>\r\n						<td class=\"content\" style=\"vertical-align:top !important;font-family:Consolas, \'Bitstream Vera Sans Mono\', \'Courier New\', Courier, monospace !important;font-size:10pt !important;\">\r\n							package&nbsp;rmiupload;\r\n						</td>\r\n					</tr>\r\n				</tbody>\r\n			</table>\r\n		</div>\r\n		<div class=\"line alt2\" style=\"padding:0px !important;margin:0px !important;border:0px !important;background-color:#F8F8F8 !important;vertical-align:baseline !important;font-size:10pt !important;\">\r\n			<table style=\"padding:0px !important;margin:0px !important;border:0px !important;height:auto !important;width:auto !important;font-size:10pt !important;\">\r\n				<tbody>\r\n					<tr>\r\n						<td class=\"number\" style=\"border:0px !important;vertical-align:top !important;font-family:Consolas, \'Bitstream Vera Sans Mono\', \'Courier New\', Courier, monospace !important;font-size:10pt !important;color:#AFAFAF !important;\">\r\n							02\r\n						</td>\r\n						<td class=\"content\" style=\"vertical-align:top !important;font-family:Consolas, \'Bitstream Vera Sans Mono\', \'Courier New\', Courier, monospace !important;font-size:10pt !important;\">\r\n							&nbsp;\r\n						</td>\r\n					</tr>\r\n				</tbody>\r\n			</table>\r\n		</div>\r\n		<div class=\"line alt1\" style=\"padding:0px !important;margin:0px !important;border:0px !important;vertical-align:baseline !important;font-size:10pt !important;\">\r\n			<table style=\"padding:0px !important;margin:0px !important;border:0px !important;height:auto !important;width:auto !important;font-size:10pt !important;\">\r\n				<tbody>\r\n					<tr>\r\n						<td class=\"number\" style=\"border:0px !important;vertical-align:top !important;font-family:Consolas, \'Bitstream Vera Sans Mono\', \'Courier New\', Courier, monospace !important;font-size:10pt !important;color:#AFAFAF !important;\">\r\n							03\r\n						</td>\r\n						<td class=\"content\" style=\"vertical-align:top !important;font-family:Consolas, \'Bitstream Vera Sans Mono\', \'Courier New\', Courier, monospace !important;font-size:10pt !important;\">\r\n							import&nbsp;java.net.MalformedURLException;\r\n						</td>\r\n					</tr>\r\n				</tbody>\r\n			</table>\r\n		</div>\r\n		<div class=\"line alt2\" style=\"padding:0px !important;margin:0px !important;border:0px !important;background-color:#F8F8F8 !important;vertical-align:baseline !important;font-size:10pt !important;\">\r\n			<table style=\"padding:0px !important;margin:0px !important;border:0px !important;height:auto !important;width:auto !important;font-size:10pt !important;\">\r\n				<tbody>\r\n					<tr>\r\n						<td class=\"number\" style=\"border:0px !important;vertical-align:top !important;font-family:Consolas, \'Bitstream Vera Sans Mono\', \'Courier New\', Courier, monospace !important;font-size:10pt !important;color:#AFAFAF !important;\">\r\n							04\r\n						</td>\r\n						<td class=\"content\" style=\"vertical-align:top !important;font-family:Consolas, \'Bitstream Vera Sans Mono\', \'Courier New\', Courier, monospace !important;font-size:10pt !important;\">\r\n							import&nbsp;java.rmi.Naming;\r\n						</td>\r\n					</tr>\r\n				</tbody>\r\n			</table>\r\n		</div>\r\n		<div class=\"line alt1\" style=\"padding:0px !important;margin:0px !important;border:0px !important;vertical-align:baseline !important;font-size:10pt !important;\">\r\n			<table style=\"padding:0px !important;margin:0px !important;border:0px !important;height:auto !important;width:auto !important;font-size:10pt !important;\">\r\n				<tbody>\r\n					<tr>\r\n						<td class=\"number\" style=\"border:0px !important;vertical-align:top !important;font-family:Consolas, \'Bitstream Vera Sans Mono\', \'Courier New\', Courier, monospace !important;font-size:10pt !important;color:#AFAFAF !important;\">\r\n							05\r\n						</td>\r\n						<td class=\"content\" style=\"vertical-align:top !important;font-family:Consolas, \'Bitstream Vera Sans Mono\', \'Courier New\', Courier, monospace !important;font-size:10pt !important;\">\r\n							import&nbsp;java.rmi.RemoteException;\r\n						</td>\r\n					</tr>\r\n				</tbody>\r\n			</table>\r\n		</div>\r\n		<div class=\"line alt2\" style=\"padding:0px !important;margin:0px !important;border:0px !important;background-color:#F8F8F8 !important;vertical-align:baseline !important;font-size:10pt !important;\">\r\n			<table style=\"padding:0px !important;margin:0px !important;border:0px !important;height:auto !important;width:auto !important;font-size:10pt !important;\">\r\n				<tbody>\r\n					<tr>\r\n						<td class=\"number\" style=\"border:0px !important;vertical-align:top !important;font-family:Consolas, \'Bitstream Vera Sans Mono\', \'Courier New\', Courier, monospace !important;font-size:10pt !important;color:#AFAFAF !important;\">\r\n							06\r\n						</td>\r\n						<td class=\"content\" style=\"vertical-align:top !important;font-family:Consolas, \'Bitstream Vera Sans Mono\', \'Courier New\', Courier, monospace !important;font-size:10pt !important;\">\r\n							import&nbsp;java.rmi.registry.LocateRegistry;\r\n						</td>\r\n					</tr>\r\n				</tbody>\r\n			</table>\r\n		</div>\r\n		<div class=\"line alt1\" style=\"padding:0px !important;margin:0px !important;border:0px !important;vertical-align:baseline !important;font-size:10pt !important;\">\r\n			<table style=\"padding:0px !important;margin:0px !important;border:0px !important;height:auto !important;width:auto !important;font-size:10pt !important;\">\r\n				<tbody>\r\n					<tr>\r\n						<td class=\"number\" style=\"border:0px !important;vertical-align:top !important;font-family:Consolas, \'Bitstream Vera Sans Mono\', \'Courier New\', Courier, monospace !important;font-size:10pt !important;color:#AFAFAF !important;\">\r\n							07\r\n						</td>\r\n						<td class=\"content\" style=\"vertical-align:top !important;font-family:Consolas, \'Bitstream Vera Sans Mono\', \'Courier New\', Courier, monospace !important;font-size:10pt !important;\">\r\n							&nbsp;\r\n						</td>\r\n					</tr>\r\n				</tbody>\r\n			</table>\r\n		</div>\r\n		<div class=\"line alt2\" style=\"padding:0px !important;margin:0px !important;border:0px !important;background-color:#F8F8F8 !important;vertical-align:baseline !important;font-size:10pt !important;\">\r\n			<table style=\"padding:0px !important;margin:0px !important;border:0px !important;height:auto !important;width:auto !important;font-size:10pt !important;\">\r\n				<tbody>\r\n					<tr>\r\n						<td class=\"number\" style=\"border:0px !important;vertical-align:top !important;font-family:Consolas, \'Bitstream Vera Sans Mono\', \'Courier New\', Courier, monospace !important;font-size:10pt !important;color:#AFAFAF !important;\">\r\n							08\r\n						</td>\r\n						<td class=\"content\" style=\"vertical-align:top !important;font-family:Consolas, \'Bitstream Vera Sans Mono\', \'Courier New\', Courier, monospace !important;font-size:10pt !important;\">\r\n							public&nbsp;class&nbsp;FileServer {\r\n						</td>\r\n					</tr>\r\n				</tbody>\r\n			</table>\r\n		</div>\r\n		<div class=\"line alt1\" style=\"padding:0px !important;margin:0px !important;border:0px !important;vertical-align:baseline !important;font-size:10pt !important;\">\r\n			<table style=\"padding:0px !important;margin:0px !important;border:0px !important;height:auto !important;width:auto !important;font-size:10pt !important;\">\r\n				<tbody>\r\n					<tr>\r\n						<td class=\"number\" style=\"border:0px !important;vertical-align:top !important;font-family:Consolas, \'Bitstream Vera Sans Mono\', \'Courier New\', Courier, monospace !important;font-size:10pt !important;color:#AFAFAF !important;\">\r\n							09\r\n						</td>\r\n						<td class=\"content\" style=\"vertical-align:top !important;font-family:Consolas, \'Bitstream Vera Sans Mono\', \'Courier New\', Courier, monospace !important;font-size:10pt !important;\">\r\n							&nbsp;\r\n						</td>\r\n					</tr>\r\n				</tbody>\r\n			</table>\r\n		</div>\r\n		<div class=\"line alt2\" style=\"padding:0px !important;margin:0px !important;border:0px !important;background-color:#F8F8F8 !important;vertical-align:baseline !important;font-size:10pt !important;\">\r\n			<table style=\"padding:0px !important;margin:0px !important;border:0px !important;height:auto !important;width:auto !important;font-size:10pt !important;\">\r\n				<tbody>\r\n					<tr>\r\n						<td class=\"number\" style=\"border:0px !important;vertical-align:top !important;font-family:Consolas, \'Bitstream Vera Sans Mono\', \'Courier New\', Courier, monospace !important;font-size:10pt !important;color:#AFAFAF !important;\">\r\n							10\r\n						</td>\r\n						<td class=\"content\" style=\"vertical-align:top !important;font-family:Consolas, \'Bitstream Vera Sans Mono\', \'Courier New\', Courier, monospace !important;font-size:10pt !important;\">\r\n							&nbsp;&nbsp;&nbsp;&nbsp;FileDataService fileDataService;\r\n						</td>\r\n					</tr>\r\n				</tbody>\r\n			</table>\r\n		</div>\r\n		<div class=\"line alt1\" style=\"padding:0px !important;margin:0px !important;border:0px !important;vertical-align:baseline !important;font-size:10pt !important;\">\r\n			<table style=\"padding:0px !important;margin:0px !important;border:0px !important;height:auto !important;width:auto !important;font-size:10pt !important;\">\r\n				<tbody>\r\n					<tr>\r\n						<td class=\"number\" style=\"border:0px !important;vertical-align:top !important;font-family:Consolas, \'Bitstream Vera Sans Mono\', \'Courier New\', Courier, monospace !important;font-size:10pt !important;color:#AFAFAF !important;\">\r\n							11\r\n						</td>\r\n						<td class=\"content\" style=\"vertical-align:top !important;font-family:Consolas, \'Bitstream Vera Sans Mono\', \'Courier New\', Courier, monospace !important;font-size:10pt !important;\">\r\n							&nbsp;\r\n						</td>\r\n					</tr>\r\n				</tbody>\r\n			</table>\r\n		</div>\r\n		<div class=\"line alt2\" style=\"padding:0px !important;margin:0px !important;border:0px !important;background-color:#F8F8F8 !important;vertical-align:baseline !important;font-size:10pt !important;\">\r\n			<table style=\"padding:0px !important;margin:0px !important;border:0px !important;height:auto !important;width:auto !important;font-size:10pt !important;\">\r\n				<tbody>\r\n					<tr>\r\n						<td class=\"number\" style=\"border:0px !important;vertical-align:top !important;font-family:Consolas, \'Bitstream Vera Sans Mono\', \'Courier New\', Courier, monospace !important;font-size:10pt !important;color:#AFAFAF !important;\">\r\n							12\r\n						</td>\r\n						<td class=\"content\" style=\"vertical-align:top !important;font-family:Consolas, \'Bitstream Vera Sans Mono\', \'Courier New\', Courier, monospace !important;font-size:10pt !important;\">\r\n							&nbsp;&nbsp;&nbsp;&nbsp;public&nbsp;FileServer() {\r\n						</td>\r\n					</tr>\r\n				</tbody>\r\n			</table>\r\n		</div>\r\n		<div class=\"line alt1\" style=\"padding:0px !important;margin:0px !important;border:0px !important;vertical-align:baseline !important;font-size:10pt !important;\">\r\n			<table style=\"padding:0px !important;margin:0px !important;border:0px !important;height:auto !important;width:auto !important;font-size:10pt !important;\">\r\n				<tbody>\r\n					<tr>\r\n						<td class=\"number\" style=\"border:0px !important;vertical-align:top !important;font-family:Consolas, \'Bitstream Vera Sans Mono\', \'Courier New\', Courier, monospace !important;font-size:10pt !important;color:#AFAFAF !important;\">\r\n							13\r\n						</td>\r\n						<td class=\"content\" style=\"vertical-align:top !important;font-family:Consolas, \'Bitstream Vera Sans Mono\', \'Courier New\', Courier, monospace !important;font-size:10pt !important;\">\r\n							&nbsp;&nbsp;&nbsp;&nbsp;&nbsp;&nbsp;&nbsp;&nbsp;try&nbsp;{\r\n						</td>\r\n					</tr>\r\n				</tbody>\r\n			</table>\r\n		</div>\r\n		<div class=\"line alt2\" style=\"padding:0px !important;margin:0px !important;border:0px !important;background-color:#F8F8F8 !important;vertical-align:baseline !important;font-size:10pt !important;\">\r\n			<table style=\"padding:0px !important;margin:0px !important;border:0px !important;height:auto !important;width:auto !important;font-size:10pt !important;\">\r\n				<tbody>\r\n					<tr>\r\n						<td class=\"number\" style=\"border:0px !important;vertical-align:top !important;font-family:Consolas, \'Bitstream Vera Sans Mono\', \'Courier New\', Courier, monospace !important;font-size:10pt !important;color:#AFAFAF !important;\">\r\n							14\r\n						</td>\r\n						<td class=\"content\" style=\"vertical-align:top !important;font-family:Consolas, \'Bitstream Vera Sans Mono\', \'Courier New\', Courier, monospace !important;font-size:10pt !important;\">\r\n							&nbsp;&nbsp;&nbsp;&nbsp;&nbsp;&nbsp;&nbsp;&nbsp;&nbsp;&nbsp;&nbsp;&nbsp;fileDataService =&nbsp;new&nbsp;FileDataService_imp();\r\n						</td>\r\n					</tr>\r\n				</tbody>\r\n			</table>\r\n		</div>\r\n		<div class=\"line alt1\" style=\"padding:0px !important;margin:0px !important;border:0px !important;vertical-align:baseline !important;font-size:10pt !important;\">\r\n			<table style=\"padding:0px !important;margin:0px !important;border:0px !important;height:auto !important;width:auto !important;font-size:10pt !important;\">\r\n				<tbody>\r\n					<tr>\r\n						<td class=\"number\" style=\"border:0px !important;vertical-align:top !important;font-family:Consolas, \'Bitstream Vera Sans Mono\', \'Courier New\', Courier, monospace !important;font-size:10pt !important;color:#AFAFAF !important;\">\r\n							15\r\n						</td>\r\n						<td class=\"content\" style=\"vertical-align:top !important;font-family:Consolas, \'Bitstream Vera Sans Mono\', \'Courier New\', Courier, monospace !important;font-size:10pt !important;\">\r\n							&nbsp;&nbsp;&nbsp;&nbsp;&nbsp;&nbsp;&nbsp;&nbsp;&nbsp;&nbsp;&nbsp;&nbsp;LocateRegistry.createRegistry(9001);\r\n						</td>\r\n					</tr>\r\n				</tbody>\r\n			</table>\r\n		</div>\r\n		<div class=\"line alt2\" style=\"padding:0px !important;margin:0px !important;border:0px !important;background-color:#F8F8F8 !important;vertical-align:baseline !important;font-size:10pt !important;\">\r\n			<table style=\"padding:0px !important;margin:0px !important;border:0px !important;height:auto !important;width:auto !important;font-size:10pt !important;\">\r\n				<tbody>\r\n					<tr>\r\n						<td class=\"number\" style=\"border:0px !important;vertical-align:top !important;font-family:Consolas, \'Bitstream Vera Sans Mono\', \'Courier New\', Courier, monospace !important;font-size:10pt !important;color:#AFAFAF !important;\">\r\n							16\r\n						</td>\r\n						<td class=\"content\" style=\"vertical-align:top !important;font-family:Consolas, \'Bitstream Vera Sans Mono\', \'Courier New\', Courier, monospace !important;font-size:10pt !important;\">\r\n							&nbsp;&nbsp;&nbsp;&nbsp;&nbsp;&nbsp;&nbsp;&nbsp;&nbsp;&nbsp;&nbsp;&nbsp;Naming.rebind(\"<a href=\"rmi://localhost:9001/FileDataService\">rmi://localhost:9001/FileDataService</a>\", fileDataService);\r\n						</td>\r\n					</tr>\r\n				</tbody>\r\n			</table>\r\n		</div>\r\n		<div class=\"line alt1\" style=\"padding:0px !important;margin:0px !important;border:0px !important;vertical-align:baseline !important;font-size:10pt !important;\">\r\n			<table style=\"padding:0px !important;margin:0px !important;border:0px !important;height:auto !important;width:auto !important;font-size:10pt !important;\">\r\n				<tbody>\r\n					<tr>\r\n						<td class=\"number\" style=\"border:0px !important;vertical-align:top !important;font-family:Consolas, \'Bitstream Vera Sans Mono\', \'Courier New\', Courier, monospace !important;font-size:10pt !important;color:#AFAFAF !important;\">\r\n							17\r\n						</td>\r\n						<td class=\"content\" style=\"vertical-align:top !important;font-family:Consolas, \'Bitstream Vera Sans Mono\', \'Courier New\', Courier, monospace !important;font-size:10pt !important;\">\r\n							&nbsp;&nbsp;&nbsp;&nbsp;&nbsp;&nbsp;&nbsp;&nbsp;}&nbsp;catch&nbsp;(RemoteException e) {\r\n						</td>\r\n					</tr>\r\n				</tbody>\r\n			</table>\r\n		</div>\r\n		<div class=\"line alt2\" style=\"padding:0px !important;margin:0px !important;border:0px !important;background-color:#F8F8F8 !important;vertical-align:baseline !important;font-size:10pt !important;\">\r\n			<table style=\"padding:0px !important;margin:0px !important;border:0px !important;height:auto !important;width:auto !important;font-size:10pt !important;\">\r\n				<tbody>\r\n					<tr>\r\n						<td class=\"number\" style=\"border:0px !important;vertical-align:top !important;font-family:Consolas, \'Bitstream Vera Sans Mono\', \'Courier New\', Courier, monospace !important;font-size:10pt !important;color:#AFAFAF !important;\">\r\n							18\r\n						</td>\r\n						<td class=\"content\" style=\"vertical-align:top !important;font-family:Consolas, \'Bitstream Vera Sans Mono\', \'Courier New\', Courier, monospace !important;font-size:10pt !important;\">\r\n							&nbsp;&nbsp;&nbsp;&nbsp;&nbsp;&nbsp;&nbsp;&nbsp;&nbsp;&nbsp;&nbsp;&nbsp;// TODO Auto-generated catch block\r\n						</td>\r\n					</tr>\r\n				</tbody>\r\n			</table>\r\n		</div>\r\n		<div class=\"line alt1\" style=\"padding:0px !important;margin:0px !important;border:0px !important;vertical-align:baseline !important;font-size:10pt !important;\">\r\n			<table style=\"padding:0px !important;margin:0px !important;border:0px !important;height:auto !important;width:auto !important;font-size:10pt !important;\">\r\n				<tbody>\r\n					<tr>\r\n						<td class=\"number\" style=\"border:0px !important;vertical-align:top !important;font-family:Consolas, \'Bitstream Vera Sans Mono\', \'Courier New\', Courier, monospace !important;font-size:10pt !important;color:#AFAFAF !important;\">\r\n							19\r\n						</td>\r\n						<td class=\"content\" style=\"vertical-align:top !important;font-family:Consolas, \'Bitstream Vera Sans Mono\', \'Courier New\', Courier, monospace !important;font-size:10pt !important;\">\r\n							&nbsp;&nbsp;&nbsp;&nbsp;&nbsp;&nbsp;&nbsp;&nbsp;&nbsp;&nbsp;&nbsp;&nbsp;e.printStackTrace();\r\n						</td>\r\n					</tr>\r\n				</tbody>\r\n			</table>\r\n		</div>\r\n		<div class=\"line alt2\" style=\"padding:0px !important;margin:0px !important;border:0px !important;background-color:#F8F8F8 !important;vertical-align:baseline !important;font-size:10pt !important;\">\r\n			<table style=\"padding:0px !important;margin:0px !important;border:0px !important;height:auto !important;width:auto !important;font-size:10pt !important;\">\r\n				<tbody>\r\n					<tr>\r\n						<td class=\"number\" style=\"border:0px !important;vertical-align:top !important;font-family:Consolas, \'Bitstream Vera Sans Mono\', \'Courier New\', Courier, monospace !important;font-size:10pt !important;color:#AFAFAF !important;\">\r\n							20\r\n						</td>\r\n						<td class=\"content\" style=\"vertical-align:top !important;font-family:Consolas, \'Bitstream Vera Sans Mono\', \'Courier New\', Courier, monospace !important;font-size:10pt !important;\">\r\n							&nbsp;&nbsp;&nbsp;&nbsp;&nbsp;&nbsp;&nbsp;&nbsp;}&nbsp;catch&nbsp;(MalformedURLException e) {\r\n						</td>\r\n					</tr>\r\n				</tbody>\r\n			</table>\r\n		</div>\r\n		<div class=\"line alt1\" style=\"padding:0px !important;margin:0px !important;border:0px !important;vertical-align:baseline !important;font-size:10pt !important;\">\r\n			<table style=\"padding:0px !important;margin:0px !important;border:0px !important;height:auto !important;width:auto !important;font-size:10pt !important;\">\r\n				<tbody>\r\n					<tr>\r\n						<td class=\"number\" style=\"border:0px !important;vertical-align:top !important;font-family:Consolas, \'Bitstream Vera Sans Mono\', \'Courier New\', Courier, monospace !important;font-size:10pt !important;color:#AFAFAF !important;\">\r\n							21\r\n						</td>\r\n						<td class=\"content\" style=\"vertical-align:top !important;font-family:Consolas, \'Bitstream Vera Sans Mono\', \'Courier New\', Courier, monospace !important;font-size:10pt !important;\">\r\n							&nbsp;&nbsp;&nbsp;&nbsp;&nbsp;&nbsp;&nbsp;&nbsp;&nbsp;&nbsp;&nbsp;&nbsp;// TODO Auto-generated catch block\r\n						</td>\r\n					</tr>\r\n				</tbody>\r\n			</table>\r\n		</div>\r\n		<div class=\"line alt2\" style=\"padding:0px !important;margin:0px !important;border:0px !important;background-color:#F8F8F8 !important;vertical-align:baseline !important;font-size:10pt !important;\">\r\n			<table style=\"padding:0px !important;margin:0px !important;border:0px !important;height:auto !important;width:auto !important;font-size:10pt !important;\">\r\n				<tbody>\r\n					<tr>\r\n						<td class=\"number\" style=\"border:0px !important;vertical-align:top !important;font-family:Consolas, \'Bitstream Vera Sans Mono\', \'Courier New\', Courier, monospace !important;font-size:10pt !important;color:#AFAFAF !important;\">\r\n							22\r\n						</td>\r\n						<td class=\"content\" style=\"vertical-align:top !important;font-family:Consolas, \'Bitstream Vera Sans Mono\', \'Courier New\', Courier, monospace !important;font-size:10pt !important;\">\r\n							&nbsp;&nbsp;&nbsp;&nbsp;&nbsp;&nbsp;&nbsp;&nbsp;&nbsp;&nbsp;&nbsp;&nbsp;e.printStackTrace();\r\n						</td>\r\n					</tr>\r\n				</tbody>\r\n			</table>\r\n		</div>\r\n		<div class=\"line alt1\" style=\"padding:0px !important;margin:0px !important;border:0px !important;vertical-align:baseline !important;font-size:10pt !important;\">\r\n			<table style=\"padding:0px !important;margin:0px !important;border:0px !important;height:auto !important;width:auto !important;font-size:10pt !important;\">\r\n				<tbody>\r\n					<tr>\r\n						<td class=\"number\" style=\"border:0px !important;vertical-align:top !important;font-family:Consolas, \'Bitstream Vera Sans Mono\', \'Courier New\', Courier, monospace !important;font-size:10pt !important;color:#AFAFAF !important;\">\r\n							23\r\n						</td>\r\n						<td class=\"content\" style=\"vertical-align:top !important;font-family:Consolas, \'Bitstream Vera Sans Mono\', \'Courier New\', Courier, monospace !important;font-size:10pt !important;\">\r\n							&nbsp;&nbsp;&nbsp;&nbsp;&nbsp;&nbsp;&nbsp;&nbsp;}\r\n						</td>\r\n					</tr>\r\n				</tbody>\r\n			</table>\r\n		</div>\r\n		<div class=\"line alt2\" style=\"padding:0px !important;margin:0px !important;border:0px !important;background-color:#F8F8F8 !important;vertical-align:baseline !important;font-size:10pt !important;\">\r\n			<table style=\"padding:0px !important;margin:0px !important;border:0px !important;height:auto !important;width:auto !important;font-size:10pt !important;\">\r\n				<tbody>\r\n					<tr>\r\n						<td class=\"number\" style=\"border:0px !important;vertical-align:top !important;font-family:Consolas, \'Bitstream Vera Sans Mono\', \'Courier New\', Courier, monospace !important;font-size:10pt !important;color:#AFAFAF !important;\">\r\n							24\r\n						</td>\r\n						<td class=\"content\" style=\"vertical-align:top !important;font-family:Consolas, \'Bitstream Vera Sans Mono\', \'Courier New\', Courier, monospace !important;font-size:10pt !important;\">\r\n							&nbsp;\r\n						</td>\r\n					</tr>\r\n				</tbody>\r\n			</table>\r\n		</div>\r\n		<div class=\"line alt1\" style=\"padding:0px !important;margin:0px !important;border:0px !important;vertical-align:baseline !important;font-size:10pt !important;\">\r\n			<table style=\"padding:0px !important;margin:0px !important;border:0px !important;height:auto !important;width:auto !important;font-size:10pt !important;\">\r\n				<tbody>\r\n					<tr>\r\n						<td class=\"number\" style=\"border:0px !important;vertical-align:top !important;font-family:Consolas, \'Bitstream Vera Sans Mono\', \'Courier New\', Courier, monospace !important;font-size:10pt !important;color:#AFAFAF !important;\">\r\n							25\r\n						</td>\r\n						<td class=\"content\" style=\"vertical-align:top !important;font-family:Consolas, \'Bitstream Vera Sans Mono\', \'Courier New\', Courier, monospace !important;font-size:10pt !important;\">\r\n							&nbsp;\r\n						</td>\r\n					</tr>\r\n				</tbody>\r\n			</table>\r\n		</div>\r\n		<div class=\"line alt2\" style=\"padding:0px !important;margin:0px !important;border:0px !important;background-color:#F8F8F8 !important;vertical-align:baseline !important;font-size:10pt !important;\">\r\n			<table style=\"padding:0px !important;margin:0px !important;border:0px !important;height:auto !important;width:auto !important;font-size:10pt !important;\">\r\n				<tbody>\r\n					<tr>\r\n						<td class=\"number\" style=\"border:0px !important;vertical-align:top !important;font-family:Consolas, \'Bitstream Vera Sans Mono\', \'Courier New\', Courier, monospace !important;font-size:10pt !important;color:#AFAFAF !important;\">\r\n							26\r\n						</td>\r\n						<td class=\"content\" style=\"vertical-align:top !important;font-family:Consolas, \'Bitstream Vera Sans Mono\', \'Courier New\', Courier, monospace !important;font-size:10pt !important;\">\r\n							&nbsp;&nbsp;&nbsp;&nbsp;}\r\n						</td>\r\n					</tr>\r\n				</tbody>\r\n			</table>\r\n		</div>\r\n		<div class=\"line alt1\" style=\"padding:0px !important;margin:0px !important;border:0px !important;vertical-align:baseline !important;font-size:10pt !important;\">\r\n			<table style=\"padding:0px !important;margin:0px !important;border:0px !important;height:auto !important;width:auto !important;font-size:10pt !important;\">\r\n				<tbody>\r\n					<tr>\r\n						<td class=\"number\" style=\"border:0px !important;vertical-align:top !important;font-family:Consolas, \'Bitstream Vera Sans Mono\', \'Courier New\', Courier, monospace !important;font-size:10pt !important;color:#AFAFAF !important;\">\r\n							27\r\n						</td>\r\n						<td class=\"content\" style=\"vertical-align:top !important;font-family:Consolas, \'Bitstream Vera Sans Mono\', \'Courier New\', Courier, monospace !important;font-size:10pt !important;\">\r\n							&nbsp;\r\n						</td>\r\n					</tr>\r\n				</tbody>\r\n			</table>\r\n		</div>\r\n		<div class=\"line alt2\" style=\"padding:0px !important;margin:0px !important;border:0px !important;background-color:#F8F8F8 !important;vertical-align:baseline !important;font-size:10pt !important;\">\r\n			<table style=\"padding:0px !important;margin:0px !important;border:0px !important;height:auto !important;width:auto !important;font-size:10pt !important;\">\r\n				<tbody>\r\n					<tr>\r\n						<td class=\"number\" style=\"border:0px !important;vertical-align:top !important;font-family:Consolas, \'Bitstream Vera Sans Mono\', \'Courier New\', Courier, monospace !important;font-size:10pt !important;color:#AFAFAF !important;\">\r\n							28\r\n						</td>\r\n						<td class=\"content\" style=\"vertical-align:top !important;font-family:Consolas, \'Bitstream Vera Sans Mono\', \'Courier New\', Courier, monospace !important;font-size:10pt !important;\">\r\n							&nbsp;&nbsp;&nbsp;&nbsp;/**\r\n						</td>\r\n					</tr>\r\n				</tbody>\r\n			</table>\r\n		</div>\r\n		<div class=\"line alt1\" style=\"padding:0px !important;margin:0px !important;border:0px !important;vertical-align:baseline !important;font-size:10pt !important;\">\r\n			<table style=\"padding:0px !important;margin:0px !important;border:0px !important;height:auto !important;width:auto !important;font-size:10pt !important;\">\r\n				<tbody>\r\n					<tr>\r\n						<td class=\"number\" style=\"border:0px !important;vertical-align:top !important;font-family:Consolas, \'Bitstream Vera Sans Mono\', \'Courier New\', Courier, monospace !important;font-size:10pt !important;color:#AFAFAF !important;\">\r\n							29\r\n						</td>\r\n						<td class=\"content\" style=\"vertical-align:top !important;font-family:Consolas, \'Bitstream Vera Sans Mono\', \'Courier New\', Courier, monospace !important;font-size:10pt !important;\">\r\n							&nbsp;&nbsp;&nbsp;&nbsp;&nbsp;* @param args\r\n						</td>\r\n					</tr>\r\n				</tbody>\r\n			</table>\r\n		</div>\r\n		<div class=\"line alt2\" style=\"padding:0px !important;margin:0px !important;border:0px !important;background-color:#F8F8F8 !important;vertical-align:baseline !important;font-size:10pt !important;\">\r\n			<table style=\"padding:0px !important;margin:0px !important;border:0px !important;height:auto !important;width:auto !important;font-size:10pt !important;\">\r\n				<tbody>\r\n					<tr>\r\n						<td class=\"number\" style=\"border:0px !important;vertical-align:top !important;font-family:Consolas, \'Bitstream Vera Sans Mono\', \'Courier New\', Courier, monospace !important;font-size:10pt !important;color:#AFAFAF !important;\">\r\n							30\r\n						</td>\r\n						<td class=\"content\" style=\"vertical-align:top !important;font-family:Consolas, \'Bitstream Vera Sans Mono\', \'Courier New\', Courier, monospace !important;font-size:10pt !important;\">\r\n							&nbsp;&nbsp;&nbsp;&nbsp;&nbsp;*/\r\n						</td>\r\n					</tr>\r\n				</tbody>\r\n			</table>\r\n		</div>\r\n		<div class=\"line alt1\" style=\"padding:0px !important;margin:0px !important;border:0px !important;vertical-align:baseline !important;font-size:10pt !important;\">\r\n			<table style=\"padding:0px !important;margin:0px !important;border:0px !important;height:auto !important;width:auto !important;font-size:10pt !important;\">\r\n				<tbody>\r\n					<tr>\r\n						<td class=\"number\" style=\"border:0px !important;vertical-align:top !important;font-family:Consolas, \'Bitstream Vera Sans Mono\', \'Courier New\', Courier, monospace !important;font-size:10pt !important;color:#AFAFAF !important;\">\r\n							31\r\n						</td>\r\n						<td class=\"content\" style=\"vertical-align:top !important;font-family:Consolas, \'Bitstream Vera Sans Mono\', \'Courier New\', Courier, monospace !important;font-size:10pt !important;\">\r\n							&nbsp;&nbsp;&nbsp;&nbsp;public&nbsp;static&nbsp;void&nbsp;main(String[] args) {\r\n						</td>\r\n					</tr>\r\n				</tbody>\r\n			</table>\r\n		</div>\r\n		<div class=\"line alt2\" style=\"padding:0px !important;margin:0px !important;border:0px !important;background-color:#F8F8F8 !important;vertical-align:baseline !important;font-size:10pt !important;\">\r\n			<table style=\"padding:0px !important;margin:0px !important;border:0px !important;height:auto !important;width:auto !important;font-size:10pt !important;\">\r\n				<tbody>\r\n					<tr>\r\n						<td class=\"number\" style=\"border:0px !important;vertical-align:top !important;font-family:Consolas, \'Bitstream Vera Sans Mono\', \'Courier New\', Courier, monospace !important;font-size:10pt !important;color:#AFAFAF !important;\">\r\n							32\r\n						</td>\r\n						<td class=\"content\" style=\"vertical-align:top !important;font-family:Consolas, \'Bitstream Vera Sans Mono\', \'Courier New\', Courier, monospace !important;font-size:10pt !important;\">\r\n							&nbsp;&nbsp;&nbsp;&nbsp;&nbsp;&nbsp;&nbsp;&nbsp;new&nbsp;FileServer();\r\n						</td>\r\n					</tr>\r\n				</tbody>\r\n			</table>\r\n		</div>\r\n		<div class=\"line alt1\" style=\"padding:0px !important;margin:0px !important;border:0px !important;vertical-align:baseline !important;font-size:10pt !important;\">\r\n			<table style=\"padding:0px !important;margin:0px !important;border:0px !important;height:auto !important;width:auto !important;font-size:10pt !important;\">\r\n				<tbody>\r\n					<tr>\r\n						<td class=\"number\" style=\"border:0px !important;vertical-align:top !important;font-family:Consolas, \'Bitstream Vera Sans Mono\', \'Courier New\', Courier, monospace !important;font-size:10pt !important;color:#AFAFAF !important;\">\r\n							33\r\n						</td>\r\n						<td class=\"content\" style=\"vertical-align:top !important;font-family:Consolas, \'Bitstream Vera Sans Mono\', \'Courier New\', Courier, monospace !important;font-size:10pt !important;\">\r\n							&nbsp;\r\n						</td>\r\n					</tr>\r\n				</tbody>\r\n			</table>\r\n		</div>\r\n		<div class=\"line alt2\" style=\"padding:0px !important;margin:0px !important;border:0px !important;background-color:#F8F8F8 !important;vertical-align:baseline !important;font-size:10pt !important;\">\r\n			<table style=\"padding:0px !important;margin:0px !important;border:0px !important;height:auto !important;width:auto !important;font-size:10pt !important;\">\r\n				<tbody>\r\n					<tr>\r\n						<td class=\"number\" style=\"border:0px !important;vertical-align:top !important;font-family:Consolas, \'Bitstream Vera Sans Mono\', \'Courier New\', Courier, monospace !important;font-size:10pt !important;color:#AFAFAF !important;\">\r\n							34\r\n						</td>\r\n						<td class=\"content\" style=\"vertical-align:top !important;font-family:Consolas, \'Bitstream Vera Sans Mono\', \'Courier New\', Courier, monospace !important;font-size:10pt !important;\">\r\n							&nbsp;&nbsp;&nbsp;&nbsp;}\r\n						</td>\r\n					</tr>\r\n				</tbody>\r\n			</table>\r\n		</div>\r\n		<div class=\"line alt1\" style=\"padding:0px !important;margin:0px !important;border:0px !important;vertical-align:baseline !important;font-size:10pt !important;\">\r\n			<table style=\"padding:0px !important;margin:0px !important;border:0px !important;height:auto !important;width:auto !important;font-size:10pt !important;\">\r\n				<tbody>\r\n					<tr>\r\n						<td class=\"number\" style=\"border:0px !important;vertical-align:top !important;font-family:Consolas, \'Bitstream Vera Sans Mono\', \'Courier New\', Courier, monospace !important;font-size:10pt !important;color:#AFAFAF !important;\">\r\n							35\r\n						</td>\r\n						<td class=\"content\" style=\"vertical-align:top !important;font-family:Consolas, \'Bitstream Vera Sans Mono\', \'Courier New\', Courier, monospace !important;font-size:10pt !important;\">\r\n							&nbsp;\r\n						</td>\r\n					</tr>\r\n				</tbody>\r\n			</table>\r\n		</div>\r\n		<div class=\"line alt2\" style=\"padding:0px !important;margin:0px !important;border:0px !important;background-color:#F8F8F8 !important;vertical-align:baseline !important;font-size:10pt !important;\">\r\n			<table style=\"padding:0px !important;margin:0px !important;border:0px !important;height:auto !important;width:auto !important;font-size:10pt !important;\">\r\n				<tbody>\r\n					<tr>\r\n						<td class=\"number\" style=\"border:0px !important;vertical-align:top !important;font-family:Consolas, \'Bitstream Vera Sans Mono\', \'Courier New\', Courier, monospace !important;font-size:10pt !important;color:#AFAFAF !important;\">\r\n							36\r\n						</td>\r\n						<td class=\"content\" style=\"vertical-align:top !important;font-family:Consolas, \'Bitstream Vera Sans Mono\', \'Courier New\', Courier, monospace !important;font-size:10pt !important;\">\r\n							}\r\n						</td>\r\n					</tr>\r\n				</tbody>\r\n			</table>\r\n		</div>\r\n	</div>\r\n</div>',NULL),
 (12,12,'<p style=\"font-family:微软雅黑, Verdana, sans-serif, 宋体;font-size:14px;background-color:#FFFFFF;\">\r\n	第一财经日报 刘佳\r\n</p>\r\n<p style=\"font-family:微软雅黑, Verdana, sans-serif, 宋体;font-size:14px;background-color:#FFFFFF;\">\r\n	正在进行第二轮裁员的摩托罗拉中国，陷入了高管离职的传闻。近日有消息称，大中华区总裁孟樸将于近期离职，摩托罗拉亚太区总裁刘飞将暂时接替其职能。\r\n</p>\r\n<p style=\"font-family:微软雅黑, Verdana, sans-serif, 宋体;font-size:14px;background-color:#FFFFFF;\">\r\n	据悉，在第二轮裁员过后，中国区将仅剩200名员工，仅保留运营事业部，各省销售队伍和研发中心都将不复存在。\r\n</p>\r\n<p style=\"font-family:微软雅黑, Verdana, sans-serif, 宋体;font-size:14px;background-color:#FFFFFF;\">\r\n	昨天，孟樸并未对此作出正面回应，称目前人在国外出差。而摩托罗拉移动方面则对记者称：“公司并未宣布过孟樸将要离职相关消息；第二轮启动的裁员计划也已经基本结束，但有部分员工仍有一定的工作期限，目前有员工正陆续离开。”\r\n</p>\r\n<p style=\"font-family:微软雅黑, Verdana, sans-serif, 宋体;font-size:14px;background-color:#FFFFFF;\">\r\n	而在一位已离职摩托罗拉的人士看来，孟樸从摩托罗拉离开只是“时间问题”。\r\n</p>\r\n<p style=\"font-family:微软雅黑, Verdana, sans-serif, 宋体;font-size:14px;background-color:#FFFFFF;\">\r\n	“被谷歌收购后，摩托罗拉的两轮全球裁员基本结束，中国市场是‘重灾区’，特别是去年已把天津工厂卖掉，摩托罗拉从此不再从事手机制造，留给摩托罗拉和孟樸自身发挥的作用和空间已经变得越来越小。”上述离职员工对记者说，孟樸已经基本完成他在摩托罗拉移动的使命。\r\n</p>\r\n<p style=\"font-family:微软雅黑, Verdana, sans-serif, 宋体;font-size:14px;background-color:#FFFFFF;\">\r\n	2011年，谷歌宣布以125亿美元的价格收购摩托罗拉移动后，摩托罗拉则更像被“雪藏”，至今也未推出任何一款重磅产品。\r\n</p>\r\n<p style=\"font-family:微软雅黑, Verdana, sans-serif, 宋体;font-size:14px;background-color:#FFFFFF;\">\r\n	目前距离摩托罗拉上一次在中国市场发布新产品，已经相隔近半年的时间；而在这期间，摩托罗拉中国按照全球裁员计划，开启第二轮裁员，并把位于天津的摩托罗拉全球最大手机工厂出售给新加坡代工厂商伟创力。至此摩托罗拉今后将不再从事手机制造，专事产品研发和销售运营。\r\n</p>\r\n<p style=\"font-family:微软雅黑, Verdana, sans-serif, 宋体;font-size:14px;background-color:#FFFFFF;\">\r\n	在出售天津工厂后，孟樸曾展望，“摩托罗拉将每年仅设计3至4款优质产品，但每款的销量要大幅提高，从而实现总销量的增加”。\r\n</p>\r\n<p style=\"font-family:微软雅黑, Verdana, sans-serif, 宋体;font-size:14px;background-color:#FFFFFF;\">\r\n	但摩托罗拉的“精品战略”尚未奏效，已身陷亏损泥潭。谷歌发布的今年第一季度财报也显示，旗下子公司摩托罗拉移动亏损达2.71亿美元，营收为10.2亿美元，同比下降66.9%。。\r\n</p>\r\n<p style=\"font-family:微软雅黑, Verdana, sans-serif, 宋体;font-size:14px;background-color:#FFFFFF;\">\r\n	艾媒咨询数据显示，2013第一季度中国智能手机市场销量达到5930万部，摩托罗拉被三星、联想、小米等远远甩在后面，全球市场份额仅占8%左右。\r\n</p>\r\n<p style=\"font-family:微软雅黑, Verdana, sans-serif, 宋体;font-size:14px;background-color:#FFFFFF;\">\r\n	在一系列裁员、关停、转让工厂、甩卖传统机顶盒业务等动作之后，摩托罗拉距离此前外界的悲观预判——“榨干专利价值再甩掉硬件”已渐行渐近。\r\n</p>\r\n<p style=\"font-family:微软雅黑, Verdana, sans-serif, 宋体;font-size:14px;background-color:#FFFFFF;\">\r\n	在艾媒咨询CEO张毅看来，谷歌具有的破坏性创新的能力已经很难在摩托罗拉移动身上发生，“谷歌把摩托罗拉的专利价值吸取完成后，其目的就基本完成。”\r\n</p>\r\n<p style=\"font-family:微软雅黑, Verdana, sans-serif, 宋体;font-size:14px;background-color:#FFFFFF;\">\r\n	随着摩托罗拉中国区的两轮裁员，在位于望京的摩托罗拉大厦中，该公司的办公工位已经严重减少。\r\n</p>',NULL);
INSERT INTO `articles_txt` (`id`,`content_id`,`txt`,`txt_pics`) VALUES 
 (13,13,'<p style=\"font-family:微软雅黑, Verdana, sans-serif, 宋体;font-size:14px;background-color:#FFFFFF;\">\r\n	<img src=\"http://static.oschina.net/uploads/space/2013/0528/071314_E9oH_5189.png\" alt=\"\" />\r\n</p>\r\n<p style=\"font-family:微软雅黑, Verdana, sans-serif, 宋体;font-size:14px;background-color:#FFFFFF;\">\r\n	最近这些年我一直用C#开发。我认为C#和.net是非常棒的软件开发语言和平台。我感觉C#正是我想要的语言，用它即能开发上层东西，也能开发底层代码。然而，不幸的是，整个世界并不和我有相同的感觉，你可以感觉到.net的活力力正在慢慢的消褪。\r\n</p>\r\n<p style=\"font-family:微软雅黑, Verdana, sans-serif, 宋体;font-size:14px;background-color:#FFFFFF;\">\r\n	我有一些理由来说明为什么事情正在像这样发生(跟编程不相关)\r\n</p>\r\n<ol style=\"font-family:微软雅黑, Verdana, sans-serif, 宋体;font-size:14px;background-color:#FFFFFF;\">\r\n	<li>\r\n		固有的，人们讨厌微软，不管它做什么——即使是好事。这是很悲哀的事，我认为人们的态度应该立足于技术层面，不能总拿开源还是封闭说事。\r\n	</li>\r\n	<li>\r\n		Windows 8和WinRT对.net的支持让人困惑。即使.net程序员也是如此。给人的感觉像是微软创造了一个很酷的孩子，但却不愿让人们去喜欢它。\r\n	</li>\r\n	<li>\r\n		所有的windows手机，尤其是WP7(没法升级到win 8)，都很失败。从商业角度是失败，从对开发人员的支持上也是失败，对于一个平台，如果你不知道一年后它将何去何从，或你获取不到任何支持，你怎么会花大量的时间去研究它。\r\n	</li>\r\n	<li>\r\n		愚蠢的开源方式，我说的是，你可以阅读它的源代码，但不能出力，你无法发送pull请求。还有，微软什么事都要自己弄一套(Monorail vs MVC, Nunit vs MStest, NHibernate vs EF, 等等等等…)\r\n	</li>\r\n	<li>\r\n		平板电脑方面，微软没有取得多少市场占有率，全都是苹果和安卓。\r\n	</li>\r\n	<li>\r\n		对个人来说，它干掉了XNA。一个多好的SDK，突然就被抛弃了。为什么？没人能给出一个原因，你知道吗？\r\n	</li>\r\n	<li>\r\n		网上谣传的XBOX vnext也是只给XBOX的棺材上共享了一颗钉。\r\n	</li>\r\n</ol>\r\n<h3 style=\"font-size:12pt;font-family:微软雅黑, Verdana, sans-serif, 宋体;background-color:#FFFFFF;\">\r\n	谁能挽救（可能的话）？\r\n</h3>\r\n<ol style=\"font-family:微软雅黑, Verdana, sans-serif, 宋体;font-size:14px;background-color:#FFFFFF;\">\r\n	<li>\r\n		很诡异，也许可能是Xamarin，因为它的神奇的基于mono的移动开发工具。Unity也有帮助，但我疑惑他们究竟是怎么打算的。\r\n	</li>\r\n	<li>\r\n		外星人？\r\n	</li>\r\n</ol>\r\n<div class=\"post_source\" style=\"margin:0px;padding:0px;font-family:微软雅黑, Verdana, sans-serif, 宋体;font-size:14px;background-color:#FFFFFF;\">\r\n	[英文原文：<a href=\"http://roundcrisis.com/2013/05/15/the-dying-platform-net/\">The dying platform: .Net</a>&nbsp;]\r\n</div>',NULL),
 (14,14,'<div id=\"OSChina_News_40797\" class=\"Body NewsContent TextContent\" style=\"margin:10px 0px;padding:0px;font-size:10.5pt;font-family:微软雅黑, Verdana, sans-serif, 宋体;\">\r\n	<p>\r\n		<img src=\"http://static.oschina.net/uploads/img/201305/25083133_ozMF.jpg\" alt=\" /&gt;&lt;/p&gt; &lt;p&gt;我们先来听&nbsp;techpinions 的 John Kirk&nbsp;&lt;a href=\" />讲个笑话。\r\n	</p>\r\n<blockquote style=\"\" p&gt;&lt;blockquote=\"\">\r\n	<p>\r\n		从前，有两个农民，他们进了一卡车西瓜货，准备去市场卖，进价一个 5 块。俩人把卡车开到市场去卖瓜，一个 4 块。卖完一数钱，咦？怎么还亏钱了？挣得比花的少？一个农民对另外一个说：“看，我早说了，我们应该弄一辆更大的卡车。”\r\n	</p>\r\n		</blockquote>\r\n		<p>\r\n			所以，<strong>“Android 为什么占有大部分市场？为什么会赢？是因为它有一辆更大的卡车。”</strong>我们可以这样说吗？\r\n		</p>\r\n		<p>\r\n			恰恰相反。\r\n		</p>\r\n		<p>\r\n			文章说，Android 大获全胜，苹果 iOS 危机重重简直就像之前那个西瓜的笑话一样可笑。但是实际上，众多媒体都这样说——可以列出一大列——说 Android 战胜了 iOS。比如，TechCrunch 这样说：“最新数据显示，Android 遥遥领先，iOS 排第二，但大幅落后。没有人可以否认 Android 的优势地位了。果粉们也不得不承认，Android 才是老大。”\r\n		</p>\r\n		<p>\r\n			ReadWrite 则言简意赅：“移动大战落幕了，Google 赢了。”\r\n		</p>\r\n		<p>\r\n			他们能够得出这样的结果是因为，他们认为 Android 赢了是因为她有一辆更大的卡车——更多的市场份额，而不是制造 Android 手机的厂商赚了多少钱。 实际上，一个企业或者系统是否成功不能按照市场份额来评估，市场份额没有那么重要。\r\n		</p>\r\n		<p>\r\n			问：假如 A 公司占有三成市场份额，B 公司则占有七成，哪个公司状况更好？\r\n		</p>\r\n		<p>\r\n			答：A 公司有可能占有全部利润，B 公司则有可能面临破产。\r\n		</p>\r\n		<p>\r\n			用市场份额判断谁赢了主要的的错在于，这样判断没有看到 产品销售创造的利润。这样的判断就如同，用一支棒球队击球多寡与另一支球队跑垒远近来比较。脱离市场讨论市场份额没有意义，甚至会带来误解。\r\n		</p>\r\n		<p>\r\n			第一，如果不考虑市场环境，只评估市场份额，就会把两者市场份额中的每一个百分点公平对比。举例来说，这样的前提会产生这样的比较：每台 Android 设备的市场价值与 iOS 设备一样。这样比就好像说，看我的钱比你多，而实际上可能对面的都是百元大钞而我都是一块钱。\r\n		</p>\r\n		<p>\r\n			第二，如果不考虑市场环境，市场份额就只是零和游戏，你进我退的游戏。但在一个增长迅速的市场中，非常有可能出现一个公司市场份额下降，但同时利润保持增长。这时，市场份额就什么也说明不了。\r\n		</p>\r\n		<p>\r\n			具体来说，如图，今年第一季度 iPhone 的市场份额下降，但销量实际上是同比增长的。iPhone 的销量没有下降，只是比整个市场的总量增长慢一些。平板电脑也是一样的，上季度，苹果平板份额下降，是因为平板市场的出货量整体增长了 65%。\r\n		</p>\r\n		<p>\r\n			<img class=\"aligncenter size-full wp-image-297178\" src=\"http://static.oschina.net/uploads/img/201305/25083133_bqz1.png\" alt=\"tablets-q1-2013\" width=\"592\" height=\"339\" />\r\n		</p>\r\n		<p>\r\n			像判断谁输谁赢，就不能只看市场份额，也不能只看利润，而是要将这两个因素结合。这样的分析就是“公平份额（Fair Share）”。公平份额的前提是，1% 的市场份额应该带来 1% 或者不止 1% 的利润份额。\r\n		</p>\r\n		<p>\r\n			在实际分析中，如果一个公司的市场份额与利润份额的比值高于 1，那就说明这个公司在亏钱买份额。这样不能促进产品多样化，只能让市场策略倾向于价格竞争。相反，如果这个公司的市场份额与利润份额的比值低于 1，那就说明公司有能力和金钱实现产品差异化，能比对手优先定价，定价更高，同时溢价也更高。\r\n		</p>\r\n		<p>\r\n			或者反过来在分析一下。\r\n		</p>\r\n		<p>\r\n			问：假如 A 公司拥有三成的市场份额，却占据七成利润。B 公司拥有七成市场份额，却只拥有三成利润。你会认为哪个公司现状更好？\r\n		</p>\r\n		<p>\r\n			答：恐怕任何一个人都会认可 A 公司的利润而不是 B 公司的市场份额——除非你就是 A 公司的人。\r\n		</p>\r\n		<p>\r\n			其实 TechCrunch 也承认：“如果苹果占据市场的半壁江山，同时挣了一半的利润，那么没人会觉得奇怪。现在大家之所以奇怪，是因为苹果只拥有个位数的份额，却挣了整个市场一 半的利润。”那这样想呢，如果苹果是汉堡连锁店，它赚的钱比麦当劳、汉堡王、肯德基加起来还多，但是它卖的汉堡只占五个点，还会有人说苹果输了吗？显然不 会。\r\n		</p>\r\n		<p>\r\n			ReadWrite 这样说：“有些人认为市场份额不重要，说苹果挣了平板市场大部分的利润。但显然智能手机市场不是这样啊，维持市场份额很重要，不能只追求利润。利润份额会伴随市场份额增减。”别开玩笑了。\r\n		</p>\r\n		<p>\r\n			实际上，市场份额不一定与利润份额有所，利润实际上是由市场份额和利润率决定的。忽略利润率只分析市场份额没有意义，何况市场份额与利润率通常是不平衡的。\r\n		</p>\r\n		<p>\r\n			<img class=\"aligncenter size-full wp-image-297186\" src=\"http://static.oschina.net/uploads/img/201305/25083133_vN2Z.png\" alt=\"screen-shot-2013-04-16-at-4-16-4.16.46-pm\" width=\"456\" height=\"432\" />\r\n		</p>\r\n		<p>\r\n			以 PC 市场来举例，苹果 Mac 计算机占据利润份额的 45%，但实际上市场份额只有 8%。也就是说，Mac 计算机 1% 的市场份额能赚 5.63% 的利润份额。这样你还说利润份额会随着市场份额变化？恐怕解释不通吧。实际上，大家都喜欢便宜东西，便宜卖就会快速占有市场，但这就是亏钱“买”市场份 额。\r\n		</p>\r\n		<p>\r\n			这么干太蠢了。\r\n		</p>\r\n		<p>\r\n			市场份额能“花钱”买，利润却没有办法快速赚。花钱买市场份额是不可持续的，要么一条道走到黑，公司完蛋，要么换个方向重视利润。相反，如果公司拥有利润，以及利润带来的企业价值，就可以占领制高点，随时掉头夺取市场份额。而且，实际上市场份额低点可能更好。\r\n		</p>\r\n		<p>\r\n			问：A 公司拥有三成的市场份额，赚取一半的利润。B 公司占有七成市场份额，也赚了一半的利润，哪个公司状况更好?\r\n		</p>\r\n		<p>\r\n			答：只要你有点商业常识，就会知道 A 公司更好。\r\n		</p>\r\n		<p>\r\n			为什么？A 公司的产品总体价格是 B 公司的 4 倍，A 公司每一个点的市场份额就能获得两个点的利润份额。B 公司则完全相反，每 1% 的市场份额只能获得 0.5% 的利润份额。\r\n		</p>\r\n		<p>\r\n			我们来看看市场现状。\r\n		</p>\r\n		<p>\r\n			Android 设备现在大约占据全球智能手机出货量的 70%，占据总体利润的 29%。意思是说，Android 设备制造商平均每争取 1% 的市场份额只能赚到 0.41% 的利润份额（0.29/0.70 =0.414）。 或者这样说，Android 设备制造商想要多赚 1% 的利润份额就必须多抢占 2.4% 的市场份额。\r\n		</p>\r\n		<p>\r\n			这种情况意味着，产品趋向没有差异化，用利润损失换取市场份额，生产规模的扩大没办法转化成利润。\r\n		</p>\r\n		<p>\r\n			在 Android 制造商中，三星的表现比其他所有厂商的表现都好。2013 年一季度，三星占有 33% 的市场份额，占有 43% 的利润份额。按照我们之前的分析，就是说三星 1% 的市场份额赚回 1.3% 的利润份额。这么看来，三星在赚钱，并没有亏钱买市场份额。\r\n		</p>\r\n		<p>\r\n			同样在一季度，iPhone 占据 18% 的市场份额，占有 57% 的利润份额。iPhone&nbsp;1% 的市场份额赚回 3.12% 的利润份额。回头看，在&nbsp;2012 年一季度，苹果占有 23% 市场份额，占据利润份额的 74%，计算一下，也就是 1% 的市场份额挣到了 3.22% 的利润份额。\r\n		</p>\r\n		<p>\r\n			iPhone 的市场份额与利润份额比非常稳定，这意味着苹果能自由支配市场价格。而且，苹果只关注很少的几款手机，成了“低成本”的制造商。Android 手机制造商卖出 8台手机赚到的钱才能和一台 iPhone 相比。\r\n		</p>\r\n		<p>\r\n			<img class=\"aligncenter size-full wp-image-297318\" src=\"http://static.oschina.net/uploads/img/201305/25083134_KZVr.jpg\" alt=\"slide-11-638-1\" width=\"600\" height=\"450\" />\r\n		</p>\r\n		<p>\r\n			看看这个图，绿色的部分是三星和苹果之外的厂商占有的份额，他们占据了大部分出货量，却只赚到了一点点钱。那么那些出货量带来的占有率要来干嘛？\r\n		</p>\r\n		<p>\r\n			另外，还有一点很重要，那就是“价格弹性”。简单的说，当产品价格降低是销量上升，但销量的涨幅却依赖着产品的价格弹性。降价会刺激销量上涨，但增 加销量会让利润发生什么变化，并不是一个确定的答案。也就是说，我们不了解 iPhone 的价格弹性，就叫苹果降价来换市场份额是很不科学的建议。\r\n		</p>\r\n		<p>\r\n			较低的市场份额却能攫取高额利润是公司的优势，而且，公司的目标应该是让利润份额与市场份额的比值更高。“亏钱”买份额是灾难的肇始，不会带来成功的结局。未来苹果的命运无法预测，<strong>但现在，iPhone 在智能手机大战中依然赢得很轻松。</strong>\r\n		</p>\r\n		<p>\r\n			农民认为更大的卡车能带来更多的利润，希望你不要这么想。\r\n		</p>\r\n		<p>\r\n			题图来自&nbsp;noveladventurers.blogspot\r\n		</p>\r\n		<p>\r\n			文/<a href=\"http://www.ifanr.com/297162\" target=\"_blank\">爱范儿</a>\r\n		</p>\r\n			</div>\r\n			<div class=\"NewsLinks\" style=\"margin:0px 0px 10px;padding:0px;font-weight:bold;color:#AA0000;font-size:13px;font-family:微软雅黑, Verdana, sans-serif, 宋体;\">\r\n				<p class=\"ProjectOfNews\" style=\"text-indent:0em;\">\r\n					Android 的详细介绍：<a href=\"http://www.oschina.net/p/android-os\">请点这里</a><br />\r\nAndroid 的下载地址：<a href=\"http://www.oschina.net/action/project/go?id=9389&amp;p=download\">请点这里</a> <br />\r\n想通过手机客户端访问开源中国：<a href=\"http://www.oschina.net/mobile\" target=\"_blank\">请点这里</a>\r\n				</p>\r\n			</div>',NULL),
 (15,15,'<div id=\"OSChina_News_40796\" class=\"Body NewsContent TextContent\" style=\"margin:10px 0px;padding:0px;font-size:10.5pt;font-family:微软雅黑, Verdana, sans-serif, 宋体;\">\r\n	<p>\r\n		<img src=\"http://static.oschina.net/uploads/space/2013/0525/082731_wI88_12.jpg\" alt=\"\" />\r\n	</p>\r\n	<p>\r\n		Windows 8桌面用户最迫切想要的是开始按钮的回归，微软倾听到了你们的呼声，终于提供了开始按钮，只是你需要购买一个鼠标。微软<a href=\"http://arstechnica.com/gadgets/2013/05/yo-dawg-we-heard-you-like-start-buttons-so-we-put-one-in-your-mouse/\" target=\"_blank\"><span>推出了两个新鼠标</span></a>，每个上面都贴着一个带Windows logo的开始按钮，按下鼠标上的开始按钮，在Windows 7上你能打开开始菜单，在Windows 8打开的是开始屏幕。其中&nbsp;<a href=\"http://www.microsoft.com/hardware/en-us/p/sculpt-comfort-mouse#overview\" target=\"_blank\"><span>Sculpt Comfort Mouse&nbsp;</span></a>售价39.95美元，对触摸敏感的开始按钮位于左侧，支持滑动手指切换和滚动应用，通过蓝牙与电脑连接；&nbsp;<a href=\"http://www.microsoft.com/hardware/en-us/p/sculpt-mobile-mouse\" target=\"_blank\"><span>Sculpt Mobile Mouse</span></a>售价29.9美元，开始按钮位于顶部，功能比较简单，使用USB连接。\r\n	</p>\r\n</div>\r\n<div class=\"NewsLinks\" style=\"margin:0px 0px 10px;padding:0px;font-weight:bold;color:#AA0000;font-size:13px;font-family:微软雅黑, Verdana, sans-serif, 宋体;\">\r\n	<p class=\"ProjectOfNews\" style=\"text-indent:0em;\">\r\n		想通过手机客户端访问开源中国：<a href=\"http://www.oschina.net/mobile\" target=\"_blank\">请点这里</a>\r\n	</p>\r\n</div>',NULL),
 (16,16,'<p style=\"color:#333333;font-family:Helvetica, Tahoma, Arial, sans-serif;font-size:14px;background-color:#FFFFFF;\">\r\n	<b>Hadoop<b>中国</b>开源社区</b>\r\n</p>\r\n<p style=\"color:#333333;font-family:Helvetica, Tahoma, Arial, sans-serif;font-size:14px;background-color:#FFFFFF;\">\r\n	下午Hadoop专场的第一位嘉宾是来自ChiaHadoop社区负责人谢磊，他做了Hadoop的中国社区报告。在报告中，谢磊介绍了中国Hadoop发行版本的使用情况，目前国内使用最多的就是原生Apache Hadoop,但是Cloudera CDH也非常受到大家的青睐，很多中小互联网公司都在使用这个版本，除此之外，EMC、Intel、华为、天云也都开发了自己的Hadoop版本。接下来他还介绍了Hadoop在中国的技术资源分布，而目前中国使用Hadoop最多的就是互联网公司、Hadoop平台供应商以及电信行业，像中移动和华为等等。\r\n</p>\r\n<p style=\"color:#333333;font-family:Helvetica, Tahoma, Arial, sans-serif;font-size:14px;background-color:#FFFFFF;\">\r\n	谢磊重点对比了国内和国外的Hadoop开源社区，虽然很多华人都参与了Hadoop社区的核心圈，但是他们主要都是在美国的一些大公司，而国内参与Hadoop核心开发的很少。他介绍了参加开源社区的优势，首先游戏规则很成熟，而且还能获得来自大公司的支持，另外就是在个人的投入和收获上完全可以达到平衡，很多核心开发者都获得了风投的青睐。当然也有很多负面因素，社区的进展很缓慢，分支也太多，从一定意义上讲阻碍了Hadoop的高速发展。而中国在开源社区的表现就相对边缘化，不过个人行为有活跃趋势。\r\n</p>\r\n<p style=\"color:#333333;font-family:Helvetica, Tahoma, Arial, sans-serif;font-size:14px;background-color:#FFFFFF;\">\r\n	在介绍Hadoop在中国互联网的应用实践时，谢磊认为中国的Hadoop的发展已经与世界同步，Hadoop的应用也是非常广泛和成熟，涵盖了搜索、广告效果和点击流分析、用户模型和个性化推荐、社区网络消息平台、URL短链服务以及地图信息系统等领域。主要特点就是数据量特别大，计算逻辑相对简单，性价比敏感，工程师的队伍也非常强大。谢磊最后还介绍了Hadoop在中国的企业级应用。\r\n</p>\r\n<p style=\"color:#333333;font-family:Helvetica, Tahoma, Arial, sans-serif;font-size:14px;background-color:#FFFFFF;\">\r\n	来自人人游戏的首席数据科学家陈继东给大家分享了Hadoop在移动互联网的应用实践，他主要介绍了移动互联网和大数据，大数据关键技术对比，以及移动广告大数据的案例分析。\r\n</p>\r\n<p style=\"color:#333333;font-family:Helvetica, Tahoma, Arial, sans-serif;font-size:14px;background-color:#FFFFFF;\">\r\n	<b>移动互联网和大数据</b>\r\n</p>\r\n<p style=\"color:#333333;font-family:Helvetica, Tahoma, Arial, sans-serif;font-size:14px;background-color:#FFFFFF;\">\r\n	陈继东表示，移动互联网已经成为大数据应用的主战场，第一，随着智能设备的普及，移动互联网成为移动大数据的核心载体；第二，高宽带引流大数据手机使用3G和Wifi接入互联网）；第三这也是移动大数据的聚集地（Andriod和ios成为主流OS）；第四，移动大数据的源头和关键节点。\r\n</p>\r\n<p style=\"color:#333333;font-family:Helvetica, Tahoma, Arial, sans-serif;font-size:14px;background-color:#FFFFFF;\">\r\n	陈继东认为现在移动大数据也呈现出更多的特点，包括数据的核心节点是人而不再是终端、网页或ID；数据量更大，维护更高，种类更多更复杂；更多个性化属性和上下文信息（如用户地理位置，设备属性）；同时不再受限于浏览器Cookie，数据更稳定长久和准确；用户行为数据更碎片化，更实时性。\r\n</p>\r\n<p style=\"color:#333333;font-family:Helvetica, Tahoma, Arial, sans-serif;font-size:14px;background-color:#FFFFFF;\">\r\n	目前大数据关键技术越来越多，包括大规模并行数据库、NoSQL/NewSQL、并行处理引擎（Hadoop MapReduce）、流式计算（Storm，Spark）、并行数据挖掘和机器学习等等，陈继东重点比较了MapReduce和并行数据库，他认为MapReduce和并行数据库应用于不同的场景，它们互为补充；在比较NoSQL和SQL的关系时，他认为NoSQL适用于海量数据定制化存储和高吞吐量（如全属性选择应用）的领域，而SQL的扩展性和灵活性较差，主要用于高性能查询和复杂分析。\r\n</p>\r\n<p style=\"color:#333333;font-family:Helvetica, Tahoma, Arial, sans-serif;font-size:14px;background-color:#FFFFFF;text-align:center;\">\r\n	<a href=\"http://cms.csdnimg.cn/article/201305/30/51a6cae3d8220.jpg\" target=\"_blank\"><img src=\"http://cms.csdnimg.cn/article/201305/30/51a6cae3d8220.jpg\" border=\"0\" /></a>\r\n</p>\r\n<p style=\"color:#333333;font-family:Helvetica, Tahoma, Arial, sans-serif;font-size:14px;background-color:#FFFFFF;\">\r\n	陈继东还对比了Spark和Hadoop MapReduce，分布式数据库系统Spark能够快速的进行流处理，类似MapReduce的并行计算引擎，不仅与Hadoop存储的API相兼容，而且比Hadoop MapReduce快100倍，即使对于磁盘数据也要快2-10倍。除此之外，Spark还拥有高性能的主内存抽象，通用的执行图，支持快速迭代类查询。在Spark也可以进行SQL查询，Shark=Spark + Hive。\r\n</p>\r\n<p style=\"color:#333333;font-family:Helvetica, Tahoma, Arial, sans-serif;font-size:14px;background-color:#FFFFFF;\">\r\n	陈继东最后介绍了移动广告的大数据分析、移动广告平台架构、移动广告CTR预估等方面的内容。在总结时，陈继东认为Hadoop已经成为大数据分析平台的标配，HDFS文件存储、MapReduce分布式计算和HBase分布式持久对象存取已经得到了大家的认可。\r\n</p>\r\n<p style=\"color:#333333;font-family:Helvetica, Tahoma, Arial, sans-serif;font-size:14px;background-color:#FFFFFF;\">\r\n	<b><b>Hadoop在</b>搜狗数据平台的应用</b>\r\n</p>\r\n<p style=\"color:#333333;font-family:Helvetica, Tahoma, Arial, sans-serif;font-size:14px;background-color:#FFFFFF;\">\r\n	搜狗数据平台Hadoop和HBase的负责人洗茂源介绍了Hadoop在搜索业务中的应用，内容包括了体系结构、Hadoop与批处理任务、Hadoop与实时任务以及HBase相关的信息。\r\n</p>\r\n<p style=\"color:#333333;font-family:Helvetica, Tahoma, Arial, sans-serif;font-size:14px;background-color:#FFFFFF;\">\r\n	洗茂源介绍了搜狗在处理实时与批处理并存、多用户并存的解决方案，他们引入了FairScheduler，依照业务特征以及对资源的需求进行资源分配，紧急的任务优先执行。在涉及大内存的应用时，启用Task Tracker内存监控，在内存吃紧时结束多余任务，实行精准的任务调度方案；在资源利用不充分时，实现Map/Reduce共享槽位。洗茂源最后介绍了HBase相关的应用场景和问题的解决方案，以及Hadoop生态圈衍生产品相关的一些问题，包括PageRank、日志统计及数据挖掘等方面的内容。\r\n</p>\r\n<p style=\"color:#333333;font-family:Helvetica, Tahoma, Arial, sans-serif;font-size:14px;background-color:#FFFFFF;\">\r\n	开源已经成为云计算的灵魂，开源给云计算带来的是更加灵活和开放的构建方法，能够让用户加快对云计算的普及。本届北京开源大会的主要目的是充分利用“第十七届中国国际软件博览会”在中国软件和信息技术服务业品牌优势，借助博览会舞台，为中国开源界软件精英搭建一个在北京与世界沟通接轨的重要平台。来自开源社区的专家与上千名观众围绕开源@Openstack、开源@OS、开源@Hadoop、开源@Cloudstack等话题展开了深入探讨。（文/王鹏）\r\n</p>\r\n<p style=\"color:#333333;font-family:Helvetica, Tahoma, Arial, sans-serif;font-size:14px;background-color:#FFFFFF;\">\r\n	中国云计算领域最大盛会——“&nbsp;<a href=\"http://www.ciecloud.org/2013/index.html\"><strong>第五届中国云计算大会</strong>&nbsp;</a>”将于<b>2013年6月5-7日</b>在北京国家会议中心举行。\r\n</p>',NULL),
 (17,17,'<p style=\"color:#333333;background-color:#F8F8F8;text-indent:28px;font-family:宋体;font-size:14px;\">\r\n	目前，新媒体发展日新月异。新媒体行业的快速发展以越来越快的速度培养出一位又一位亿万富翁。尽管有通货膨胀和其他因素的存在，但Facebook用三年时间挤身亿万行列仍令人惊叹。随着云计算、大数据变革袭来，谁将是新时代的佼佼者，我们不得而知。\r\n</p>\r\n<img class=\"fit-image\" alt=\"\" src=\"http://s9.51cto.com/wyfs01/M01/0C/A3/wKioJlGn_eiCHSRgAA6l_oEU2jw216.jpg\" width=\"498\" height=\"6113\" style=\"width:559px;height:5982px;\" />',NULL),
 (18,18,'<p style=\"color:#333333;background-color:#F8F8F8;text-indent:28px;font-family:宋体;font-size:14px;\">\r\n	随着近年来互联网的快速发展，互联网用户数、应用种类、带宽需求等都呈现出爆炸式的增长，以中国为例，未来4、5年内干线网流量的年增长率预计会高达60~70%，骨干传输网总带宽将从64Tbit/s增加到150Tbit/s左右，甚至200Tbit/s以上。随着“宽带中国·光网城市”计划的实施，以及移动互联网、物联网和云计算等新型带宽应用的强力驱动，迫切需要传送网络具有更高的容量。目前骨干网已经规模部署了40G WDM传输系统，但是通过业务容量爆炸式的发展趋势不难看出，40G 在未来进行多业务承载时也将会捉襟见肘，因此100GWDM超高速传输技术的需求迫在眉睫。\r\n</p>\r\n<p style=\"color:#333333;background-color:#F8F8F8;text-indent:28px;font-family:宋体;font-size:14px;\">\r\n	<strong>100G OTN关键要求</strong>\r\n</p>\r\n<p style=\"color:#333333;background-color:#F8F8F8;text-indent:28px;font-family:宋体;font-size:14px;\">\r\n	长途传输系统升级到100Gbit/s OTN系统，主要要实现以下几方面要求：\r\n</p>\r\n<p style=\"color:#333333;background-color:#F8F8F8;text-indent:28px;font-family:宋体;font-size:14px;\">\r\n	1)支持50GHz的通道间距;\r\n</p>\r\n<p style=\"color:#333333;background-color:#F8F8F8;text-indent:28px;font-family:宋体;font-size:14px;\">\r\n	2)色散(CD)容限 ±700ps/nm;\r\n</p>\r\n<p style=\"color:#333333;background-color:#F8F8F8;text-indent:28px;font-family:宋体;font-size:14px;\">\r\n	3)偏振模色散(PMD)容限10ps (DGD平均值);\r\n</p>\r\n<p style=\"color:#333333;background-color:#F8F8F8;text-indent:28px;font-family:宋体;font-size:14px;\">\r\n	4)能够在现有的DWDM网络和OTN网络中平滑升级;\r\n</p>\r\n<p style=\"color:#333333;background-color:#F8F8F8;text-indent:28px;font-family:宋体;font-size:14px;\">\r\n	5)不对现有的DWDM通道信号产生重大串扰代价。\r\n</p>\r\n<p style=\"color:#333333;background-color:#F8F8F8;text-indent:28px;font-family:宋体;font-size:14px;\">\r\n	100Gbit/s OTN系统升级要求必须要满足以上所有要求，目前可以通过具有相干检测功能的100G PM-QPSK调制模式来满足这些要求。\r\n</p>\r\n<p style=\"color:#333333;background-color:#F8F8F8;text-indent:28px;font-family:宋体;font-size:14px;\">\r\n	100Gbit/s PM-QPSK关键技术特性\r\n</p>\r\n<p style=\"color:#333333;background-color:#F8F8F8;text-indent:28px;font-family:宋体;font-size:14px;\">\r\n	<strong>A.OSNR性能改善</strong>\r\n</p>\r\n<p style=\"color:#333333;background-color:#F8F8F8;text-indent:28px;font-family:宋体;font-size:14px;\">\r\n	具有相干检测功能的PM-QPSK比二进制(OOK)提供了大约6dB的光信噪比的灵敏度改善。100 Gbit/s 的容量是10Gbit/s 的10倍，所以100Gbit/s 的调制方案需要提供比10Gbit/s OOK码型高10dB 的性能。相干检测的关键优势在于光波相位信息可以传递到数字领域，因而可以利用强大的电子色散补偿(EDC)能力，使用非常低的代价清理信号失真。因此，通过使用100Gbit/s PM-QPSK与 EDC，相干检测的技术可以获得6dB的改善(与直接检测OOK相比); 利用高编码增益FEC可得2-3dB 的改善;由于减少CD和PMD的传输代价，再有1—2dB的改善。这样，总改善能达到9—11dB， 使得100Gbit/s PM-QPSK接近10Gbit/s OOK系统光信噪比的灵敏度。这就意味着，100Gbit/s可以在应用上达到目前的10Gbit/s系统传输距离。\r\n</p>\r\n<p style=\"color:#333333;background-color:#F8F8F8;text-indent:28px;font-family:宋体;font-size:14px;\">\r\n	<strong>B.色散(CD)容限</strong>\r\n</p>\r\n<p style=\"color:#333333;background-color:#F8F8F8;text-indent:28px;font-family:宋体;font-size:14px;\">\r\n	具有电子色散补偿(EDC)功能的调制解调器芯片，可不需外部可调谐色散补偿器。芯片色散补偿的总量是决定于有限脉冲响应(FIR)自适滤波器的2个因素：拍点(tap)数量和拍点延时量。10Gbit/s DWDM的部署主要利用色散补偿光纤(DCF)以限制在残余的色散在10Gbit/s OOK接收器容限内(通常是+/-400ps/nm)，在这个范围内100Gbit/s PM-QPSK EDC是很容易做到的。\r\n</p>\r\n<p style=\"color:#333333;background-color:#F8F8F8;text-indent:28px;font-family:宋体;font-size:14px;\">\r\n	<strong>C. 偏振模色散(PMD)容限</strong>\r\n</p>\r\n<p style=\"color:#333333;background-color:#F8F8F8;text-indent:28px;font-family:宋体;font-size:14px;\">\r\n	具有电子色散补偿(EDC)调制解调器芯片还可以用于PMD的补偿。 PMD补偿的一个关键是必须要非常快地跟踪网络上高速偏振动态的变化。这同色散补偿是非常不一样的，那是因为色散的变化是比较静态的(变化量非常缓慢而且很少)，通常是由光纤温度变化所引起的。\r\n</p>\r\n<p style=\"color:#333333;background-color:#F8F8F8;text-indent:28px;font-family:宋体;font-size:14px;\">\r\n	<strong>D.相位调制</strong>\r\n</p>\r\n<p style=\"color:#333333;background-color:#F8F8F8;text-indent:28px;font-family:宋体;font-size:14px;\">\r\n	相位调制在40G系统中的广泛应用，进一步推动了这项技术在100G中的成熟。利用QPSK技术可以使光载波携带的信息量增大一倍，与偏振复用的结合使得100G信号波特率降低到约25Gbaud/s，因此能够应用在50GHz间隔的OTN系统中，同时也降低了信号对光纤非线性容忍度的要求。\r\n</p>\r\n<p style=\"color:#333333;background-color:#F8F8F8;text-indent:28px;font-family:宋体;font-size:14px;\">\r\n	<strong>E.偏振复用</strong>\r\n</p>\r\n<p style=\"color:#333333;background-color:#F8F8F8;text-indent:28px;font-family:宋体;font-size:14px;\">\r\n	利用光信号的两个偏振态之间相互正交特性来实现在同一个光载波上携带两路信息，使得信号码元速率下降一半。偏振复用是比较成熟的技术，在40G系统中已有过工程应用，而对于100G已然成为一项不可或缺的技术。偏振复用对于发射机来说只需要一些比较简单的无源器件即可实现，而难点主要在于接收机的解偏部分。但随着相干检测技术的不断成熟，偏振解复用已能够非常容易地在电域中被处理。\r\n</p>',NULL),
 (19,19,'<p style=\"color:#333333;background-color:#F8F8F8;text-indent:28px;font-family:宋体;font-size:14px;\">\r\n	<strong>故障处理方法</strong>\r\n</p>\r\n<p style=\"color:#333333;background-color:#F8F8F8;text-indent:28px;font-family:宋体;font-size:14px;\">\r\n	<strong>一、网络的复杂性</strong>\r\n</p>\r\n<p style=\"color:#333333;background-color:#F8F8F8;text-indent:28px;font-family:宋体;font-size:14px;\">\r\n	一般网络包括路由、拨号、交换、视频、WAN(ISDN、帧中继、ATM、…)、LAN、VLAN、…\r\n</p>\r\n<p style=\"color:#333333;background-color:#F8F8F8;text-indent:28px;font-family:宋体;font-size:14px;\">\r\n	<strong>二、故障处理模型</strong>\r\n</p>\r\n<p style=\"color:#333333;background-color:#F8F8F8;text-indent:28px;font-family:宋体;font-size:14px;\">\r\n	1、 界定问题(Define the Problem)\r\n</p>\r\n<p style=\"color:#333333;background-color:#F8F8F8;text-indent:28px;font-family:宋体;font-size:14px;\">\r\n	详细而精确地描述故障的症状和潜在的原因\r\n</p>\r\n<p style=\"color:#333333;background-color:#F8F8F8;text-indent:28px;font-family:宋体;font-size:14px;\">\r\n	2、 收集详细信息(Gather Facts)R&gt;信息来源：关键用户、网络管理系统、路由器/交换机\r\n</p>\r\n<p style=\"color:#333333;background-color:#F8F8F8;text-indent:28px;font-family:宋体;font-size:14px;\">\r\n	1) 识别症状 ：\r\n</p>\r\n<p style=\"color:#333333;background-color:#F8F8F8;text-indent:28px;font-family:宋体;font-size:14px;\">\r\n	2) 重现故障：校验故障依然存在\r\n</p>\r\n<p style=\"color:#333333;background-color:#F8F8F8;text-indent:28px;font-family:宋体;font-size:14px;\">\r\n	3) 调查故障频率：\r\n</p>\r\n<p style=\"color:#333333;background-color:#F8F8F8;text-indent:28px;font-family:宋体;font-size:14px;\">\r\n	4) 确定故障的范围：有三种方法建立故障范围\r\n</p>\r\n<p style=\"color:#333333;background-color:#F8F8F8;text-indent:28px;font-family:宋体;font-size:14px;\">\r\n	由外到内故障处理(Outside-In Troubleshooting)：通常适用于有多个主机不能连接到一台服务器或服务器集\r\n</p>\r\n<p style=\"color:#333333;background-color:#F8F8F8;text-indent:28px;font-family:宋体;font-size:14px;\">\r\n	由内到外故障处理(Inside-Out Troubleshooting)：\r\n</p>\r\n<p style=\"color:#333333;background-color:#F8F8F8;text-indent:28px;font-family:宋体;font-size:14px;\">\r\n	半分故障处理(Divide-by-Half Troubleshooting)\r\n</p>\r\n<p style=\"color:#333333;background-color:#F8F8F8;text-indent:28px;font-family:宋体;font-size:14px;\">\r\n	3、 考虑可能情形(Consider Possibilities)考虑引起故障的可能原因\r\n</p>\r\n<p style=\"color:#333333;background-color:#F8F8F8;text-indent:28px;font-family:宋体;font-size:14px;\">\r\n	4、 建立一份行动计划(Create the Action Plan)\r\n</p>\r\n<p style=\"color:#333333;background-color:#F8F8F8;text-indent:28px;font-family:宋体;font-size:14px;\">\r\n	5、 部署行动计划(Implement the Action Plan)\r\n</p>\r\n<p style=\"color:#333333;background-color:#F8F8F8;text-indent:28px;font-family:宋体;font-size:14px;\">\r\n	用于纠正网络故障原因。从最象故障源处，想出处理方法每完成一个步骤，检查故障是否解决\r\n</p>\r\n<p style=\"color:#333333;background-color:#F8F8F8;text-indent:28px;font-family:宋体;font-size:14px;\">\r\n	6、 观察行动计划执行结果(Observe Results)\r\n</p>\r\n<p style=\"color:#333333;background-color:#F8F8F8;text-indent:28px;font-family:宋体;font-size:14px;\">\r\n	7、 如有行动计划不能解决问题，重复上述过程(Iterate as Needed)\r\n</p>',NULL),
 (20,20,'<p style=\"color:#333333;background-color:#F8F8F8;text-indent:28px;font-family:宋体;font-size:14px;\">\r\n	故障现象：很多ADSL宽带用户反映通过PPPOE拨号后可以拨上网络，但打开浏览器时却出现无法打开网页的提示。\r\n</p>\r\n<p style=\"color:#333333;background-color:#F8F8F8;text-indent:28px;font-family:宋体;font-size:14px;\">\r\n	故障原因：用户在ETHERNET300参数的设置上有问题。所以用户虽然拨上了网络，但没有获得相应的路由。在PPPOE拨号方式上用户获得的IP其实也是网关。\r\n</p>\r\n<p style=\"color:#333333;background-color:#F8F8F8;text-indent:28px;font-family:宋体;font-size:14px;\">\r\n	解决方法：双击PPPOE拨号连接，在任务栏右下角出现&nbsp;<br />\r\nPPPOE拨号的两台计算机的图标时，右击该图标 → 选择profile properites → 点击TCP → 选择use default gateway on remote network → 应用 → 确定 → 退出拨号程序 → 重新拨号\r\n</p>\r\n<p style=\"color:#333333;background-color:#F8F8F8;text-indent:28px;font-family:宋体;font-size:14px;\">\r\n	背景资料：<br />\r\n　为了确定是否已经获得默认路由，用户可以通过下面的方法来确定。切换到MS-Dos状态\r\n</p>\r\n<table cellspacing=\"0\" cellpadding=\"2\" width=\"400\" align=\"center\" border=\"1\" style=\"color:#333333;font-family:宋体;font-size:14px;background-color:#F8F8F8;\">\r\n	<tbody>\r\n		<tr>\r\n			<td class=\"code\" bgcolor=\"#e6e6e6\">\r\n<pre>c:&gt;route print\r\nActive Routes:\r\nNetwork Address Netmask Gateway Address Interface Metric\r\n0.0.0.0 0.0.0.0 218.21.85.63 218.21.85.63 1\r\n127.0.0.0 255.0.0.0 127.0.0.1 127.0.0.1 1\r\n192.100.100.0 255.255.255.0 192.100.100.20 192.100.100.20 2\r\n　192.100.100.20 255.255.255.255 127.0.0.1 127.0.0.1 1\r\n224.0.0.0 224.0.0.0 192.100.100.20 192.100.100.20 1\r\n255.255.255.255 255.255.255.255 192.100.100.20 0.0.0.0 1   </pre>\r\n			</td>\r\n		</tr>\r\n	</tbody>\r\n</table>\r\n<p style=\"color:#333333;background-color:#F8F8F8;text-indent:28px;font-family:宋体;font-size:14px;\">\r\n	从上面可以看到的第一条路由信息即是用户拨上网络后获得的信息。如果没有<br />\r\n0.0.0.0 0.0.0.0 218.21.85.63 218.21.85.63 1<br />\r\n这条路由信息，那么用户是不可能上网的（218.21.85.63这个数值不同的用户是不一样的）。\r\n</p>\r\n<p style=\"color:#333333;background-color:#F8F8F8;text-indent:28px;font-family:宋体;font-size:14px;\">\r\n	另外有些单位用户除了使用ＡＤＳＬ上网外还可能使用单位的局域网，这时候可能会出现两条默认路由。\r\n</p>\r\n<table cellspacing=\"0\" cellpadding=\"2\" width=\"400\" align=\"center\" border=\"1\" style=\"color:#333333;font-family:宋体;font-size:14px;background-color:#F8F8F8;\">\r\n	<tbody>\r\n		<tr>\r\n			<td class=\"code\" bgcolor=\"#e6e6e6\">\r\n<pre>c:&gt;route print\r\nActive Routes:\r\nNetwork Address Netmask Gateway Address Interface Metric\r\n　0.0.0.0 0.0.0.0 10.0.0.1 10.0.0.1 1\r\n0.0.0.0 0.0.0.0 218.21.85.63 218.21.85.63 1\r\n127.0.0.0 255.0.0.0 127.0.0.1 127.0.0.1 1\r\n192.100.100.0 255.255.255.0 192.100.100.20 192.100.100.20 2\r\n　192.100.100.20 255.255.255.255 127.0.0.1 127.0.0.1 1\r\n224.0.0.0 224.0.0.0 192.100.100.20 192.100.100.20 1\r\n255.255.255.255 255.255.255.255 192.100.100.20 0.0.0.0 1   </pre>\r\n			</td>\r\n		</tr>\r\n	</tbody>\r\n</table>\r\n<span style=\"color:#333333;font-family:宋体;font-size:14px;line-height:28px;background-color:#F8F8F8;\">这时候会影响上网速度，甚至不能上网。这时候用户必须删除局域网的第一条路由删除</span><br />\r\n<span style=\"color:#333333;font-family:宋体;font-size:14px;line-height:28px;background-color:#F8F8F8;\">方式如下：</span><br />\r\n<span style=\"color:#333333;font-family:宋体;font-size:14px;line-height:28px;background-color:#F8F8F8;\">c:&gt;route delete 0.0.0.0 mask 0.0.0.0 10.0.0.1</span>',NULL),
 (21,21,'<p style=\"color:#333333;background-color:#F8F8F8;text-indent:28px;font-family:宋体;font-size:14px;\">\r\n	Windows XP中你是否遇到过隐藏文件无法打开的情况呢？下面告诉大家几招解决方法。\r\n</p>\r\n<p style=\"color:#333333;background-color:#F8F8F8;text-indent:28px;font-family:宋体;font-size:14px;\">\r\n	<strong>一.利用某些注册表修复软件进行修复</strong>\r\n</p>\r\n<p style=\"color:#333333;background-color:#F8F8F8;text-indent:28px;font-family:宋体;font-size:14px;\">\r\n	<strong>二.将下面的内容复制到记事本，保存为reg的注册表信息文件，然后双击导入。</strong>\r\n</p>\r\n<p style=\"color:#333333;background-color:#F8F8F8;text-indent:28px;font-family:宋体;font-size:14px;\">\r\n	注意：修改前务必备份注册表项。\r\n</p>\r\n<p style=\"color:#333333;background-color:#F8F8F8;text-indent:28px;font-family:宋体;font-size:14px;\">\r\n	Windows Registry Editor Version 5.00\r\n</p>\r\n<p style=\"color:#333333;background-color:#F8F8F8;text-indent:28px;font-family:宋体;font-size:14px;\">\r\n	[HKEY_LOCAL_MACHINE\\SOFTWARE\\Microsoft\\Windows\\CurrentVersion\\Explorer\\Advanced\\\r\n</p>\r\n<p style=\"color:#333333;background-color:#F8F8F8;text-indent:28px;font-family:宋体;font-size:14px;\">\r\n	(这个地方不要换行)Folder\\Hidden\\SHOWALL]\r\n</p>\r\n<p style=\"color:#333333;background-color:#F8F8F8;text-indent:28px;font-family:宋体;font-size:14px;\">\r\n	\"RegPath\"=\"Software\\\\Microsoft\\\\Windows\\\\CurrentVersion\\\\Explorer\\\\Advanced\"\r\n</p>\r\n<p style=\"color:#333333;background-color:#F8F8F8;text-indent:28px;font-family:宋体;font-size:14px;\">\r\n	\"Text\"=\"@shell32.dll,-30500\"\r\n</p>\r\n<p style=\"color:#333333;background-color:#F8F8F8;text-indent:28px;font-family:宋体;font-size:14px;\">\r\n	\"Type\"=\"radio\"\r\n</p>\r\n<p style=\"color:#333333;background-color:#F8F8F8;text-indent:28px;font-family:宋体;font-size:14px;\">\r\n	\"CheckedValue\"=dword:00000001\r\n</p>\r\n<p style=\"color:#333333;background-color:#F8F8F8;text-indent:28px;font-family:宋体;font-size:14px;\">\r\n	<strong>三.此法与上面原理是一样的,打开注册表找到</strong>\r\n</p>\r\n<p style=\"color:#333333;background-color:#F8F8F8;text-indent:28px;font-family:宋体;font-size:14px;\">\r\n	注意：修改前务必备份注册表项。\r\n</p>\r\n<p style=\"color:#333333;background-color:#F8F8F8;text-indent:28px;font-family:宋体;font-size:14px;\">\r\n	[HKEY_LOCAL_MACHINE\\SOFTWARE\\Microsoft\\Windows\\CurrentVersion\\Explorer\\\r\n</p>\r\n<p style=\"color:#333333;background-color:#F8F8F8;text-indent:28px;font-family:宋体;font-size:14px;\">\r\n	(这个地方不要换行)Advanced\\Folder\\Hidden\\SHOWALL]，将CheckedValue的值改为1。\r\n</p>\r\n<p style=\"color:#333333;background-color:#F8F8F8;text-indent:28px;font-family:宋体;font-size:14px;\">\r\n	<strong>四.你相关的的注册表项等被修改：</strong>\r\n</p>\r\n<p style=\"color:#333333;background-color:#F8F8F8;text-indent:28px;font-family:宋体;font-size:14px;\">\r\n	[HKEY_LOCAL_MACHINE\\SOFTWARE\\Microsoft\\Windows\\CurrentVersion\\Explorer\\Advanced\\Folder\r\n</p>\r\n<p style=\"color:#333333;background-color:#F8F8F8;text-indent:28px;font-family:宋体;font-size:14px;\">\r\n	<strong>(这个地方不要换行)\\</strong>Hidden\\SHOWALL]，病毒把你的SHOWALL主键下的“Type”的键值被改为“radio2”后(也可能是其它名)，所以“显示所有文件”选项也就不显示了。要恢复显示时，只需将“radio2”改回为“radio”即可。\r\n</p>',NULL),
 (22,22,'<p style=\"color:#333333;background-color:#F8F8F8;text-indent:28px;font-family:宋体;font-size:14px;\">\r\n	如果你是一个很容易遗忘的人，那么一定不要忘记在第一次设置密码的同时创建一张可以恢复Windows XP中的账户密码的启动盘，它可以让你免去格式化硬盘的烦恼。\r\n</p>\r\n<p style=\"color:#333333;background-color:#F8F8F8;text-indent:28px;font-family:宋体;font-size:14px;\">\r\n	从“控制面板”中找到“用户账户”项，选中自己的账户进入如图所示的控制界面，我们可以看到左侧任务列表中有一项“阻止一个已忘记的密码”，点击后便可打开“忘记密码向导”，向导会提示插入一张格式化过的空白磁盘，操作过程中会让你输入该账户所使用的密码，很快便可以创建一张密码重设盘。\r\n</p>\r\n<p style=\"color:#333333;background-color:#F8F8F8;text-indent:28px;font-family:宋体;font-size:14px;\">\r\n	以后，当我们忘记了账户密码的时候，在没有使用“欢迎屏幕”登录方式的情况下登录到Windows XP后，按下“Ctrl + Alt + Del”组合键，出现“Windows 安全”窗口，点击选项中“更改密码”按钮，出现更改密码窗口。这个窗口中，将当前用户的密码备份，点击左下角“备份”按钮，激活“忘记密码向导”，按照提示创建密码重设盘。\r\n</p>\r\n<p style=\"color:#333333;background-color:#F8F8F8;text-indent:28px;font-family:宋体;font-size:14px;\">\r\n	如果在Windows XP的登录窗口输入了错误的密码，就会弹出“登录失败”窗口，如果你的确想不起来自己的密码是什么时，可点击“重设”按钮，启动密码重设向导，通过刚才所创建的密码重设盘，就可以用这张密码重设盘更改密码并启动系统。重新设定密码，登录Windows XP。\r\n</p>\r\n<p style=\"color:#333333;background-color:#F8F8F8;text-indent:28px;font-family:宋体;font-size:14px;\">\r\n	“密码重设盘”的创建，含有一定的危险性，因为任何人都可以使用这一张“密码重设盘”来登录Windows XP，都可以以该用户的名义进入用户帐户，操作真正用户所能操作的一切，所以必须将“密码重设盘”保存在适当的地方，以防丢失或失泄密。\r\n</p>\r\n<p style=\"color:#333333;background-color:#F8F8F8;text-indent:28px;font-family:宋体;font-size:14px;\">\r\n	方法1——利用“administrator”(此方法适用于管理员用户名不是“administrator”的情况)\r\n</p>\r\n<p style=\"color:#333333;background-color:#F8F8F8;text-indent:28px;font-family:宋体;font-size:14px;\">\r\n	我们知道在安装Windows XP过程中，首先是以“administrator”默认登录，然后会要求创建一个新账户，以进入Windows XP时使用此新建账户登录，而且在Windows XP的登录界面中也只会出现创建的这个用户账号，不会出现“administrator”，但实际上该“administrator”账号还是存在的，并且密码为空。\r\n</p>\r\n<p style=\"color:#333333;background-color:#F8F8F8;text-indent:28px;font-family:宋体;font-size:14px;\">\r\n	当我们了解了这一点以后，假如忘记了登录密码的话，在登录界面上，按住Ctrl+Alt键，再按住Del键二次，即可出现经典的登录画面，此时在用户名处键入“administrator”，密码为空进入，然后再修改“zhangbp”的口令即可。\r\n</p>\r\n<p style=\"color:#333333;background-color:#F8F8F8;text-indent:28px;font-family:宋体;font-size:14px;\">\r\n	方法2——删除SAM文件(注意，此法只适用于WIN2000)\r\n</p>\r\n<p style=\"color:#333333;background-color:#F8F8F8;text-indent:28px;font-family:宋体;font-size:14px;\">\r\n	Windows NT/2000/XP中对用户帐户的安全管理使用了安全帐号管理器(Security Account Manager , SAM)的机制，安全帐号管理器对帐号的管理是通过安全标识进行的，安全标识在帐号创建时就同时创建，一旦帐号被删除，安全标识也同时被删。安全标识是唯一的，即使是相同的用户名，在每次创建时获得的安全标识完全不同。因此，一旦某个帐号被用户名重建帐号，也会被赋予不同的安全标识，不会保留原来的权限。安全帐号管理器的具体表现就是%SystemRoot%system32configsam文件。SAM文件是Windows NT/2000/XP的用户帐户数据库，所有用户的登录名以及口令等相关信息都会保存在这个文件中。\r\n</p>\r\n<p style=\"color:#333333;background-color:#F8F8F8;text-indent:28px;font-family:宋体;font-size:14px;\">\r\n	知道了这些，我们的解决办法也产生了:删除SAM文件，启动系统，它会重建一个干净清白的SAM，里面自然没有密码了。\r\n</p>\r\n<p style=\"color:#333333;background-color:#F8F8F8;text-indent:28px;font-family:宋体;font-size:14px;\">\r\n	不过，这么简单的方法在XP是不适用的，可能微软以此为BUG，做了限制……所以现在在XP系统下，即使你删除了SAM，还是不能删除密码，反而会使系统启动初始化出错，从而进入死循环而不能进系统!!\r\n</p>\r\n<p style=\"color:#333333;background-color:#F8F8F8;text-indent:28px;font-family:宋体;font-size:14px;\">\r\n	方法3——从SAM文件中找密码(前提……会使用DOS基本命令就行)\r\n</p>\r\n<p style=\"color:#333333;background-color:#F8F8F8;text-indent:28px;font-family:宋体;font-size:14px;\">\r\n	在系统启动前，插入启动盘，进入:C:WINNTSystem3Config 用COPY命令将SAM文件复制到软盘上。拿到另一台机子读取。这里需要的工具是LC4，运行LC4，打开并新建一个任务，然后依次击“IMPORT→Import from SAM file”，打开已待破解的SAM文件，此时LC4会自动分析此文件，并显示出文件中的用户名;之后点击“Session→Begin Audit”，即可开始破解密码。如果密码不是很复杂的话，很短的时间内就会得到结果。\r\n</p>',NULL),
 (23,23,'<p style=\"color:#333333;background-color:#F8F8F8;text-indent:28px;font-family:宋体;font-size:14px;\">\r\n	<strong>Cisco交换机</strong>：\r\n</p>\r\n<p style=\"color:#333333;background-color:#F8F8F8;text-indent:28px;font-family:宋体;font-size:14px;\">\r\n	在中心交换机上show logging 发现如下日志\r\n</p>\r\n<p style=\"color:#333333;background-color:#F8F8F8;text-indent:28px;font-family:宋体;font-size:14px;\">\r\n	Apr 18 10:24:16.265: %IP-4-DUPADDR: Duplicate address 172.30.30.62 on Vlan711, sourced by 0009.6b84.189e；说明有ARP病毒，\r\n</p>\r\n<p style=\"color:#333333;background-color:#F8F8F8;text-indent:28px;font-family:宋体;font-size:14px;\">\r\n	2、执行conf t，mac-address static mac地址 vlan id drop；\r\n</p>\r\n<p style=\"color:#333333;background-color:#F8F8F8;text-indent:28px;font-family:宋体;font-size:14px;\">\r\n	3、对有ARP病毒的主机进行了处理，然后在中心交换机上执行\r\n</p>\r\n<p style=\"color:#333333;background-color:#F8F8F8;text-indent:28px;font-family:宋体;font-size:14px;\">\r\n	no mac-address static mac地址 vlan id drop,使主机能访问网络资源.\r\n</p>\r\n<p style=\"color:#333333;background-color:#F8F8F8;text-indent:28px;font-family:宋体;font-size:14px;\">\r\n	4.问题解决\r\n</p>\r\n<p style=\"color:#333333;background-color:#F8F8F8;text-indent:28px;font-family:宋体;font-size:14px;\">\r\n	H3C交换机：\r\n</p>\r\n<p style=\"color:#333333;background-color:#F8F8F8;text-indent:28px;font-family:宋体;font-size:14px;\">\r\n	Dis log发现如下信息：\r\n</p>\r\n<p style=\"color:#333333;background-color:#F8F8F8;text-indent:28px;font-family:宋体;font-size:14px;\">\r\n	%Apr 30 07:43:18:753 2000 Longjing ARP/3/DUPIFIP:Duplicate address 192.168.1.1 o\r\n</p>\r\n<p style=\"color:#333333;background-color:#F8F8F8;text-indent:28px;font-family:宋体;font-size:14px;\">\r\n	n interface Vlan-interface101, sourced by 001b-b970-266d\r\n</p>\r\n<p style=\"color:#333333;background-color:#F8F8F8;text-indent:28px;font-family:宋体;font-size:14px;\">\r\n	&lt;Longjing&gt;dis mac-address 0016-e67c-7c9f\r\n</p>\r\n<p style=\"color:#333333;background-color:#F8F8F8;text-indent:28px;font-family:宋体;font-size:14px;\">\r\n	发现该mac是从g1/0/4上来的\r\n</p>\r\n<p style=\"color:#333333;background-color:#F8F8F8;text-indent:28px;font-family:宋体;font-size:14px;\">\r\n	<br />\r\n<strong>进入该接口：</strong>\r\n</p>\r\n<p style=\"color:#333333;background-color:#F8F8F8;text-indent:28px;font-family:宋体;font-size:14px;\">\r\n	interface GigabitEthernet1/0/4\r\n</p>\r\n<p style=\"color:#333333;background-color:#F8F8F8;text-indent:28px;font-family:宋体;font-size:14px;\">\r\n	mac-address blackhole 001b-b970-266d vlan 101\r\n</p>\r\n<p style=\"color:#333333;background-color:#F8F8F8;text-indent:28px;font-family:宋体;font-size:14px;\">\r\n	然后找到该机器拔除网线杀毒，然后再取消该接口下的限制\r\n</p>\r\n<p style=\"color:#333333;background-color:#F8F8F8;text-indent:28px;font-family:宋体;font-size:14px;\">\r\n	interface GigabitEthernet1/0/4\r\n</p>\r\n<p style=\"color:#333333;background-color:#F8F8F8;text-indent:28px;font-family:宋体;font-size:14px;\">\r\n	undo mac-address blackhole 001b-b970-266d vlan 101\r\n</p>',NULL),
 (24,24,'<p style=\"color:#333333;background-color:#F8F8F8;text-indent:28px;font-family:宋体;font-size:14px;\">\r\n	1.故障现象：网络适配器（网卡）设置与计算机资源有冲突。\r\n</p>\r\n<p style=\"color:#333333;background-color:#F8F8F8;text-indent:28px;font-family:宋体;font-size:14px;\">\r\n	分析、排除：通过调整网卡资源中的IRQ和I/O值来避开与计算机其它资源的冲突。有些情况还需要通过设置主板的跳线来调整与其它资源的冲突。\r\n</p>\r\n<p style=\"color:#333333;background-color:#F8F8F8;text-indent:28px;font-family:宋体;font-size:14px;\">\r\n	<br />\r\n2.故障现象：网吧局域网中其他客户机在“网上邻居”上都能互相看见，而只有某一台计算机谁也看不见它，它也看不见别的计算机。(前提：该网吧的局域网是通过HUB或交换机连接成星型网络结构）\r\n</p>\r\n<p style=\"color:#333333;background-color:#F8F8F8;text-indent:28px;font-family:宋体;font-size:14px;\">\r\n	分析、排除：检查这台计算机系统工作是否正常；检查这台计算机的网络配置；检查这台计算机的网卡是否正常工作；检查这台计算机上的网卡设置与其他资源是否有冲突；检查网线是否断开；检查网线接头接触是否正常。\r\n</p>\r\n<p style=\"color:#333333;background-color:#F8F8F8;text-indent:28px;font-family:宋体;font-size:14px;\">\r\n	<br />\r\n3.故障现象：网吧局域网中有两个网段，其中一个网网段的所有计算机都不能上因特网。（前提：该网吧的局域网通过两个HUB或交换机连接着两个的网段）\r\n</p>\r\n<p style=\"color:#333333;background-color:#F8F8F8;text-indent:28px;font-family:宋体;font-size:14px;\">\r\n	分析、排除：两个网段的干线断了或干线两端的接头接处不良。检查服务器中对该网段的设置项。\r\n</p>\r\n<p style=\"color:#333333;background-color:#F8F8F8;text-indent:28px;font-family:宋体;font-size:14px;\">\r\n	<br />\r\n4.故障现象：网吧局域网中所有的计算机在“网上邻居”上都能互相看见。（前提：该网吧的局域网是通过HUB或交换机连接成星型网络结构）\r\n</p>\r\n<p style=\"color:#333333;background-color:#F8F8F8;text-indent:28px;font-family:宋体;font-size:14px;\">\r\n	分析、排除：检查HUB或交换机工作是否正常。\r\n</p>\r\n<p style=\"color:#333333;background-color:#F8F8F8;text-indent:28px;font-family:宋体;font-size:14px;\">\r\n	<br />\r\n5.故障现象：网吧局域网中某台客户机在“网上邻居”上都能看到服务器，但就是不能上因特网。（前提：服务器指代理网吧局域网其他客机上因特网的那台计算机，以下同）\r\n</p>\r\n<p style=\"color:#333333;background-color:#F8F8F8;text-indent:28px;font-family:宋体;font-size:14px;\">\r\n	分析、排除：检查这台客户机TCP/IP协议的设置，检查这台客户机中IE浏览器的设置，检查服务器中有关对这台客户机的设置项。\r\n</p>\r\n<p style=\"color:#333333;background-color:#F8F8F8;text-indent:28px;font-family:宋体;font-size:14px;\">\r\n	<br />\r\n6.故障现象：网吧整个局域网上的所有的计算机都不能上因特网。\r\n</p>\r\n<p style=\"color:#333333;background-color:#F8F8F8;text-indent:28px;font-family:宋体;font-size:14px;\">\r\n	分析、排除：服务器系统工作是否正常；服务器是否掉线了；调制解调器工作是否正常；局端工作是否正常。\r\n</p>\r\n<p style=\"color:#333333;background-color:#F8F8F8;text-indent:28px;font-family:宋体;font-size:14px;\">\r\n	<br />\r\n7.故障现象：网吧局域网中除了服务器能上网其他客户机都不能上网。\r\n</p>\r\n<p style=\"color:#333333;background-color:#F8F8F8;text-indent:28px;font-family:宋体;font-size:14px;\">\r\n	分析、排除：检查HUB或交换机工作是否正常；检查服务器与HUB或交换机连接的网络部分（含：网卡、网线、接头、网络配置）工作是否正常；检查服务器上代理上网的软件是否正常启动运行；设置是否正常。&nbsp;<br />\r\n　8.故障现象：进行拨号上网操作时，MODEN没有拨号声音，始终连接不上因特网，MODEN上指示灯也不闪。\r\n</p>\r\n<p style=\"color:#333333;background-color:#F8F8F8;text-indent:28px;font-family:宋体;font-size:14px;\">\r\n	分析、排除：电话线路是否占线；接MODEN的服务器的连接（含：连线、接头）是否正常；电话线路是否正常，有无杂音干扰；拨号网络配置是否正确；MODEN的配置设置是否正确，检查拨号音的音频或脉冲方式是否正常。\r\n</p>\r\n<p style=\"color:#333333;background-color:#F8F8F8;text-indent:28px;font-family:宋体;font-size:14px;\">\r\n	<br />\r\n9.故障现象：系统检测不到MODEN（若MODEN是正常的）。\r\n</p>\r\n<p style=\"color:#333333;background-color:#F8F8F8;text-indent:28px;font-family:宋体;font-size:14px;\">\r\n	分析、排除：重新安装一遍MODEN，注意通讯端口的正确位置。\r\n</p>\r\n<p style=\"color:#333333;background-color:#F8F8F8;text-indent:28px;font-family:宋体;font-size:14px;\">\r\n	<br />\r\n10.故障现象：连接因特网速度过慢。\r\n</p>\r\n<p style=\"color:#333333;background-color:#F8F8F8;text-indent:28px;font-family:宋体;font-size:14px;\">\r\n	分析、排除：检查服务器系统设置在“拨号网络”中的端口连接速度是否是设置的最大值；线路是否正常；可通过优化MODEN的设置来提高连接的速度；通过修改注册表也可以提高上网速度；同时上网的客户机是否很多；若是很多，而使连接速度过慢是正常现象。\r\n</p>\r\n<p style=\"color:#333333;background-color:#F8F8F8;text-indent:28px;font-family:宋体;font-size:14px;\">\r\n	<br />\r\n11.故障现象：计算机屏幕上出现“错误 678” 或“错误 650” 的提示框。\r\n</p>\r\n<p style=\"color:#333333;background-color:#F8F8F8;text-indent:28px;font-family:宋体;font-size:14px;\">\r\n	分析、排除：一般是你所拨叫的服务器线路较忙、占线，暂时无法接通，你可进一会后继续重拨。\r\n</p>\r\n<p style=\"color:#333333;background-color:#F8F8F8;text-indent:28px;font-family:宋体;font-size:14px;\">\r\n	<br />\r\n12.故障现象：计算机屏幕上出现“错误680：没有拨号音。请检测调制解调器是否正确连到电话线。”或者“There is no dialtone。 Make sure your Modem is connected to the phone line properly。”的提示框。\r\n</p>\r\n<p style=\"color:#333333;background-color:#F8F8F8;text-indent:28px;font-family:宋体;font-size:14px;\">\r\n	分析、排除：检测调制解调器工作是否正常，是否开启；检查电话线路是否正常，是否正确接入调制解调器，接头有无松动。\r\n</p>\r\n<p style=\"color:#333333;background-color:#F8F8F8;text-indent:28px;font-family:宋体;font-size:14px;\">\r\n	<br />\r\n13.故障现象：计算机屏幕上出现“The Modem is being used by another Dial-up Networding connection or another program。Disconnect the other connection or close the program,and then try again”的提示框。\r\n</p>\r\n<p style=\"color:#333333;background-color:#F8F8F8;text-indent:28px;font-family:宋体;font-size:14px;\">\r\n	分析、排除：检查是否有另一个程序在使用调制解调器；检查调制解调器与端口是否有冲突。\r\n</p>',NULL),
 (25,25,'<p style=\"color:#333333;background-color:#F8F8F8;text-indent:28px;font-family:宋体;font-size:14px;\">\r\n	笔者负责单位计算机房的教学和维护工作，由于机器购置时间较长，加上使用频繁，经常出点小故障。如果是主机出现故障还好解决，这些机器都是一个配置，插来拔去的几下就好了，但如果遇到网络故障，就有点麻烦了。&nbsp;<br />\r\n笔者最近就遇到一例，在电子教室中进行点名时，发现一台机器无法应答，在主机“网上邻居”中也看不到该机器，在其他机器上运行ping命令，显示为超时，典型的网络不通故障。\r\n</p>\r\n<p style=\"color:#333333;background-color:#F8F8F8;text-indent:28px;font-family:宋体;font-size:14px;\">\r\n	其实，在小型的局域网中，经常会出现网络不通故障，排除故障时一般都会采用先“软”后“硬”的原则，先检查一下网卡的驱动程序是否正常，有无硬件冲突，是否是病毒引起等。该机器经过以上检查，没有出现异常现象。看来软的不行得来硬的，拆开机箱，将网卡拔下，用干净点的橡皮将网卡金手指擦拭干净，结果故障仍没有解决，又利用了代换法检查了网卡，证实网卡也是正常的。该查的都查了，又用Ghost还原了一遍系统，仍是没有解决问题，只剩下网线没有检查了，不会是网线故障吧？这样查起来可困难得很，当时建立计算机房时，为了考虑美观，布线时将所有的网线及电源线都捆扎在一起，埋在了地板下。而普通的网线通断检测仪需要将网线的首尾水晶头插入相应的接口内，总不能将地板撬开来检查这根网线吧？好在这些机器相隔不远，费了好大的功夫，才将附近的一根网线拉过来，插入故障机中，结果机器恢复正常，看来，是网线断裂而产生“网络不通”的故障。笔者最担心的事终于发生了，单位的机器数量本来就不多，也没有预留多余的网线，少了一台也就不能满足正常需要了。网线内有8根导线，而10M网只需要4根线就可以了，一般的网卡都是10/100M自适应的，因此，如果能查到并确定该网线内断裂的导线，重新调整进行压线，应该可以使该网线获得新生的。\r\n</p>\r\n<table class=\"ln\" cellspacing=\"0\" align=\"center\" bgcolor=\"#ddddd\" border=\"1\" style=\"color:#333333;font-family:宋体;font-size:14px;\">\r\n	<tbody>\r\n		<tr>\r\n			<td bgcolor=\"#ffffff\">\r\n				<a href=\"http://network.51cto.com/files/uploadimg/20070402/1648100.jpg\" target=\"_blank\"><img class=\"fit-image\" height=\"229\" alt=\"\" src=\"http://network.51cto.com/files/uploadimg/20070402/1648100.jpg\" width=\"200\" border=\"0\" /></a><a href=\"http://images.51cto.com/files/uploadimg/20060921/153223104.gif\" target=\"_blank\"></a>\r\n			</td>\r\n		</tr>\r\n		<tr>\r\n		</tr>\r\n	</tbody>\r\n</table>\r\n<p style=\"color:#333333;background-color:#F8F8F8;text-indent:28px;font-family:宋体;font-size:14px;\">\r\n	但网线埋在地板下，无法用网线通断仪检查，怎么办呢？一日笔者闲逛电脑市场，看到了一种网线转接头(如图 网线转接头)，这种网线转接头是直通的，可以将网线延长。笔者头脑中灵光一现，计算机房内机器之间距离并不大，如果将两根相近的网线扯在一起，插入网线转接头内，而将网线的另一端插入网线通断检测仪内。由于两根网线有一根是正常的，而网线转接头是直通的，因此，在网线通断检测仪上就可以反映出断裂导线的位置了。按这种设想，笔者找到了断裂的导线，将之去掉，然后用其余的导线重新压线，注意导线的颜色及顺序要一一对应。\r\n</p>\r\n<p style=\"color:#333333;background-color:#F8F8F8;text-indent:28px;font-family:宋体;font-size:14px;\">\r\n	一个小小的网线转接头，二三元钱的成本，解决了网络使用中的一大难题，真合算啊，还可以用它延长网线，真是网络管理员的必备用品啊。不少单位的计算机房都存在这种情况，希望此文对大家能有所帮助。\r\n</p>',NULL),
 (26,26,'<p style=\"color:#333333;background-color:#F8F8F8;text-indent:28px;font-family:宋体;font-size:14px;\">\r\n	为了综合有线、无线两种网络的优势，很多中小型企业及SOHO用户，都使用了有线、无线混合模式的局域网。但是，与传统的有线局域网一样，混合网也会在网络互访、共享上网等方面出现问题。下面，笔者将针对这类混合网中经常出现的故障，介绍相应的解决方法。\r\n</p>\r\n<p style=\"color:#333333;background-color:#F8F8F8;text-indent:28px;font-family:宋体;font-size:14px;\">\r\n	<strong>典型故障1:混合网中的计算机不能互访</strong> \r\n</p>\r\n<p style=\"color:#333333;background-color:#F8F8F8;text-indent:28px;font-family:宋体;font-size:14px;\">\r\n	Q:在混合网中，一台计算机安装了Windows 2000，采用有线网络连接，而其他计算机均使用Windows XP，采用无线网络连接。软件、IP地址已经设置好了，打开无线路由器，却发现Windows XP系统的计算机无法访问Windows 2000系统的计算机的共享文件夹。\r\n</p>\r\n<p style=\"color:#333333;background-color:#F8F8F8;text-indent:28px;font-family:宋体;font-size:14px;\">\r\n	A:这种故障主要是由于Windows 2000计算机中的设置以及无线路由器的设置造成的。在Windows 2000中，如果禁用了Guest用户，那么将会提示输入用户名和密码。要解决这个问题，首先依次打开“控制面板→管理工具→计算机管理”，在打开的窗口中展开“本地用户和组”并单击“用户”。接着，在右侧的窗口中双击“Guest”，在打开的属性窗口中取消对“账户已停用”复选框的勾选。最后，单击“确定”按钮即可。\r\n</p>\r\n<p style=\"color:#333333;background-color:#F8F8F8;text-indent:28px;font-family:宋体;font-size:14px;\">\r\n	另外，打开“控制面板”，双击其中的“用户和密码”，接着在打开的窗口中选择“Guest”用户名，单击“设置密码”按钮，设置新的密码。最后，连续点击两次“确定”按钮即可。\r\n</p>\r\n<p style=\"color:#333333;background-color:#F8F8F8;text-indent:28px;font-family:宋体;font-size:14px;\">\r\n	<strong>典型故障2:无线局域网不能共享上网</strong> \r\n</p>\r\n<p style=\"color:#333333;background-color:#F8F8F8;text-indent:28px;font-family:宋体;font-size:14px;\">\r\n	Q:在一个由无线路由器连接的有线无线混合网络中，有线网络部分可以正常使用ADSL上网。但是无线网络部分的计算机却无法通过无线路由器来共享上网。\r\n</p>\r\n<p style=\"color:#333333;background-color:#F8F8F8;text-indent:28px;font-family:宋体;font-size:14px;\">\r\n	A:(1)因为有线网络部分可以上网，说明ADSL Modem与无线路由器的硬件连接没有问题。下面要考虑的是无线局域网中网络设置的问题，需要将无线网卡的IP地址设置为“自动获得IP地址”。\r\n</p>\r\n<p style=\"color:#333333;background-color:#F8F8F8;text-indent:28px;font-family:宋体;font-size:14px;\">\r\n	(2)也可能是由于无线路由器的设置不当造成的，比如为了限制某台计算机的访问，通过无线路由器的管理页面对该计算机的IP地址及端口进行了相应的访问限制。这个时候，可以重新打开管理页面，在管理窗口左侧单击“访问控制”，接着在右侧的窗口中取消对IP访问的设置(图1)。\r\n</p>\r\n<p align=\"center\" style=\"color:#333333;background-color:#F8F8F8;text-indent:28px;font-family:宋体;font-size:14px;\">\r\n	<img class=\"fit-image\" src=\"http://course.51cto.com/files/uploadimg/20060105/0929470.jpg\" width=\"450\" border=\"0\" /> \r\n</p>\r\n<p style=\"color:#333333;background-color:#F8F8F8;text-indent:28px;font-family:宋体;font-size:14px;\">\r\n	(3)除了上述原因外，如果无线路由器或无线网卡有一方设置了WEP密钥，而另一方没有设置，或者因为双方设置的密钥不同，也可能造成故障出现(图2)。\r\n</p>\r\n<p align=\"center\" style=\"color:#333333;background-color:#F8F8F8;text-indent:28px;font-family:宋体;font-size:14px;\">\r\n	<img class=\"fit-image\" src=\"http://course.51cto.com/files/uploadimg/20060105/0929471.jpg\" border=\"0\" /> \r\n</p>\r\n<p style=\"color:#333333;background-color:#F8F8F8;text-indent:28px;font-family:宋体;font-size:14px;\">\r\n	提示:有时在对无线局域网客户端进行相应的设置后，会发现依然无法连上Internet，这个时候可以将无线路由器重启后再试。\r\n</p>',NULL);
INSERT INTO `articles_txt` (`id`,`content_id`,`txt`,`txt_pics`) VALUES 
 (27,27,'Java EE全套课程录像发布',NULL),
 (28,28,'<p style=\"color:#333333;background-color:#F8F8F8;text-indent:28px;font-family:宋体;font-size:14px;\">\r\n	美国国家安全局永远无法捕捉互联网上所有可疑的动向——但他们也不需要。\r\n</p>\r\n<p style=\"color:#333333;background-color:#F8F8F8;text-indent:28px;font-family:宋体;font-size:14px;text-align:center;\">\r\n	<a target=\"_blank\" href=\"http://s5.51cto.com/wyfs01/M01/0F/12/wKioJlG5IAKipDo3AABTamvLuN0405.jpg\"><img class=\"fit-image\" border=\"0\" alt=\"美国国家安全局能利用“大数据”做些什么\" width=\"498\" height=\"266\" src=\"http://s5.51cto.com/wyfs01/M01/0F/12/wKioJlG5IAKipDo3AABTamvLuN0405.jpg\" /></a>\r\n</p>\r\n<p style=\"color:#333333;background-color:#F8F8F8;text-indent:28px;font-family:宋体;font-size:14px;\">\r\n	国家安全局总部位于马里兰州米德堡。\r\n</p>\r\n<p style=\"color:#333333;background-color:#F8F8F8;text-indent:28px;font-family:宋体;font-size:14px;\">\r\n	有这么一家机构，其数据中心内保存着大量来自互联网的可见内容——图像捕捉系统就在我们周围，但我们却又无从感知。它拥有大量针对世界各地家用、企业乃至政府设施的卫星图像资料，共同构成一套总量达到PB级别的地理数据库，囊括了个人与组织信息。同时，其分析系统能够处理Web搜索请求、电子邮件信息及其它来自无数用户的电子设备操作活动。\r\n</p>\r\n<p style=\"color:#333333;background-color:#F8F8F8;text-indent:28px;font-family:宋体;font-size:14px;\">\r\n	虽然机构中没有任何人能确切“掌握”个人在网络中的行为，但信息被滥用的可能性仍然存在。从政策角度看，所有情况都会被软件所“了解”，而该机构的分析人士则从这一庞大的系统流程数据海洋中搜寻异常状况（例如违法活动）。\r\n</p>\r\n<p style=\"color:#333333;background-color:#F8F8F8;text-indent:28px;font-family:宋体;font-size:14px;\">\r\n	当然，这里说的是谷歌公司。大多数用户对于谷歌在“大数据”方面的处理并不在意，因为我们在很大程度上接受了由其提供的恩惠——虽然谷歌也确实从我们的活动中赚到了丰厚的经济回报。不过如果我们把“谷歌”这个名字消去，转而替换为“国家安全局”，那么事情在很多人眼中就会变得完全不同。\r\n</p>\r\n<p style=\"color:#333333;background-color:#F8F8F8;text-indent:28px;font-family:宋体;font-size:14px;\">\r\n	事实上国家安全局的PRISM程序以及对手机运营商通话元数据的收集与谷歌公司的处理方式并无不同：获取大量数据、从中找到信息之间的联系；整个过程无需手动操作，而且由专业分析人士从中提取“例外”情况。二者之间的本质区别只在于，如果国家安全局发现了异常事态，那么根据外国情报监视法（简称FISA）的有关规定，联邦调查局的特工人员将有权进一步监控甚至敲开我们的大门。\r\n</p>\r\n<p style=\"color:#333333;background-color:#F8F8F8;text-indent:28px;font-family:宋体;font-size:14px;\">\r\n	那么，国家安全局所搜集的“大数据”到底包含哪些内容、他们又能对这些信息做些什么？\r\n</p>',NULL),
 (29,29,'<p style=\"color:#333333;background-color:#F8F8F8;text-indent:28px;font-family:宋体;font-size:14px;\">\r\n	<strong>从网络干流中提取信息</strong>\r\n</p>\r\n<p style=\"color:#333333;background-color:#F8F8F8;text-indent:28px;font-family:宋体;font-size:14px;\">\r\n	让我们姑且不谈美国法律对于国家安全局行事方式的默认，转而关注其它一些能够对其加以约束的理论：也就是物理学法则与摩尔定律。国家安全局有能力从电话网络交换流量与互联网中收集大量数据，而且这种情况长期以来一直存在。由于电话公司本身的积极配合，安全局能够进行深度包检测、拥有数据包捕获硬件以及其它一些信号监控手段。然而他们原先一直无法真正捕捉并保存用户们所产生的全部数据，更无法将其无限期加以留存——但现在情况发生了变化，谷歌与雅虎的新机制让这两项艰巨任务成为可能。\r\n</p>\r\n<p style=\"color:#333333;background-color:#F8F8F8;text-indent:28px;font-family:宋体;font-size:14px;\">\r\n	我们都知道，国家安全局监控民众资料的消息来自前AT&amp;T公司员工MarkKlein。他曾于2006年为AT&amp;T工作，并帮助国家安全局在AT&amp;T的全球网光纤主干上安装了类似于“水龙头”的分流装置，借以将数据信息引导至由一款名为Narus流量语义洞察分析器的工具。（该设备后来被更名为‘智能流量分析器’，或者简称为ITA。）\r\n</p>\r\n<p style=\"color:#333333;background-color:#F8F8F8;text-indent:28px;font-family:宋体;font-size:14px;text-align:center;\">\r\n	<a target=\"_blank\" href=\"http://s1.51cto.com/wyfs01/M00/0F/14/wKioOVG5IALiYVBcAABHgwrq1Fg349.jpg\"><img class=\"fit-image\" border=\"0\" alt=\"美国国家安全局能利用“大数据”做些什么\" width=\"498\" height=\"373\" src=\"http://s1.51cto.com/wyfs01/M00/0F/14/wKioOVG5IALiYVBcAABHgwrq1Fg349.jpg\" /></a>\r\n</p>\r\n<p style=\"color:#333333;background-color:#F8F8F8;text-indent:28px;font-family:宋体;font-size:14px;\">\r\n	AT&amp;T公司位于旧金山福尔逊街的“秘密房间”被认为是该公司全国几套互联网监听基础设施之一，专门为国家安全局提供数据资料。\r\n</p>\r\n<p style=\"color:#333333;background-color:#F8F8F8;text-indent:28px;font-family:宋体;font-size:14px;\">\r\n	Narus的设备还被联邦调查局用于替代原先由其自主研发的“Carnivore”系统。它会对“配对标签”数据包（即数据包的属性与数值监控对象）进行扫描，并保留与设定条件相匹配的数据包信息。我曾在2012年9月对Narus公司网络分析产品管理总监NeilHarrington进行过采访，Harrington表示该公司的洞察系统能够以每秒达GB级别的速度对数据进行分析与排序。“通常采用一个万兆以太网接口，而且全力启动后系统的数据吞吐通能力可达到12Gb每秒。由于20Gb处理能力无法实现，因此我们选择了12Gb方案。如果我们暂时关闭不感兴趣的配对标签，则处理效率还能进一步提升。\r\n</p>\r\n<p style=\"color:#333333;background-color:#F8F8F8;text-indent:28px;font-family:宋体;font-size:14px;\">\r\n	单独一台NarusITA每秒能够处理1.5GB数据包信息的全部内容。这意味着其每小时处理能力达到5400GB、每天则为129.6TB，这还只是一个万兆网络装置的水准。所有数据都通过专有信息传输协议被归纳到一组逻辑服务器当中，数据包内容在这里被处理并重新匹配，从而把每天上PB的总体数据量降低至GB级别。具体方法是制作数据流量列表（在表中填写数据包的元数据内容）与应用程序数据列表。\r\n</p>\r\n<p style=\"color:#333333;background-color:#F8F8F8;text-indent:28px;font-family:宋体;font-size:14px;\">\r\n	国家安全局的这套网络“龙头”分流机制在美国及世界其它区域都普遍存在。不过在如此庞大的数据流面前，如何从中提取数据包并分析出真正有价值的信息是安全局方面面临的最大难题。存储、索引与分析工作需要面对超乎想象的规模化对象。根据思科公司的统计，2012年全球互联网流量每天达1.1艾字节，单从物理角度讲将其存储下来就已经无法实现，更不要说实际使用了。因此，国家安全局目前所捕捉并保留的数据总量仅占每天全球互联网流量中的一小部分。\r\n</p>\r\n<p style=\"color:#333333;background-color:#F8F8F8;text-indent:28px;font-family:宋体;font-size:14px;\">\r\n	另一大难点在于截获的数据包往往受到安全套接层（简称SSL）加密机制的保护。即使是在理想情况下，破解SSL加密机制也需要投入高昂成本，而且根本不可能应用到所有互联网流量当中（尽管针对伊朗的Flame恶意软件攻击已经证明SSL机制可以被破解）。因此，虽然美国国家安全局有能力掌握数据流的真实内容，但他们恐怕无法以实时方式获取这部分信息。\r\n</p>',NULL),
 (30,30,'<p style=\"color:#333333;background-color:#F8F8F8;text-indent:28px;font-family:宋体;font-size:14px;\">\r\n	<strong>原始社交网络</strong>\r\n</p>\r\n<p style=\"color:#333333;background-color:#F8F8F8;text-indent:28px;font-family:宋体;font-size:14px;\">\r\n	根据2006年曝出的消息，互联网监控还不是国家安全局的惟一一种数据收集方式。就在同年五月，有消息称安全局从电话运营商处获取到通话数据库，其中包含大量通话数据记录（例如通话时间与通话时长、相关电话号码以及移动设备本地数据等等）。这套数据库建立于2001年“911”恐怖袭击事件后不久，而且得到了AT&amp;T、Verizon与BellSouth三家运营商的支持。长途通信供应商Qwest通讯公司则由于不认同FISA的合法地位而拒绝加入该计划。\r\n</p>\r\n<p style=\"color:#333333;background-color:#F8F8F8;text-indent:28px;font-family:宋体;font-size:14px;\">\r\n	根据《今日美国》发布的报告，国家安全局利用这套数据库进行“社交网络分析”。虽然分析流程主要是希望找出涉及海外个人的通话记录，但安全局方面仍然从运营商处获得了整套记录数据库，其中包括国内电话信息。\r\n</p>\r\n<p style=\"color:#333333;background-color:#F8F8F8;text-indent:28px;font-family:宋体;font-size:14px;\">\r\n	这套数据库（或者至少是其后续方案）被称为MARINA，《伦敦周刊》的MarcAmbinder报道称。而且根据上周英国《卫报》公布的文档，国家安全局仍然在无差别收集美国国内及涉外两类电话信息——目前惟一的区别在于FISA已经得到正式许可。根据FISA法令，其信息收集范围包括“广义通讯路径信息，包括但不限于对话识别信息（例如呼入呼出电话号码、国际移动用户识别码（简称IMEI）等）、端口标识、电话卡号码以及呼叫时间与时长。”\r\n</p>\r\n<p style=\"color:#333333;background-color:#F8F8F8;text-indent:28px;font-family:宋体;font-size:14px;\">\r\n	2006年，《今日美国》称这套通话数据库是“世界上规模最大的数据库”。该数据库处理着数以十亿记的电话记录数据，而这无疑是安全局物理空间难题的早期翻版。在如今互联网全面爆发的时代，监控工作的规模与难度无疑又会进一步提升。另外，要想通过电话信息推断人与人之间的关系，恐怕需要对大量柱状数据进行索引与分析。\r\n</p>',NULL),
 (31,31,'<p style=\"color:#333333;background-color:#F8F8F8;text-indent:28px;font-family:宋体;font-size:14px;\">\r\n	<strong>神秘的社交图谱</strong>\r\n</p>\r\n<p style=\"color:#333333;background-color:#F8F8F8;text-indent:28px;font-family:宋体;font-size:14px;\">\r\n	颇为讽刺的是，几乎在同一时间，谷歌与雅虎等互联网公司开始着手部署计划、希望解决大数据的存储与分析难题。2006年11月，谷歌公司率先公布了BigTable数据库计划书，称其有能力对PB级别的网络数据进行索引，且支持谷歌地球及其它应用程序。雅虎也不甘示弱，在努力追赶谷歌GFS文件系统（也就是BigTable的基础）的同时拿出了自己的成果——Hadoop。\r\n</p>\r\n<p style=\"color:#333333;background-color:#F8F8F8;text-indent:28px;font-family:宋体;font-size:14px;\">\r\n	BigTable与基于Hadoop的数据库为国家安全局指出了一条光明大道，使其真正有能力对获得的海量数据进行处理。但二者在服务情报工作方面还存在一大致命缺点：区分化安全（或者说广义层面上的安全性缺失）。因此在2008年，安全局方面决定着手建立一套更为理想的BigTable版本，也就是目前归属于Apache基金会的Accumulo项目。\r\n</p>\r\n<p style=\"color:#333333;background-color:#F8F8F8;text-indent:28px;font-family:宋体;font-size:14px;\">\r\n	Accumulo是一套“NoSQL”数据库，以键值对为基础。其设计思路类似于谷歌的Big Table与Amazon的Dynamo DB，但Accumulo却拥有一部分由国家安全局亲自设计的特殊安全功能，例如多级安全访问机制。该项目利用开源Hadoop平台及其它Apache产品创建而来。\r\n</p>\r\n<p style=\"color:#333333;background-color:#F8F8F8;text-indent:28px;font-family:宋体;font-size:14px;\">\r\n	在众多功能当中，Column Visibility值得关注，该功能允许数据行中的个别项目拥有不同分类属性。这样一来，拥有不同数据访问权限的用户与应用程序就能在信息列中查看与其职责匹配的数据内容。访问权限较低的用户无法阅读当前列中级别较高的数据。\r\n</p>\r\n<p style=\"color:#333333;background-color:#F8F8F8;text-indent:28px;font-family:宋体;font-size:14px;\">\r\n	Accumulo还能够通过特定模式以几乎实时的方式生成数据报告。举例来说，该系统可以根据某个IP地址范围找到特定的关键词或者电子邮件信息；它还能够以某个目标电话号码为基础分析出其它号码与之关联的程度。经过甄别后，它会将有价值的电子邮件或者电话号码传出另一套数据库，以供安全局工作人员慢慢加以分析。\r\n</p>\r\n<p style=\"color:#333333;background-color:#F8F8F8;text-indent:28px;font-family:宋体;font-size:14px;\">\r\n	换句话来说，Accumulo为国家安全局带来与谷歌同样的电子邮件与网络搜索分析能力——互联网上的任意操作、通话过程中的全部内容，一切都在其掌控之中。\r\n</p>\r\n<p style=\"color:#333333;background-color:#F8F8F8;text-indent:28px;font-family:宋体;font-size:14px;\">\r\n	它的运行基于名为“迭代器”的特定服务器进程类型。这些代码会持续处理输入的信息并以新型模式生成反馈报告。由于查询PB级数据库并等待响应往往需要耗费大量时间，特别是不断有新数码加入进来的情况下，因此迭代器就像是一群不知疲倦的小蚂蚁、日夜帮助国家安全局进行数据处理工作。\r\n</p>\r\n<p style=\"color:#333333;background-color:#F8F8F8;text-indent:28px;font-family:宋体;font-size:14px;\">\r\n	Accumulo还只是安全局武器库中的成员之一。由Accumulo生成的融合数据会被传输至Palantir的分析数据库及其Graph应用程序当中，能利用这些工具完成分析。Graph能够根据属性、关系以及基于此类关系的搜索行为在不同“实体”之间建立虚拟化连接——这些关系从概念上讲类似于Facebook的Unicorn搜索与社交图谱、谷歌的KnowledgeGraph以及微软研究院的Satori。\r\n</p>\r\n<p style=\"color:#333333;background-color:#F8F8F8;text-indent:28px;font-family:宋体;font-size:14px;\">\r\n	Palantir这类工具只能与大数据库中的小型子集协作，例如MARINA电话数据库。不过由Accumulo实现的后端工作能从规模大到无法由分析工具管理的海量数据中抽取出数据集。由于安全局与其它社交网络相互连通，关系类数据还拥有另一种处理源头，这就是PRISM。\r\n</p>',NULL),
 (32,32,'<p style=\"color:#333333;background-color:#F8F8F8;text-indent:28px;font-family:宋体;font-size:14px;\">\r\n	<strong>PRISM也走后门</strong>\r\n</p>\r\n<p style=\"color:#333333;background-color:#F8F8F8;text-indent:28px;font-family:宋体;font-size:14px;\">\r\n	国家安全局监控互联网通信的障碍之一在于SSL。从表面上看，以Gmail、Facebook以及原先也曾人气爆棚的Hotmail这类“云”服务令分析难题更加难以克服，因为它们等于是在SSL的保护之下为会话加入更多交互机制。然而讽刺的是，这些通信服务本身反而降低了安全局利用PRISM方案收集受保护数据的难度。\r\n</p>\r\n<p style=\"color:#333333;background-color:#F8F8F8;text-indent:28px;font-family:宋体;font-size:14px;\">\r\n	根据国家安全局承包商Edward Snowden泄露出的图片信息（已经由&lt;华盛顿邮报&gt;与&lt;卫报&gt;刊发），微软公司早在2007年就开始为安全局方面提供数据。在这一计划中，国家安全局开始访问云服务背后的服务器并查看用户数据，这等于是绕过了SSL保护机制、直接触及存储数据。\r\n</p>\r\n<p style=\"color:#333333;background-color:#F8F8F8;text-indent:28px;font-family:宋体;font-size:14px;\">\r\n	PRISM为国家安全局提供了一条与云供应商相通的网络纽带。不过目前对于安全局如何通过PRISM与云供应商对接还存在一些争议。《卫报》与《华盛顿邮报》在文章中将其称为通向服务器的“坦途”。不过《卫报》与《纽约时报》也报道称，微软表示其信息供应机制与DropBox非常相似，即设立一个由服务向安全局递交数据的“安全在线空间”，且与其服务器内容同步。其中容纳的信息包括用户从何处接入服务、他们与哪些对象进行沟通、电子邮件中的原始数据以及共享的文档等。其实联邦调查局也一直在进行类似的信息收集工作，但有趣的是曝出这条新闻的正是其同行——中央情报局主管DavidPatraeus与他的传记作家PaulaBroadwell。\r\n</p>\r\n<p style=\"color:#333333;background-color:#F8F8F8;text-indent:28px;font-family:宋体;font-size:14px;\">\r\n	国家安全局理论上可以将这些来自服务的元数据大量导出以实现内容搜索的全面性。然而事实上这根本不现实，理由很简单——他们没有那么大的存储空间。安全局方面根本不可能亲自保存包括电子邮件及附件在内的规模化应用程序数据。PRISM也允许安全局通过服务对特定对象的操作进行监控，包括临场数据（在其上线时自动通知安全局工作人员）、即时消息、视频与语音聊天以及利用服务实现的IP语音电话等。\r\n</p>\r\n<p style=\"color:#333333;background-color:#F8F8F8;text-indent:28px;font-family:宋体;font-size:14px;\">\r\n	国家安全局位于犹他州布拉夫代尔的数据中心正在建设之中，将配备泽字节级别的存储能力。\r\n</p>',NULL),
 (33,33,'<p style=\"color:#333333;background-color:#F8F8F8;text-indent:28px;font-family:宋体;font-size:14px;\">\r\n	<strong>途径与方式</strong>\r\n</p>\r\n<p style=\"color:#333333;background-color:#F8F8F8;text-indent:28px;font-family:宋体;font-size:14px;\">\r\n	有了收集得来的海量数据，我们就能很容易理解为什么安全局要在犹他州兴建拥有泽字节级别存储能力的数据中心了。另外，大家应该也能理解为什么隐私保护倡导者们会担心政府方面可能滥用个人数据。\r\n</p>\r\n<p style=\"color:#333333;background-color:#F8F8F8;text-indent:28px;font-family:宋体;font-size:14px;\">\r\n	我们先把政策放在一边，专注于审视当前监控体系的功能。国家安全局手中的技术能够创建出覆盖数亿人口的地理与关系图，其监控能力甚至超出了美国本土，这意味着我们的日常沟通都面临着被侵入的威胁。安全局同样有能力保护这些数据免受闲杂人等的窥探。而且在必要时，相信安全局也有能力让信息远离犯罪分子的觊觎。\r\n</p>\r\n<p style=\"color:#333333;background-color:#F8F8F8;text-indent:28px;font-family:宋体;font-size:14px;\">\r\n	即使已经开始着手建设如此庞大的数据中心，国家安全局仍然没有能力收集整个互联网的数据流量。但安全局事实上也不一定要通过捕捉全部信息来掌握特殊人士的动向——单是从流量中整理出的元数据已经足以勾勒出特定对象在网络上的大体活动。\r\n</p>\r\n<p style=\"color:#333333;background-color:#F8F8F8;text-indent:28px;font-family:宋体;font-size:14px;\">\r\n	现在的问题不在于国家安全局能或者不能勘破个人用户的数字化生活轨迹、并以“国家公敌”的形式动用一切力量打击特定对象。真正的关键是，安全局方面是否有能力将管理政策落实到位、保证这种强大的感知能力不会被滥用。当然，安全局的内部数据库肯定采用了更深入的信息划分机制，但外界对于这种保障措施的严格程度无从知晓。\r\n</p>\r\n<p style=\"color:#333333;background-color:#F8F8F8;text-indent:28px;font-family:宋体;font-size:14px;\">\r\n	国家情报主任JamesClapper及其他一些美国官员称，法律承诺这些数据“不会被用于故意针对任何美国公民、身处境外的美国人或者任何身处美国本土的人士。”然而EdwardSnowden的声明告诉我们，光靠法律的制约还远远不够，国家安全局需要出台更严厉的措施来保证其项目承包商不会将这套搜索引擎体系用于个人目的。\r\n</p>',NULL),
 (34,34,'<p style=\"color:#333333;background-color:#F8F8F8;text-indent:28px;font-family:宋体;font-size:14px;\">\r\n	昨日，微软Windows系统正式发布6月例行安全补丁，其中MS13-048用于修复一个秘密报告的Windows内核中存在的可能导致信息泄露的漏洞，编号为KB2839229。在该补丁程序发布后不久，部分用户在安装该补丁程序后，计算机出现系统重启后就无法正常进入系统界面，同时<a href=\"http://os.51cto.com/art/201306/397985.htm\" target=\"_blank\">导致计算机屏幕蓝屏现象出现</a>。\r\n</p>\r\n<p style=\"color:#333333;background-color:#F8F8F8;text-indent:28px;font-family:宋体;font-size:14px;\">\r\n	（该补丁适用于Windows XP SP3、Windows Server 2003 SP2、Vista SP2、32位Windows Server 2008 SP2、32位Windows 7 SP1、32位Windows 8。其它系统用户无需担心）\r\n</p>\r\n<p style=\"color:#333333;background-color:#F8F8F8;text-indent:28px;font-family:宋体;font-size:14px;\">\r\n	业内人士介绍，引发部分国内用户出现升级蓝屏现象出现，是因为KB2839229补丁程序存在一定设计问题，由于该补丁程序修改了系统内核函数后，并未修改相应系统版本号，从而导致安全软件驱动程序按照打补丁前逻辑，对计算机系统进行保护，而新补丁程序与安全软件驱动程序发生冲突，从而导致计算机系统蓝屏。\r\n</p>\r\n<p style=\"color:#333333;background-color:#F8F8F8;text-indent:28px;font-family:宋体;font-size:14px;\">\r\n	据了解，遭受到本次升级蓝屏冲突的用户，可以通过以下方式进行解决：\r\n</p>\r\n<p style=\"color:#333333;background-color:#F8F8F8;text-indent:28px;font-family:宋体;font-size:14px;\">\r\n	<strong>Windows&nbsp;XP系统解决方法：</strong>\r\n</p>\r\n<p style=\"color:#333333;background-color:#F8F8F8;text-indent:28px;font-family:宋体;font-size:14px;\">\r\n	1、 开机时按F8，选择进入安全模式\r\n</p>\r\n<p style=\"color:#333333;background-color:#F8F8F8;text-indent:28px;font-family:宋体;font-size:14px;\">\r\n	2、在安全模式下打开“开始菜单--控制面板”\r\n</p>\r\n<p style=\"color:#333333;background-color:#F8F8F8;text-indent:28px;font-family:宋体;font-size:14px;\">\r\n	3、在控制面板中找到 添加/删除程序 选项\r\n</p>\r\n<p style=\"color:#333333;background-color:#F8F8F8;text-indent:28px;font-family:宋体;font-size:14px;\">\r\n	4、找到KB2839229补丁更新的卸载程序，选择卸载。\r\n</p>\r\n<p style=\"color:#333333;background-color:#F8F8F8;text-indent:28px;font-family:宋体;font-size:14px;\">\r\n	5、卸载后再重启电脑可恢复正常。\r\n</p>\r\n<p style=\"color:#333333;background-color:#F8F8F8;text-indent:28px;font-family:宋体;font-size:14px;\">\r\n	<strong>Windows 7系统解决方法：</strong>\r\n</p>\r\n<p style=\"color:#333333;background-color:#F8F8F8;text-indent:28px;font-family:宋体;font-size:14px;\">\r\n	1、开机时按F8，选择进入安全模式\r\n</p>\r\n<p style=\"color:#333333;background-color:#F8F8F8;text-indent:28px;font-family:宋体;font-size:14px;\">\r\n	2、在安全模式下打开控制面板\r\n</p>\r\n<p style=\"color:#333333;background-color:#F8F8F8;text-indent:28px;font-family:宋体;font-size:14px;\">\r\n	3、在控制面板中找到“卸载程序”选项\r\n</p>\r\n<p style=\"color:#333333;background-color:#F8F8F8;text-indent:28px;font-family:宋体;font-size:14px;\">\r\n	4、打开卸载程序界面后选择左边的“查看已安装的更新”\r\n</p>\r\n<p style=\"color:#333333;background-color:#F8F8F8;text-indent:28px;font-family:宋体;font-size:14px;\">\r\n	5、打开“查看已安装的更新”界面后，在卸载更新列表中找到KB2839229补丁右键点击卸载即可，卸载后重启电脑可恢复正常。\r\n</p>\r\n<p style=\"color:#333333;background-color:#F8F8F8;text-indent:28px;font-family:宋体;font-size:14px;\">\r\n	在发现该补丁程序可能导致计算机系统蓝屏后，金山毒霸立即停止了对该补丁程序的推送，并迅速启动应急预案，排查可能导致用户系统蓝屏的问题，第一时间进行全网升级，保证金山毒霸用户在升级补丁程序后不出现上述蓝屏问题。目前，金山毒霸已经全面解决该补丁程序造成的蓝屏情况，建议大家升级至金山毒霸最新版之后再安装补丁。\r\n</p>\r\n<p style=\"color:#333333;background-color:#F8F8F8;text-indent:28px;font-family:宋体;font-size:14px;\">\r\n	（如果用户依然无法自行解决该问题，建议通过以下渠道和与金山毒霸官方人员联系，金山毒霸将在第一时间为用户提供解决方案：1.热线电话：400-610-7777；2.官方论坛：bbs.duba.net）\r\n</p>',NULL),
 (35,35,'<p style=\"color:#333333;background-color:#F8F8F8;text-indent:28px;font-family:宋体;font-size:14px;\">\r\n	微软昨日向全球用户推送了6月安全补丁，共5个，其中MS13-048用于修复一个秘密报告的Windows内核中存在的可能导致信息泄露的漏洞，编号为KB2839229，该补丁适用于Windows XP SP3、Windows Server 2003 SP2、Vista SP2、32位Windows Server 2008 SP2、32位Windows 7 SP1、32位Windows 8。\r\n</p>\r\n<p style=\"color:#333333;background-color:#F8F8F8;text-indent:28px;font-family:宋体;font-size:14px;\">\r\n	不过，我们建议大家暂且不要安装该补丁。今天，不少国内用户在各论坛反映，安装KB2839229并重启系统后，机器出现蓝屏，无法访问系统。目前反馈该问题的大都为XP和Windows 7用户。\r\n</p>\r\n<p style=\"color:#333333;background-color:#F8F8F8;text-indent:28px;font-family:宋体;font-size:14px;\">\r\n	如果你已经安装过该补丁，并且也不幸遇到了蓝屏，可以尝试在安全模式（开机时按F8）下卸载该补丁，系统就会恢复正常。\r\n</p>\r\n<p style=\"color:#333333;background-color:#F8F8F8;text-indent:28px;font-family:宋体;font-size:14px;\">\r\n	如果你已经安装过该补丁，尚未重启，为避免可能遭遇蓝屏问题，可以到控制面板-卸载程序-查看已安装的更新，在列表中选中KB2839229，右键点击，然后卸载即可。\r\n</p>\r\n<p style=\"color:#333333;background-color:#F8F8F8;text-indent:28px;font-family:宋体;font-size:14px;\">\r\n	当然了，也有很多用户表示自己安装该补丁后一切正常，并未出现蓝屏问题，而且我们也尚未见到国外用户反映此问题，不清楚问题出在哪里。目前已向微软反馈此问题，在微软回应前，请大家谨慎安装补丁，在安装本月补丁时将KB2839229勾选掉。\r\n</p>',NULL),
 (36,36,'<p style=\"color:#333333;background-color:#F8F8F8;text-indent:28px;font-family:宋体;font-size:14px;\">\r\n	本文我们将会对Windows Server 2012中新增加的几项功能进行深入分析。\r\n</p>\r\n<p style=\"color:#333333;background-color:#F8F8F8;text-indent:28px;font-family:宋体;font-size:14px;\">\r\n	到目前为止，我们陆续讨论过虚拟化可以带来的各种好处，以及部署虚拟机需要经历的几个阶段。现在，在接下来的最后一部分中，我们就将会对Windows Server 2012中新增加以及进行过改进的数项出色功能进行深入讨论。\r\n</p>\r\n<p style=\"color:#333333;background-color:#F8F8F8;text-indent:28px;font-family:宋体;font-size:14px;\">\r\n	<strong>实时迁移功能</strong>\r\n</p>\r\n<p style=\"color:#333333;background-color:#F8F8F8;text-indent:28px;font-family:宋体;font-size:14px;\">\r\n	大家必须明白，一旦业务流程从单台主机服务器迁移到虚拟服务器之上，这项功能的重要性立即就会凸显出来。实际上，该功能最早出现的地方是Windows Server 2008 R2之上;当然， Windows Server 2012所使用的新版本又经过了大量改进。举例来说，现在即便服务器之间不存在任何共享存储部分的话，我们也能够将正在运行的虚拟机迁移过去了。\r\n</p>\r\n<p style=\"color:#333333;background-color:#F8F8F8;text-indent:28px;font-family:宋体;font-size:14px;\">\r\n	具体到实时迁移功能的配置，操作起来也极为简单。我们只需要将所有服务器都设置为相同域内的成员即可，剩下的工作就只有为每个系统配置一下运行用身份验证协议之类的基本设置了。现在，我们只要启动实时迁移功能，就可以将配置信息复制到目标服务器之上了。这就意味着，虚拟硬盘(除了那些使用共享存储的情况)以及虚拟机内存中的数据都可以被复制过去;而且，所有修改操作也会是同步进行的。\r\n</p>\r\n<p style=\"color:#333333;background-color:#F8F8F8;text-indent:28px;font-family:宋体;font-size:14px;text-align:center;\">\r\n	<img class=\"fit-image\" alt=\"深入分析Windows Server 2012中新增加的功能\" src=\"http://images.51cto.com/files/uploadimg/20130227/1635050.jpg?1361930649&amp;random=7686.988217388158\" width=\"498\" />\r\n</p>\r\n<p style=\"color:#333333;background-color:#F8F8F8;text-indent:28px;font-family:宋体;font-size:14px;\">\r\n	一旦源与目标之间的同步工作基本完成，虚拟机将会暂停几分之一秒的时间。余下的所有调整就能够实现完全同步，虚拟机则将将停止在源服务器上的运行，开始在目标服务器上工作。如果网络速度足够快的话，最终转换过程将会迅速到连使用者自己都无法察觉刚才发生过这么大变化的程度。\r\n</p>\r\n<p style=\"color:#333333;background-color:#F8F8F8;text-indent:28px;font-family:宋体;font-size:14px;\">\r\n	还有一种功能就是对存储进行迁移。如果大家使用的虚拟机群是运行在内部硬盘的HYPER-V服务器之上，而又希望在网络中增加一台SAN的话，这种处理方式就会属于可行选择。现在，我们要做的工作就是启动实时迁移功能，只不过迁移部分仅仅需要选择存储设备。这样的话，虚拟机就依然可以继续运行在现有服务器之上，而文件则会全部迁移到SAN中;并且，整个调整过程之中不会出现任何明显的停机时间。\r\n</p>',NULL),
 (37,37,'<p style=\"color:#333333;background-color:#F8F8F8;text-indent:28px;font-family:宋体;font-size:14px;\">\r\n	对于很多系统管理员来说，关于微软Windows Server服务器操作系统家族最新版本的问题不是“有什么新功能？”，而是“为什么要关注？”\r\n</p>\r\n<p style=\"color:#333333;background-color:#F8F8F8;text-indent:28px;font-family:宋体;font-size:14px;\">\r\n	Windows Server 2008 R2是一个不错的操作系统，而Windows Server 2012和Metro以及Windows 8一样饱受争议。但是答案很简单：Windows Server 2012相对于2008 R2是很大的一个飞跃，就像2008 R2相对于2003那样。\r\n</p>\r\n<p style=\"color:#333333;background-color:#F8F8F8;text-indent:28px;font-family:宋体;font-size:14px;\">\r\n	<span style=\"color:#333399;\">推荐专题：</span><a href=\"http://os.51cto.com/art/201208/354858.htm\" target=\"_blank\"><span style=\"color:#333399;\">Windows Server 2012，亮出你的本色</span></a>\r\n</p>\r\n<p style=\"color:#333333;background-color:#F8F8F8;text-indent:28px;font-family:宋体;font-size:14px;\">\r\n	Windows Server 2012有很多不错的新功能，它还改进了Windows早期版本将其从“从未使用的1.0版本”阶段带入到功能与稳定性兼备的阶段。下面是Windows Server 2012十大最佳特性：\r\n</p>\r\n<p style=\"color:#333333;background-color:#F8F8F8;text-indent:28px;font-family:宋体;font-size:14px;\">\r\n	<strong>1、SMB 3.0</strong>\r\n</p>\r\n<p style=\"color:#333333;background-color:#F8F8F8;text-indent:28px;font-family:宋体;font-size:14px;\">\r\n	SMB 3.0是Windows Server 2012一个重要的特性，它同时支持多种网络接口，能热插拔新的接口，为大型或者复杂传输增加带宽，并支持MPIO、自动精简配置和重复数据删除（假设底层存储是NTFS）。\r\n</p>\r\n<p style=\"color:#333333;background-color:#F8F8F8;text-indent:28px;font-family:宋体;font-size:14px;\">\r\n	SMB 3.0还支持SMB Direct和远程直接内存访问，能够将SMB数据直接从一个系统内存迁移到另一个，绕过SMB堆栈。这让微软能通过SMB 3.0实现16GBps的传输率。\r\n</p>\r\n<p style=\"color:#333333;background-color:#F8F8F8;text-indent:28px;font-family:宋体;font-size:14px;\">\r\n	尽管笔者已经装了Windows Server 2008 R2，但是经过分析发现升级到Server 2012是很值得的。而且考虑到IT预算比较紧张，所以Server 2012是一个不错的选择。\r\n</p>\r\n<p style=\"color:#333333;background-color:#F8F8F8;text-indent:28px;font-family:宋体;font-size:14px;\">\r\n	<strong>2、NFS 4.1</strong>\r\n</p>\r\n<p style=\"color:#333333;background-color:#F8F8F8;text-indent:28px;font-family:宋体;font-size:14px;\">\r\n	微软的NFS 4.1是一个很好的代码。它是完全从零开始设计的，高速、稳定并且可靠。它可以实现在异构环境之下一个很好的存储系统，以及面向VMware服务器的网络存储点。\r\n</p>\r\n<p style=\"color:#333333;background-color:#F8F8F8;text-indent:28px;font-family:宋体;font-size:14px;\">\r\n	<strong>3、iSCSI</strong>\r\n</p>\r\n<p style=\"color:#333333;background-color:#F8F8F8;text-indent:28px;font-family:宋体;font-size:14px;\">\r\n	微软通过Windows Storage Server 2008第一次提供了iSCSI目标。最终这也成为一个可以从微软网站上作为Server 2008 R2的一个选配功能下载下来，而且已经被作为核心组件集成到Windows Server 2012中。\r\n</p>\r\n<p style=\"color:#333333;background-color:#F8F8F8;text-indent:28px;font-family:宋体;font-size:14px;\">\r\n	<strong>4、Hyper-V Replica</strong>\r\n</p>\r\n<p style=\"color:#333333;background-color:#F8F8F8;text-indent:28px;font-family:宋体;font-size:14px;\">\r\n	Hyper-V Replica是一项设计在备份集群上持续复制虚拟机的存储技术，确保在不到15分钟时间内对关键虚拟机进行快照，并通过任何网络连接提供，包括互联网。\r\n</p>\r\n<p style=\"color:#333333;background-color:#F8F8F8;text-indent:28px;font-family:宋体;font-size:14px;\">\r\n	Hyper-V Replica第一次是做全快照，之后只发送变更的数据块，而且还支持虚拟机的快照。\r\n</p>\r\n<p style=\"color:#333333;background-color:#F8F8F8;text-indent:28px;font-family:宋体;font-size:14px;\">\r\n	<strong>5、Hyper-V 3.0</strong>\r\n</p>\r\n<p style=\"color:#333333;background-color:#F8F8F8;text-indent:28px;font-family:宋体;font-size:14px;\">\r\n	Windows Server 2012见证了Hyper-V不断追赶着步入主流。虽然从客观上说VMware仍然保持着领先，但是与System Center 2012结合的Hyper-V 3.0在能很好地用于用户案例中。\r\n</p>\r\n<p style=\"color:#333333;background-color:#F8F8F8;text-indent:28px;font-family:宋体;font-size:14px;\">\r\n	微软不再是虚拟化领域的旁观者，它已经成为一个有能力的扑食者并且在数据中心领域寻找新的猎物。\r\n</p>\r\n<p style=\"color:#333333;background-color:#F8F8F8;text-indent:28px;font-family:宋体;font-size:14px;\">\r\n	微软的Hyper-V Server（Hyper-V的免费Windows Core版本）是功能完整的。如果你使用PowerShell的话你可以运行完整的64节点、8000个虚拟机Hyper-V集群。\r\n</p>\r\n<p style=\"color:#333333;background-color:#F8F8F8;text-indent:28px;font-family:宋体;font-size:14px;\">\r\n	微软在PowerShell上的专注以及通过Hyper-V给VMware施加的压力，为第三方管理工具商带来了一个新的市场。虽然这些工具不入System Center那么强大，在免费却难于管理和强大却太过昂贵之间提供了一个很好的平衡点。这种新兴的生态系统将见证Hyper-V市场份额的增长。\r\n</p>\r\n<p style=\"color:#333333;background-color:#F8F8F8;text-indent:28px;font-family:宋体;font-size:14px;\">\r\n	<strong>6、重复数据删除</strong>\r\n</p>\r\n<p style=\"color:#333333;background-color:#F8F8F8;text-indent:28px;font-family:宋体;font-size:14px;\">\r\n	多年来，存储需求的增长一直远远快于硬盘密度的增长。满足我们对于数据存储的需求就意味着需要有更多的硬盘、控制器、机箱、电源、电力和冷却资源，以保持存储的正常运转。\r\n</p>\r\n<p style=\"color:#333333;background-color:#F8F8F8;text-indent:28px;font-family:宋体;font-size:14px;\">\r\n	最近几年，重复数据删除已经从一项可有可无的功能变成一项必备的功能，微软显然也注意到了这一点。Windows Server 2012在NTFS卷上支持重复数据删除功能（但不幸的是，它并不支持CSV），并且与BranchCache进行深度集成以节约WAN带宽。\r\n</p>\r\n<p style=\"color:#333333;background-color:#F8F8F8;text-indent:28px;font-family:宋体;font-size:14px;\">\r\n	<strong>7、集群共享卷</strong>\r\n</p>\r\n<p style=\"color:#333333;background-color:#F8F8F8;text-indent:28px;font-family:宋体;font-size:14px;\">\r\n	微软已经正式支持Server 2012 Cluster Shared Volumes，不在只是针对Hyper-V的虚拟硬盘使用。现在你可以部署自己的高可用性多节点复制存储集群。\r\n</p>\r\n<p style=\"color:#333333;background-color:#F8F8F8;text-indent:28px;font-family:宋体;font-size:14px;\">\r\n	<strong>8、DirectAccess</strong>\r\n</p>\r\n<p style=\"color:#333333;background-color:#F8F8F8;text-indent:28px;font-family:宋体;font-size:14px;\">\r\n	DirectAccess是一个不错的主意，但是在上一个Windows版本中运行的并不好。Windows Server 2012让它更易于使用，SSL作为默认的配置和IPSec选项，另外也不再强烈依赖于IPv6。\r\n</p>\r\n<p style=\"color:#333333;background-color:#F8F8F8;text-indent:28px;font-family:宋体;font-size:14px;\">\r\n	DirectAccess已经演变成一个合理的、可靠的、易于使用且可以期待虚拟专用网络的特性。\r\n</p>\r\n<p style=\"color:#333333;background-color:#F8F8F8;text-indent:28px;font-family:宋体;font-size:14px;\">\r\n	<strong>9、PowerShell</strong>\r\n</p>\r\n<p style=\"color:#333333;background-color:#F8F8F8;text-indent:28px;font-family:宋体;font-size:14px;\">\r\n	PowerShell 3.0是一种进化，而不是革命。有更多的PowerShell脚本其实并不是我会在意的事情。这就是说，Windows Server 2012标志着微软服务器管理方法上的一次改革。\r\n</p>\r\n<p style=\"color:#333333;background-color:#F8F8F8;text-indent:28px;font-family:宋体;font-size:14px;\">\r\n	Windows Server的每一个元素，甚至是其他像SQL、Exchange或者Lync都可以完全通过PowerShell进行管理。人们根深蒂固的认为，GUI就是一些能调用底层PowerShell脚本的小按钮。\r\n</p>\r\n<p style=\"color:#333333;background-color:#F8F8F8;text-indent:28px;font-family:宋体;font-size:14px;\">\r\n	PowerShell应该排在这个列表的第一位，但是要恰当使用它，就必须有强大的Google。官方文档虽不完整，Bing在搜索微软网络内容几乎没什么用。要感谢有PowerShell，微软已经准备好可以支持任何规模的用户。\r\n</p>\r\n<p style=\"color:#333333;background-color:#F8F8F8;text-indent:28px;font-family:宋体;font-size:14px;\">\r\n	<strong>10、IIS 8</strong>\r\n</p>\r\n<p style=\"color:#333333;background-color:#F8F8F8;text-indent:28px;font-family:宋体;font-size:14px;\">\r\n	十多年来，“把Windows作为网络服务器”的笑话在这里正式终结。\r\n</p>\r\n<p style=\"color:#333333;background-color:#F8F8F8;text-indent:28px;font-family:宋体;font-size:14px;\">\r\n	IIS 8支持脚本预编译、精确的流程限制、SNI支持和集中化的证书管理。最后，添加FTP服务器的功能也不错（它甚至有登录限制的功能），IIS 8成为Windows Server 2012物有所值的一个体现。\r\n</p>',NULL),
 (38,38,'<p style=\"color:#333333;font-family:Helvetica, Tahoma, Arial, sans-serif;font-size:14px;background-color:#FFFFFF;\">\r\n	2003年4月7日，马云在杭州成立了一个神秘的组织。他叫来十位员工，要他们签了一份协议，这份协议要求他们立刻离开阿里巴巴集团，去做一个神秘的项目。这个项目要求绝对保密，老马戏称“连说梦话被老婆听到都不行，谁要是透漏出去，我将追杀到天涯海角”。这份协议是英文版的，匆忙之间，大多数人根本来不及看懂，但出于对老马的信任，都卷起铺盖离开了阿里巴巴。<a href=\"http://cms.csdnimg.cn/article/201306/14/51baa9a77f11b.jpg\" target=\"_blank\"><img alt=\"\" src=\"http://cms.csdnimg.cn/article/201306/14/51baa9a77f11b.jpg\" border=\"0\" /></a>\r\n</p>\r\n<p style=\"color:#333333;font-family:Helvetica, Tahoma, Arial, sans-serif;font-size:14px;background-color:#FFFFFF;\">\r\n	他们去了一个神秘的据点——湖畔花园小区的一套未装修的房子里，房子的主人是马云。这伙人刚进去的时候，马云给他们布置了一个任务，就是在最短的时间内做出一个个人对个人（C2C）的商品交易的网站。这里出一个问题考考大家，看你适不适合做淘宝的创业团队：亲，要是让你来做，你怎么做？\r\n</p>\r\n<p style=\"color:#333333;font-family:Helvetica, Tahoma, Arial, sans-serif;font-size:14px;background-color:#FFFFFF;\">\r\n	在说出这个答案之前，我们先介绍一下这个创业团队的成员：三个开发工程师（虚竹、三丰、多隆）、一个UED工程师（二当家）、三个运营工程师（小宝、阿珂、破天）、一个经理（财神），以及马云和他的秘书。\r\n</p>\r\n<p style=\"color:#333333;font-family:Helvetica, Tahoma, Arial, sans-serif;font-size:14px;background-color:#FFFFFF;\">\r\n	当时对整个项目组来说，压力最大的就是时间，为什么时间这么重要呢？火云邪神先生说过“天下武功无坚不破，唯快不破”，还有一个原因就是当时eBay和易趣在资本方面正打得不可开交，我们是乘虚而入的，等他们反应过来就危险了。那怎么在最短的时间内把一个网站从零开始建立起来呢？了解淘宝历史的人都知道淘宝是在2003年5月10日上线的，2003年4月7日到5月10日，这之间只有一个月时间。要是你在这个团队里，你怎么做？不是“抄一个来”，我们的答案是——“买一个来”。\r\n</p>\r\n<p style=\"color:#333333;font-family:Helvetica, Tahoma, Arial, sans-serif;font-size:14px;background-color:#FFFFFF;\">\r\n	买一个网站显然比作一个网站要省事，但是他们的梦想可不是做一个小网站而已，要做大，就不是随便买一个就行的，要有比较低的维护成本，要能够方便地扩展和二次开发。那么接下来就是第二个问题：买一个什么样的网站？答案是：轻量一点的，简单一点的。于是买了这样一个架构的网站：LAMP（Linux+Apache+MySQL+PHP），这个直到现在还是一个很常用的网站架构模型，其优点是：无须编译，发布快速，PHP语言功能强大，能做从页面渲染到数据访问所有的事情，而且用到的技术都是开源、免费的。当时我们是从一个美国人那里买来的一个网站系统，这个系统的名字叫做PHPAuction（其官方网站&nbsp;http://www.phpauction.net，Auction即是拍卖的意思，这个名字很直白，一眼就可看出这个系统是用什么语言做的、用途是什么），PHPAuction有好几个版本，我们买的是最高版的，功能比较多，而且最重要的是对方提供了源代码。最高的版本比较贵，花了我们差不多2000美元（貌似现在降价了，只要946美元，在他们的网站上有明码标价的信息）。买来之后不是直接就能用的，需要很多本地化的修改，例如，修改一些数据类型，增加后台管理的功能，页面模板改得漂亮一点，页眉和页脚加上自己的站点简介等。其中最有技术含量的是对数据库进行了一个修改，原来是从一个数据库进行所有的读写操作，现在把它拆分成一个主库、两个从库，并且读写分离。这么做的好处有几点：存储容量增加了，有了备份，使得安全性增加了，读写分离使得读写效率得以提升（写要比读更加消耗资源，分开后互不干扰）。这样整个系统的架构就如下图所示。\r\n</p>\r\n<p style=\"color:#333333;font-family:Helvetica, Tahoma, Arial, sans-serif;font-size:14px;background-color:#FFFFFF;text-align:center;\">\r\n	<a href=\"http://cms.csdnimg.cn/article/201306/14/51ba8f289c1b2.jpg\" target=\"_blank\"><img src=\"http://cms.csdnimg.cn/article/201306/14/51ba8f289c1b2.jpg\" border=\"0\" /></a>\r\n</p>\r\n<p style=\"color:#333333;font-family:Helvetica, Tahoma, Arial, sans-serif;font-size:14px;background-color:#FFFFFF;\">\r\n	其中，pear&nbsp;DB是一个PHP模块，负责数据访问层。另外，他们也用开源的论坛系统PHPBB（&nbsp;<a href=\"http://www.phpbbchina.com/\" target=\"_blank\">http://www.phpbbchina.com</a>）搭建了一个小的论坛社区，在当时，论坛几乎是所有网站的标配。虚竹负责机器采购、配置、架设等，三丰和多隆负责编码，他们把交易系统和论坛系统的用户信息打通，给运营人员开发出后台管理的功能（Admin系统），把交易类型从只有拍卖这一种增加为拍卖、一口价、求购商品、海报商品（意思是还没推出的商品，先挂个海报出来，这是快速增加商品数的一个好方法）四种。（PHPAuction系统里只有拍卖的交易，Auction即拍卖的意思。@_行癫在微博中提到：今天，eBay所有的交易中，拍卖交易仍然占40%，而在中国，此种模式在淘宝几乎从一开始就未能占据优势，如今在主流的交易中几乎可以忽略不计。背后的原因一直令人费解，我大致可以给出其中一种解释，eBay基本上只在发达国家展开业务，制造业外包后，电子商务的基本群体大多只能表现为零散的个体间交易。）\r\n</p>\r\n<p style=\"color:#333333;font-family:Helvetica, Tahoma, Arial, sans-serif;font-size:14px;background-color:#FFFFFF;\">\r\n	在开发过程中，这个项目的代号是BMW（没错！就是宝马的意思）。这个是二当家提出的建议，二当家特别喜欢宝马，他希望我们的网站也如同宝马一样漂亮、快速、安全，充满乐趣。二当家现在的座驾就是一辆宝马X5，算是得偿所愿了。在上线的时候需要给这个网站取个名字，为了不引起eBay的注意，这个名字要撇开与阿里巴巴的关系，所以“阿里爷爷”、“阿里舅舅”之类的域名是不能用的。这时候，美女阿珂提供了一个很好听的名字“淘宝”。因为她家里有人热爱收藏古董，经常去市场上淘宝贝，而她本人也非常热爱逛街，享受“淘”的乐趣，她觉得“淘宝”两个字特别符合网站的定位（阿珂说想到这个名字的时候，脑子里一道闪电劈过，真的是“灵光一闪”。后来“支付宝”的名字也是阿珂取的）。于是这个大名就定了下来，淘宝网横空出世了。\r\n</p>\r\n<p style=\"color:#333333;font-family:Helvetica, Tahoma, Arial, sans-serif;font-size:14px;background-color:#FFFFFF;text-align:center;\">\r\n	<a href=\"http://cms.csdnimg.cn/article/201306/14/51ba8f440357b.jpg\" target=\"_blank\"><img alt=\"\" src=\"http://cms.csdnimg.cn/article/201306/14/51ba8f440357b.jpg\" border=\"0\" /></a>\r\n</p>\r\n<p style=\"color:#333333;font-family:Helvetica, Tahoma, Arial, sans-serif;font-size:14px;background-color:#FFFFFF;\">\r\n	<br />\r\n在接下来的大半年时间里，这个网站迅速显示出了它的生机。这里有必要提一下当时的市场环境，非典（SARS）的肆虐使得大家都不敢出门，尤其是去类似商场等人多的地方。另外，在神州大地上最早出现的C2C网站易趣也正忙得不亦乐乎，2002年3月，eBay以3000万美元收购了易趣公司33%的股份，2003年6月以1.5亿美元收购了易趣公司剩余67%的股份。当时，淘宝网允许买卖双方留下联系方式，允许同城交易，整个操作过程简单轻松。而eBay是收费的，为了收取交易佣金，eBay禁止买卖双方这么做，这必然增加了交易过程的难度。而且eBay为了全球统一，把易趣原来的系统替换成了美国eBay的系统，用户体验一下全变了，操作起来非常麻烦，很多易趣的卖家在那边都混不下去了，这等于是把积累的用户拱手送给了淘宝。为了不引起eBay的注意，淘宝网在2003年里一直声称自己是一个“个人网站”。由于这个创业团队强大的市场开拓和运营能力，淘宝网的发展非常迅猛，2003年年底就吸引了注册用户23万个，每日31万个PV，从2003年5月到同年年底成交额达3371万元。这没有引起eBay的注意，却引起了阿里巴巴内部很多员工的注意，他们觉得这个网站以后会成为阿里巴巴强劲的对手，甚至有人在内网发帖，忠告管理层要警惕这个刚刚起步的网站，但管理层似乎无动于衷。（这个团队的保密工作做得真好！）\r\n</p>\r\n<p style=\"color:#333333;font-family:Helvetica, Tahoma, Arial, sans-serif;font-size:14px;background-color:#FFFFFF;\">\r\n	<b>作者子柳：本名赵超，2004年加入淘宝网，取花名子柳。历任开发工程师、项目经理、产品经理、测试经&nbsp;理，2009年随着淘宝系统的大规模重构和人才的迅速扩张，创办了“淘宝技术大学”，培养内外部工&nbsp;程师众多，人称“校长”。2011年将培训中的内容写成文章发表，遂一发不可收拾，总结了淘宝十年&nbsp;的技术之路，乃成本书。</b>\r\n</p>\r\n<p style=\"color:#333333;font-family:Helvetica, Tahoma, Arial, sans-serif;font-size:14px;background-color:#FFFFFF;\">\r\n	<b>本文节选自《淘宝技术这十年》一书，子柳著，由电子工业出版社出版。</b>\r\n</p>',NULL),
 (39,39,'<span style=\"color:#333333;font-family:Helvetica, Tahoma, Arial, sans-serif;font-size:14px;line-height:24px;background-color:#FFFFFF;\">几乎和苹果公司的WWDC如出一辙，开始前是播放短片，宣传和总结Google旗下产品线的历史（Android、Google&nbsp;Maps、Chrome等）以及现在的普及状况。当倒计时10秒结束，麦克风传来：“Ladies&nbsp;and&nbsp;gentlemen,&nbsp;please&nbsp;welcome&nbsp;senior&nbsp;vice&nbsp;president&nbsp;Vic&nbsp;Gundotra”&nbsp;。台下一片欢呼，也预示本届Google&nbsp;I/O&nbsp;Keynote正式开始。Vic系Google高级副总裁，2007年加入Google，是Google+的主负责人，同时也是Google&nbsp;Reader下线的幕后操控者。Vic上来先是寒暄几句，然后微笑地欢迎所有开发者——6000余名现场观众，4万余名从90个国家通过远程会议连线的开发者，以及100多万线上观众同时关注这一技术盛会，Google&nbsp;I/O的影响力可见一斑。接下来，Google其他高管悉数上场，他们各自介绍并展示Google现有产品线Android、Chrome、Search、Google+和Google&nbsp;Maps的更新。&nbsp;</span><br />\r\n<br />\r\n<a href=\"http://cms.csdnimg.cn/article/201305/28/51a41472064f9.jpg\" target=\"_blank\"><img src=\"http://cms.csdnimg.cn/article/201305/28/51a41472064f9.jpg\" border=\"0\" /></a><br />\r\n<p style=\"color:#333333;font-family:Helvetica, Tahoma, Arial, sans-serif;font-size:14px;background-color:#FFFFFF;\">\r\n	<b><br />\r\n</b>\r\n</p>\r\n<p style=\"color:#333333;font-family:Helvetica, Tahoma, Arial, sans-serif;font-size:14px;background-color:#FFFFFF;\">\r\n	<b>Android&nbsp;</b>\r\n</p>\r\n<p style=\"color:#333333;font-family:Helvetica, Tahoma, Arial, sans-serif;font-size:14px;background-color:#FFFFFF;\">\r\n	毫无疑问，在移动互联网迅猛发展的今天，Android无疑是Google公司的重中之重。Google&nbsp;I/O上的统计更新数据如下。\r\n</p>\r\n<ul style=\"color:#333333;font-family:Helvetica, Tahoma, Arial, sans-serif;font-size:14px;background-color:#FFFFFF;\">\r\n	<li>\r\n		总计9亿Android设备被激活。\r\n	</li>\r\n	<li>\r\n		Google&nbsp;Play上的App下载达到480亿。（苹果App&nbsp;Store刚过500亿，从两个平台推出的时间和以往的差距来看，Android的App下载量不久将超过iOS）。\r\n	</li>\r\n	<li>\r\n		在南美、非洲、亚洲和欧洲的俄罗斯，Android的使用比例还不足10%，但增长迅速，所以上述地区将是未来Android用户的主要增长点。\r\n	</li>\r\n</ul>\r\n<p style=\"color:#333333;font-family:Helvetica, Tahoma, Arial, sans-serif;font-size:14px;background-color:#FFFFFF;\">\r\n	回到Android系统，这次I/O没有推出新版本，而是在Android&nbsp;Framework&nbsp;API上进行了小升级，加入了Google&nbsp;Maps&nbsp;API&nbsp;v2，增强了地点API和Activity&nbsp;Recognition&nbsp;API（可以知道用户当前是在驾车、走路还是骑车。Android系统通过机器学习来解析用户的GPS信息）。同时有趣的是，Framework中加入迟来的G+&nbsp;single&nbsp;sign-on，它主要被用来登录其他App（类似国内App中用的微博或QQ登录）。\r\n</p>\r\n<p style=\"color:#333333;font-family:Helvetica, Tahoma, Arial, sans-serif;font-size:14px;background-color:#FFFFFF;\">\r\n	在后台方面，推出Google&nbsp;Cloud&nbsp;Messaging。名字很炫，中文直译为“云消息系统”，其实就是类似iOS的推送消息系统。App统一从Google&nbsp;Server接收推送信息，不需要连接到App的后台Server。当需要推送时，App的后台Server只需要和Google的服务器通信，由Google来保证将消息推送到App上；比起Apple&nbsp;APNS&nbsp;Push厉害的地方，是它不只是从Server到Client，它还支持从Client上传消息到Server；它的意义在于，对于同时有多个设备的用户（比如手机+平板），Google会自动同步上面的推送信息（例如用户在手机上查看了来自微信的推送消息，那么在其平板上相应的微信推送会同步消失，避免用户重复查看信息的烦恼）。\r\n</p>\r\n<p style=\"color:#333333;font-family:Helvetica, Tahoma, Arial, sans-serif;font-size:14px;background-color:#FFFFFF;\">\r\n	在App商店方面，推出Google&nbsp;Play&nbsp;Game&nbsp;Services。Google依然是模仿苹果的Game&nbsp;Center，新的游戏服务支持云存储、个人荣誉系统和积分榜。这样用户可以在不同设备上轻松同步自己在游戏中的个人信息和历史记录，同时可以查看Google+上自己朋友在此游戏的排名（玩过偷菜或者牧场的朋友都能理解），另外支持多人实时游戏（类似PC上面赛车游戏的多人竞赛）。\r\n</p>\r\n<p style=\"color:#333333;font-family:Helvetica, Tahoma, Arial, sans-serif;font-size:14px;background-color:#FFFFFF;\">\r\n	<b>开发者工具</b>\r\n</p>\r\n<p style=\"color:#333333;font-family:Helvetica, Tahoma, Arial, sans-serif;font-size:14px;background-color:#FFFFFF;\">\r\n	对于每个移动开发者，特别是Android开发者来说，这次Google&nbsp;I/O对于开发工具的更新无疑是一个让人兴奋的亮点。新的IDE取名“Android&nbsp;Studio”，基于JetBrains公司的IntelliJ。这不仅表明Google对于维护和优化Android开发环境的决心，同时也表达Google对于自己App生态系统和开发者的重视。我所在公司Facebook，一年前Android开发员工还有40%使用Eclipse，60%使用IntelliJ，但半年过后，几乎就是清一色的IntelliJ。我也曾摇摆过，主要是因为自己之前做TopCoder和J2EE习惯Eclipse，所以不想转换快捷键，但后来被组里的技术总监劝改，再后来所有项目都全面转入IntelliJ。就自己使用半年的感觉，Eclipse&nbsp;for&nbsp;Android像个没人管的孩子，性能慢，经常有莫名的编译错，很多时候git&nbsp;update后，lib需要手动添加，很多新功能都不具备（例如智能感应和代码补全），完全没有觉得Google全心全意在维护它。而IntelliJ的UI速度快，代码补全功能非常强大，Debugger更不用多说&nbsp;。后来询问过公司里的Android开发者，只要他们使用和熟悉IntelliJ一段时间后，没人再想换回来了。外加新版本对于字体和界面配色进行了更新，IntelliJ之前让人诟病的丑陋设计也终于得到解决。\r\n</p>\r\n<p style=\"color:#333333;font-family:Helvetica, Tahoma, Arial, sans-serif;font-size:14px;background-color:#FFFFFF;\">\r\n	Google&nbsp;I/O现场做了Android&nbsp;Studio的演示。新功能如下。\r\n</p>\r\n<ul style=\"color:#333333;font-family:Helvetica, Tahoma, Arial, sans-serif;font-size:14px;background-color:#FFFFFF;\">\r\n	<li>\r\n		可以实时查看R.String.your_string_name的具体内容，或者R.drawable.icon_or_image的图片的具体样式及颜色。\r\n	</li>\r\n	<li>\r\n		借鉴苹果的Xcode，新增了类似Interface&nbsp;Builder的工具，对于一个Layout&nbsp;XML文件，可以实时查看其在各种Android设备下的界面效果。\r\n	</li>\r\n	<li>\r\n		支持显示开发中的用户界面在不同的语言版本下预览。\r\n	</li>\r\n</ul>\r\n<p style=\"color:#333333;font-family:Helvetica, Tahoma, Arial, sans-serif;font-size:14px;background-color:#FFFFFF;\">\r\n	对于Android的App系统Google&nbsp;Play，Google也提供了诸多更新，例如更多App统计信息和推广建议，发布新的翻译系统，跟踪用户从何处知道和安装此App。另外，现在系统原生支持Beta测试（发布测试版本给特定用户）和灰度发布（例如只将这个版本的App发布给某个国家的用户，或者只发布到5%用户——便于做A/B&nbsp;测试）。\r\n</p>\r\n<p style=\"color:#333333;font-family:Helvetica, Tahoma, Arial, sans-serif;font-size:14px;background-color:#FFFFFF;\">\r\n	<b>新硬件</b><br />\r\nGoogle I/O 2013推出新的三星手机Galaxy S4。和市面上的S4不同之处在于，Google将自己最原生的Android Jellybean放入到S4，而非三星定制的Android系统。另外它支持系统自动更新，而这点可以看出Google在解决版本分化上的决心，尽量减少老版Android在市场上的份额 。这次继续看到Google在如此坚定地学习和借鉴iPhone）。<br />\r\n新的Chromebook——Pixel：引用Google副总Sundar Pichai的原话：“literally design the best laptop possible”。从I/O上面的介绍，Pixel的硬件肯定是很不错，但对于Windows程序和Mac程序的不兼容，我们很难想象它会在国内流行。另外，比较有趣的是Chromebook配置键盘外加触摸屏。\r\n</p>\r\n<p style=\"color:#333333;font-family:Helvetica, Tahoma, Arial, sans-serif;font-size:14px;background-color:#FFFFFF;\">\r\n	<b>Chrome浏览器</b>\r\n</p>\r\n<p style=\"color:#333333;font-family:Helvetica, Tahoma, Arial, sans-serif;font-size:14px;background-color:#FFFFFF;\">\r\n	从会场公布的统计数据看，Google&nbsp;Chrome在市场占有率上依旧领跑；在性能上，新版本Chrome的JavaScript引擎V8的速度继续提升，比例达到：桌面浏览器提升24%，移动浏览器提升57%。\r\n</p>\r\n<p style=\"color:#333333;font-family:Helvetica, Tahoma, Arial, sans-serif;font-size:14px;background-color:#FFFFFF;\">\r\n	同时从现场的数据图可以看出，Mobile&nbsp;Chrome的JavaScript引擎性能只达到桌面Chrome的十分之一，可见其后续开发任重而道远。\r\n</p>\r\n<p style=\"color:#333333;font-family:Helvetica, Tahoma, Arial, sans-serif;font-size:14px;background-color:#FFFFFF;\">\r\n	Chrome新版开始支持WebP（一种图片格式）和VP9（一种新的视频格式）；Mobile&nbsp;Chrome支持更好的数据压缩，让从Mobile&nbsp;Chrome发出的请求体积更小，好处很自然——节省手机流量。\r\n</p>\r\n<p style=\"color:#333333;font-family:Helvetica, Tahoma, Arial, sans-serif;font-size:14px;background-color:#FFFFFF;\">\r\n	另外Chrome新加入了支付系统，它可以记住支付信息（信用卡），付账时不用再手动填写。\r\n</p>\r\n<p style=\"color:#333333;font-family:Helvetica, Tahoma, Arial, sans-serif;font-size:14px;background-color:#FFFFFF;\">\r\n	<b>Google+&nbsp;</b>\r\n</p>\r\n<p style=\"color:#333333;font-family:Helvetica, Tahoma, Arial, sans-serif;font-size:14px;background-color:#FFFFFF;\">\r\n	外观界面大幅改变，从原来的单列式变成三竖行，类似Pinterest，而GTalk的联系人列表则被默认隐藏起来。\r\n</p>\r\n<p style=\"color:#333333;font-family:Helvetica, Tahoma, Arial, sans-serif;font-size:14px;background-color:#FFFFFF;\">\r\n	News&nbsp;Feed加入深度，也就是说News&nbsp;Feed不仅可以向下滚动来加载更多内容，用户还可以对于某个News&nbsp;Feed&nbsp;Story查看相关信息。这有点儿类似微博的话题，比如你对某一个微博有兴趣，可以点微博的话题，查看相关微博。\r\n</p>\r\n<p style=\"color:#333333;font-family:Helvetica, Tahoma, Arial, sans-serif;font-size:14px;background-color:#FFFFFF;\">\r\n	推出Mobile&nbsp;Hangouts，并且将其作为一个独立App，支持Android和iOS。从我试用来看，Hangouts视频质量非常了得，可以支持多达10人同时视频。但从根本讲，Hangouts更类似GTalk的手机客户端。我认为，它对微信、WhatsApp和Line没有任何冲击，因为它压根儿不是类短信的Micro&nbsp;Messenger，反而更加类似QQ。从QQ和微信现在的格局就可以看出，Hangouts以后对于移动聊天的占有率可能非常有限。\r\n</p>\r\n<p style=\"color:#333333;font-family:Helvetica, Tahoma, Arial, sans-serif;font-size:14px;background-color:#FFFFFF;\">\r\n	Google+个人空间里的图片功能大幅增强。Google提供更大的免费空间，在相册里可以自动选择“好”照片，也可以自动优化相片（类似Instagram，美图秀秀的功能），还可以生成特效或者动画照片。&nbsp;\r\n</p>\r\n<p style=\"color:#333333;font-family:Helvetica, Tahoma, Arial, sans-serif;font-size:14px;background-color:#FFFFFF;\">\r\n	<b>搜索</b>\r\n</p>\r\n<p style=\"color:#333333;font-family:Helvetica, Tahoma, Arial, sans-serif;font-size:14px;background-color:#FFFFFF;\">\r\n	对于自己的发家领域，Google继续保持发力。在搜索中加入更多相关的联想功能，甚至可以从你的关键字来预判你可能感兴趣的结果，然后将其显示。比如用户搜“India&nbsp;Population”，新版搜索中不仅将列出印度人口和图表，还会同时列出中国、美国的人口，并且显示不同国家人口的对比信息和列表，可谓内容丰富且功能强大。\r\n</p>\r\n<p style=\"color:#333333;font-family:Helvetica, Tahoma, Arial, sans-serif;font-size:14px;background-color:#FFFFFF;\">\r\n	语音搜索：对语音功能的增强使其不仅是将语音转换成文本进行搜索，更添加了对语义的理解。从某种程度看，Google的语音搜索类似苹果公司的Siri，只不过它还可以将搜索内容与Google&nbsp;Web&nbsp;Search以及用户在Google+中的个人和好友信息相结合。\r\n</p>\r\n<p style=\"color:#333333;font-family:Helvetica, Tahoma, Arial, sans-serif;font-size:14px;background-color:#FFFFFF;\">\r\n	<b>Google&nbsp;Maps</b>\r\n</p>\r\n<p style=\"color:#333333;font-family:Helvetica, Tahoma, Arial, sans-serif;font-size:14px;background-color:#FFFFFF;\">\r\n	一个很大的变化是，之前的Google&nbsp;Maps都是使用点阵图，而新版本将使用矢量图，采用HTML5的标准接口（例WebGL）进行渲染。\r\n</p>\r\n<p style=\"color:#333333;font-family:Helvetica, Tahoma, Arial, sans-serif;font-size:14px;background-color:#FFFFFF;\">\r\n	另外Maps融入更多个人、社交和商户信息，比如自己喜欢的饭店，还有朋友推荐的饭店；导航系统加强，支持的出行方式增加到自驾车、公交、步行、自行车和飞机。\r\n</p>\r\n<p style=\"color:#333333;font-family:Helvetica, Tahoma, Arial, sans-serif;font-size:14px;background-color:#FFFFFF;\">\r\n	而且，更多Google&nbsp;Earth的功能被带入到Maps中，现在大部分地点将支持360度观察的3D场景；街景（StreetView）视图除了之前的路面视图，现在还支持室内图片和水下视图。另外，Google&nbsp;Maps加入了对朝鲜地图的收录&nbsp;。\r\n</p>\r\n<p style=\"color:#333333;font-family:Helvetica, Tahoma, Arial, sans-serif;font-size:14px;background-color:#FFFFFF;\">\r\n	最后演示时，Maps中的整个地球显示栩栩如生，黑夜、白昼和云朵信息都由准确实时的数据渲染而成。&nbsp;\r\n</p>\r\n<p style=\"color:#333333;font-family:Helvetica, Tahoma, Arial, sans-serif;font-size:14px;background-color:#FFFFFF;\">\r\n	<b>Larry&nbsp;Page回答问题</b>\r\n</p>\r\n<p style=\"color:#333333;font-family:Helvetica, Tahoma, Arial, sans-serif;font-size:14px;background-color:#FFFFFF;\">\r\n	Larry&nbsp;Page头发花白，声音听起来很奇怪、很虚弱。这是他被曝出声带问题以后，首次在公开场合说话。Page总结了自Google创立以来完成过的有意义的事情，同时展望了创新项目Google&nbsp;Glass和无人驾驶汽车的前景，阐述公司的主旨是通过技术革新让人们的生活变得更方便，更美好。\r\n</p>\r\n<p style=\"color:#333333;font-family:Helvetica, Tahoma, Arial, sans-serif;font-size:14px;background-color:#FFFFFF;\">\r\n	总体来看，这次Google&nbsp;I/O的Keynote内容相当精彩。Google也不愧是当今互联网霸主，各领域都是高歌猛进。这点也从资本市场可以看出：Google股价达到上市来的新高，一举突破900美元。\r\n</p>',NULL),
 (40,40,'<p style=\"color:#333333;font-family:Helvetica, Tahoma, Arial, sans-serif;font-size:14px;background-color:#FFFFFF;\">\r\n	根据最新的数据显示，2012年中国移动支付市场交易规模达1511.4亿元，同比增长89.2%。预计2016年中国移动支付市场交易规模将突破万亿，这预示着我们正处于移动支付高速发展的时期。\r\n</p>\r\n<p style=\"color:#333333;font-family:Helvetica, Tahoma, Arial, sans-serif;font-size:14px;background-color:#FFFFFF;\">\r\n	2009年，中国3G时代启动，移动支付也正式在中国开启。截止到2012年，中国智能手机用户总数已经达到3.8亿，3G用户近3亿。随着智能手机及3G/4G 网络在国内的普及，移动支付也将迎来快速发展，同时也为初创企业进入移动支付行业打开了窗口。2011-2012年，北京钱方、深圳乐刷、深圳盒子等初创公司相继出现，为移动支付行业带来新的活力。\r\n</p>\r\n<p style=\"color:#333333;font-family:Helvetica, Tahoma, Arial, sans-serif;font-size:14px;background-color:#FFFFFF;\">\r\n	<strong>形形色色的移动支付</strong>\r\n</p>\r\n<p style=\"color:#333333;font-family:Helvetica, Tahoma, Arial, sans-serif;font-size:14px;background-color:#FFFFFF;\">\r\n	何为移动支付？顾名思义，移动支付一定是以移动终端设备为基础。利用任何形式的移动设备终端，通过运营商网络，用户在某一支付平台发起的一种资金从一个账户支付到另一个账户的支付行为，用以满足用户购买商品或服务、转移资金的便捷性需求。\r\n</p>\r\n<p style=\"color:#333333;font-family:Helvetica, Tahoma, Arial, sans-serif;font-size:14px;background-color:#FFFFFF;\">\r\n	目前，移动支付主要有以下几种形态。\r\n</p>\r\n<ol style=\"color:#333333;font-family:Helvetica, Tahoma, Arial, sans-serif;font-size:14px;background-color:#FFFFFF;\">\r\n	<li>\r\n		独立客户端，比如支付宝、财付通等，用于公共事业缴费、信用卡还款等个人业务，是PC端产品向手机端的迁移。\r\n	</li>\r\n	<li>\r\n		应用内支付，移动应用内嵌第三方支付接口进行支付，比如游戏App的应用内支付、电商App的应用内支付。\r\n	</li>\r\n	<li>\r\n		近场支付（采用NFC、RFID等技术），用户携带内置NFC芯片智能手机就能进行支付，把手机变成钱包。\r\n	</li>\r\n	<li>\r\n		刷卡支付，如Square、PayPal Here，消费者只要持有银行卡，在手机刷卡器上进行刷卡支付。\r\n	</li>\r\n	<li>\r\n		其他SP代扣、IVR等也属于广义的移动支付，由于其存在形式已久，故不在本文探讨。\r\n	</li>\r\n</ol>\r\n<p style=\"color:#333333;font-family:Helvetica, Tahoma, Arial, sans-serif;font-size:14px;background-color:#FFFFFF;\">\r\n	<strong>最热门的移动支付形式</strong>\r\n</p>\r\n<p style=\"color:#333333;font-family:Helvetica, Tahoma, Arial, sans-serif;font-size:14px;background-color:#FFFFFF;\">\r\n	近场支付，比如2011年5月Google推出Google Wallet，在开放的Android平台手机上集成Google Wallet，与MasterCard账号关联，合作商家需要安装NFC识别终端。2年时间过去，Google Wallet成绩不太理想，遇到的最大障碍是缺乏足够运营商和终端厂商的支持，比如支持NFC的手机寥寥无几，几大运营商AT&amp;T、T- Mobile、Verizon抱团站在Google Wallet对面。\r\n</p>\r\n<p style=\"color:#333333;font-family:Helvetica, Tahoma, Arial, sans-serif;font-size:14px;background-color:#FFFFFF;\">\r\n	国内的局面似乎也差不多，由于涉及电信运营商、银联和银行等金融机构、终端硬件制造商、软硬件产品服务提供商等诸多产业链环节，以及各方也都希望在该产业链上拥有更多话语权，所以近场支付整体呈现出雷声大、雨点小的局面。\r\n</p>\r\n<p style=\"color:#333333;font-family:Helvetica, Tahoma, Arial, sans-serif;font-size:14px;background-color:#FFFFFF;\">\r\n	苹果发布的Passbook另辟蹊径，不依赖于NFC，利用自身的平台向商家开放基于二维码的优惠券、代金券、门票、登机牌等，完成交易的验证。由于 iPhone人群相对高端，Passbook集成快速简单，并结合定位功能，用户所到之处，就能展现附近商家的优惠券，因此Passbook受到不少消费者、服务提供商的追捧。\r\n</p>\r\n<p style=\"color:#333333;font-family:Helvetica, Tahoma, Arial, sans-serif;font-size:14px;background-color:#FFFFFF;\">\r\n	另一个热门就是刷卡支付。Twitter创始人Jack Dorsey于2009年创办了移动支付公司Square，2010年推出了手机刷卡器和手机App，迅速风靡美国，大获成功。手机刷卡产品的快速发展得益于两个因素（中美一样）：第一是银行卡的普及，刷卡消费渗透率高； 第二是传统POS机发展缓慢，而商家需求量巨大。Square模式定义为：为线下商家提供移动支付解决方案。Square的成功，是大市场（数百万商家还 没有POS机）、成熟的商业模式（交易费率）共同造就的。\r\n</p>\r\n<p style=\"color:#333333;font-family:Helvetica, Tahoma, Arial, sans-serif;font-size:14px;background-color:#FFFFFF;\">\r\n	国内也出现了各种手机刷卡产品。这些刷卡产品与Square模式形似神不似，硬件设备刷卡头都差不多，但目标用户是个人，提供个人付款、便民金融等功能。这其中以《拉卡拉》为代表，《拉卡拉》个人刷卡器于2012年5月上市，迄今已取得了超过200万台的销量，说明个人用户在移动场景下的便民金融服务的巨大需求量。\r\n</p>\r\n<p style=\"color:#333333;font-family:Helvetica, Tahoma, Arial, sans-serif;font-size:14px;background-color:#FFFFFF;\">\r\n	长远来看，这种方案会逐步过渡到无卡或电子钱包等技术方案，是一定窗口期的产物，满足了当前需要。\r\n</p>\r\n<p style=\"color:#333333;font-family:Helvetica, Tahoma, Arial, sans-serif;font-size:14px;background-color:#FFFFFF;\">\r\n	还有一类产品，与Square模式神似形不似。它们和Square目标用户相同，线下商家群体。但QPOS采用PIN输入设备刷卡器，体积较大，包含独立的加密键盘和显示屏，同时支持磁条卡和IC卡。欧洲iZettle最近也发布了类似的硬件产品。\r\n</p>\r\n<p style=\"color:#333333;font-family:Helvetica, Tahoma, Arial, sans-serif;font-size:14px;background-color:#FFFFFF;\">\r\n	这类硬件产品虽然体积比刷卡头大不少，但它更关注交易的安全性。这也是中美之间的差异，中国的银行卡（信用卡、借记卡）都有密码，而美国则没有，如何保护持卡人的密码输入问题成为产品的重点。\r\n</p>\r\n<p style=\"color:#333333;font-family:Helvetica, Tahoma, Arial, sans-serif;font-size:14px;background-color:#FFFFFF;\">\r\n	用于线下商家的手机刷卡产品需要同时兼顾便利性和安全性。钱方QPOS刷卡器在此方面也做了大量创新和技术攻关。\r\n</p>\r\n<p style=\"color:#333333;font-family:Helvetica, Tahoma, Arial, sans-serif;font-size:14px;background-color:#FFFFFF;\">\r\n	EMV源于Europay、MasterCard、VISA三大国际组织于1999年成立的EMVCo，主要任务是发展制定与主管维护EMV支付芯片卡的规格、标准与认证，监督并确保该标注于全球的安全互通性与其付款环境的可用性。\r\n</p>\r\n<p style=\"color:#333333;font-family:Helvetica, Tahoma, Arial, sans-serif;font-size:14px;background-color:#FFFFFF;\">\r\n	PCI（Payment Card Industry）安全标准委员会制定和维护支付行业安全标准的一系列规范。PCI安全标准委员会移动工作组，针对Square手机读卡器出台相关规定， 商家必须使用经过验证的PIN输入设备或经审批的安全读卡器来安全获取和加密持卡人数，手机等移动设备本身不能保证安全输入和确保持卡人数据安全。\r\n</p>\r\n<p style=\"color:#333333;font-family:Helvetica, Tahoma, Arial, sans-serif;font-size:14px;background-color:#FFFFFF;\">\r\n	<strong>移动支付与O2O</strong>\r\n</p>\r\n<p style=\"color:#333333;font-family:Helvetica, Tahoma, Arial, sans-serif;font-size:14px;background-color:#FFFFFF;\">\r\n	伴随着互联网的快速发展，尤其是移动互联网对于大众消费群体消费行为的转变，刺激着传统企业的快速转型。传统行业的触网已发展了好几波。上一波，水泥加鼠标的方式造就了携程、如家、7天、汉庭的上市。从2010开始的团购、优惠券等O2O模式是新一波帮助传统行业的触网，而且这次触到的还是移动互联网。 O2O模式为线下商家提供了线上营销的平台，实现了线上流量导入线下商家。\r\n</p>\r\n<p style=\"color:#333333;font-family:Helvetica, Tahoma, Arial, sans-serif;font-size:14px;background-color:#FFFFFF;\">\r\n	本质上来看，Square模式的移动支付，也可以称为某种O2O模式。团购、优惠券是商家、服务提供商、消费者三者的关系，而Square模式移动支付是商家、支付方、消费者三者的关系（如图1所示）。Square模 式首先解决了商家的收卡问题，中国有各类商家6000多万，其中个体户约4060万（来自2013年国家工商行政管理总局数据），而拥有POS机的商家数 不超过500万，大量的商家不能接受刷卡支付。Square模式以刷卡支付作为切入，在满足商家的基础需求之后，开始满足商家的其他衍生需求，例如营销、 客户管理、金融服务等。\r\n</p>\r\n<p style=\"color:#333333;font-family:Helvetica, Tahoma, Arial, sans-serif;font-size:14px;background-color:#FFFFFF;\">\r\n	2012年，全球最大的团购网站Groupon推出类Square刷卡产品，为团购商家提供刷卡服务，与此同时Square也推出了优惠券、会员卡服务。各种O2O类型的服务商、服务与线下商家的移动支付公司，最终都会殊途同归，以满足线下商家的需求为己任。<img src=\"http://www.csdn.net/article/2013-05-22/undefined\" /><a href=\"http://cms.csdnimg.cn/article/201305/23/519d56bdbd2fe.jpg\" target=\"_blank\"><img alt=\"\" src=\"http://cms.csdnimg.cn/article/201305/23/519d56bdbd2fe_middle.jpg\" border=\"0\" /></a>\r\n</p>\r\n<p style=\"color:#333333;font-family:Helvetica, Tahoma, Arial, sans-serif;font-size:14px;background-color:#FFFFFF;\">\r\n	<strong>线下商家的需求是什么</strong>\r\n</p>\r\n<p style=\"color:#333333;font-family:Helvetica, Tahoma, Arial, sans-serif;font-size:14px;background-color:#FFFFFF;\">\r\n	线下商家的基础需求是拉新、留存。拉新比较好理解，线下商家都梦想门庭若市，之前的方法可能只有地段、地段、地段，而现在有互联网、移动互联网了，可能带来 消费者，这也是团购突然一下子火起来的原因。顾客来了，还要能留下，成为长期的回头客，这一点团购其实做得不算太好。优惠券、会员卡、客户关系管理等产品 就试图解决这类问题。\r\n</p>\r\n<p style=\"color:#333333;font-family:Helvetica, Tahoma, Arial, sans-serif;font-size:14px;background-color:#FFFFFF;\">\r\n	拉新、留存的基础是线下商家的信息化、IT化。毫不夸张地说，信息革命已发展了几十年，线下商家是最后一波还未被信息化的人群。这次移动互联网革命最有可能把他们卷入进来。线下商家为何需要信息化？打个比方，互联网产品我们会看各种数据来评估产品质量。线下商家如何评估拉新、留存的效果，如何随时随地发放优惠券，如何按效果给O2O服务商付费等等，其实这是一场技术革命。\r\n</p>\r\n<p style=\"color:#333333;font-family:Helvetica, Tahoma, Arial, sans-serif;font-size:14px;background-color:#FFFFFF;\">\r\n	<strong>支付必须和服务结合起来</strong>\r\n</p>\r\n<p style=\"color:#333333;font-family:Helvetica, Tahoma, Arial, sans-serif;font-size:14px;background-color:#FFFFFF;\">\r\n	单纯的支付是没有价值的，支付只是一个手段和工具。支付需要服务的载体，比如支付宝服务于淘宝、天猫、电商等生态圈。对移动支付来说，也需要有人气的商家、团购打折、优惠券、积分等繁荣内容和服务形式。\r\n</p>\r\n<p style=\"color:#333333;font-family:Helvetica, Tahoma, Arial, sans-serif;font-size:14px;background-color:#FFFFFF;\">\r\n	从2012年4月产品正式上线到现在，《钱方支付》已服务了全国近2万家商家，月交易额过亿元。面对中国还有数千万线下商户无人服务的现状，我们还有很长很艰辛的路要走。这也激励着我们需要不断的创新，不断创造出让线下商家“惊喜”的产品及功能。每一个钱方人都有一个梦想，就是成为线下商户的“淘宝”，并在为这个梦想的实现不断努力。\r\n</p>',NULL);
INSERT INTO `articles_txt` (`id`,`content_id`,`txt`,`txt_pics`) VALUES 
 (41,41,'<p style=\"color:#333333;font-family:Helvetica, Tahoma, Arial, sans-serif;font-size:14px;background-color:#FFFFFF;\">\r\n	尽管Web前端技术诞生至今时日并不长，但随着Web技术的逐渐深入，今后将会在以下几方面发力。\r\n</p>\r\n<p style=\"color:#333333;font-family:Helvetica, Tahoma, Arial, sans-serif;font-size:14px;background-color:#FFFFFF;\">\r\n	1. Web移动终端开发。\r\n</p>\r\n<p style=\"color:#333333;font-family:Helvetica, Tahoma, Arial, sans-serif;font-size:14px;background-color:#FFFFFF;\">\r\n	2. JavaScript的兄弟们。\r\n</p>\r\n<p style=\"color:#333333;font-family:Helvetica, Tahoma, Arial, sans-serif;font-size:14px;background-color:#FFFFFF;\">\r\n	3. 百花齐放的类库和框架。\r\n</p>\r\n<p style=\"color:#333333;font-family:Helvetica, Tahoma, Arial, sans-serif;font-size:14px;background-color:#FFFFFF;\">\r\n	4. 工程化的Web前端开发规范。\r\n</p>\r\n<p style=\"color:#333333;font-family:Helvetica, Tahoma, Arial, sans-serif;font-size:14px;background-color:#FFFFFF;\">\r\n	<strong>Web移动终端开发</strong>\r\n</p>\r\n<p style=\"color:#333333;font-family:Helvetica, Tahoma, Arial, sans-serif;font-size:14px;background-color:#FFFFFF;\">\r\n	PhoneGap：一个开源的开发框架，使用HTML、CSS和JavaScript来构建跨平台的移动应用程序。它使开发者能够利用iPhone、Android、 Palm、Symbian、BlackBerry、Windows Phone和Bada等智能手机的核心功能，包括地理定位、加速器、联系人、声音和振动等。除了在本地编译应用之外，还可以使用PhoneGap提供的云 端Build工具进行应用编译。也就是说，只需要将用HTML5写好的应用上传到PhoneGap的云端服务器，PhoneGap Build即可将其编译成适合不同平台的应用。\r\n</p>\r\n<p style=\"color:#333333;font-family:Helvetica, Tahoma, Arial, sans-serif;font-size:14px;background-color:#FFFFFF;text-align:center;\">\r\n	<a href=\"http://cms.csdnimg.cn/article/201305/07/5188afe5a695f.jpg\" target=\"_blank\"><img src=\"http://cms.csdnimg.cn/article/201305/07/5188afe5a695f_middle.jpg\" border=\"0\" /></a>\r\n</p>\r\n<p style=\"color:#333333;font-family:Helvetica, Tahoma, Arial, sans-serif;font-size:14px;background-color:#FFFFFF;\">\r\n	Sencha Touch：说到这里，就不得不提一些面向移动端的WebUI库，毕竟PhoneGap是一个工具，要想基于Web技术构建完整的App，必须选择一些适 用的移动UI库。而最值得一提的是Sencha Touch，它可以让Web App看起来像Native App。美丽的用户界面组件和丰富的数据管理，全部基于最新的HTML5和CSS3的Web标准，全面兼容Android和iOS设备。PhoneGap 昭示着一种开发趋势，即App也可以使用Web前端技术来完成。而作为开发者最常用的UI工具箱，Sencha Touch又进一步加速了这种趋势，目前在淘宝已有大量的项目采用这种思路来搭建，即在内置应用的外壳加上自定义的基于移动Web的UI库。相信在未来这 种模式必会越来越流行。<br />\r\nMedia Queries：在CSS2时代，如果你曾经为网站设计过打印版CSS，那么就会明白CSS3 Media Queries的作用。不过，CSS3的Media Queries比CSS2的Media Type更实用，因为CSS2 的Media Type并不曾被多少设备支持过。CSS3的Media Queries可以获取这些数据：浏览器窗口的宽和高、设备的宽和高、设备的手持方向（横向还是竖向）和分辨率等。<br />\r\n也就是说，Media Queries提供了一种基于不同的平台写CSS的技术。这项技术在2011年初被推广开来，至今已非常火热，尤其是在Web页面仍占互联网流量大多数的今天，这种兼容技术能很快让网站兼容移动设备，保证产品实现最快的跨平台的兼容性和多平台的可用性。<br />\r\nZepto.js：一个专为 Mobile WebKit浏览器（如Safari和Chrome）而开发的JavaScript框架。它标榜自己简约的开发理念能够帮助开发人员简单、快速地完成开发 交付任务。更重要的是这个JavaScript框架是超轻量级的，只有5KB。Zepto.js的语法借鉴且兼容jQuery。目前已有不少网站开始基于 Zepto.js做应用，因为在抛弃了IE浏览器的兼容性问题后，Web开发会变得越来越纯粹，体积更轻巧，编码也更加愉悦。不可否认，随着移动终端开发 越来越流行，Zepto.js在未来将会有更加广阔的应用场景和空间。<br />\r\nBootstrap: Twitter推出的一个开源的用于前端开发的工具包。它由Mark Otto和Jacob Thornton合作开发，是一个CSS/HTML框架。Bootstrap提供了优雅的HTML和CSS规范，由动态CSS语言LESS写成，与CSS 框架Blueprint存在很多相似之处。Bootstrap一经推出便颇受欢迎，一直是GitHub上的热门开源项目，NASA和MSNBC的 Breaking News都使用了该项目。2012年第二季度，Bootstrap发布了2.0版，Bootstrap 2.0的一个重大改进是添加了响应设计特性，在1.0中，这是让很多开发人员抱怨的地方。而且为了提供更好的针对移动设备的响应式设计方 案，Bootstrap 2.0采用了更为灵活的12栏网格布局。此外，它还更新了一些进度栏及可定制的图片缩略图，并增加了一些新样式。值得关注的是，Bootstrap是一个 非常轻量级的框架，2.0在压缩后只有10KB。Bootstrap为我们的网站快速搭建提供了不错的工具和思路，这个工具集将拥有更旺盛的生命力。<br />\r\n<b>JavaScript的兄弟们<br />\r\n</b><br />\r\nCoffeeScript 是一个借鉴Ruby编写的新编程语言，创建者Jeremy Ashkenas戏称它是JavaScript的低调的小兄弟，因为CoffeeScript会将Ruby编译成JavaScript，而且大部分结构都 相似。但不同的是，CoffeeScript拥有更严格的语法。它的最大功绩就是将JavaScript硬绑的C/Java语法抛弃了，改为采用类似 Ruby/Python的语法。Ruby/Python本来就是深受Lisp影响的，与JavaScript算是同门师兄，它们的语法经过了实践考验，非 常适合函数式编程。这种优雅的语言独具魅力，即将面世的2013版的淘宝首页即采用了CoffeeScript实现。<br />\r\nTypeScript是微软开发的JavaScript的超集，TypeScript兼容JavaScript，可以载入JavaScript代码然后运行。与 JavaScript相比，TypeScript进步的地方在于：加入注释，让编译器理解所支持的对象和函数，编译器会移除注释，不会增加开销；增加一个 完整的类结构，使之更像是传统的面向对象语言。由于JavaScript只是一个脚本语言，并非用于开发大型Web应用，所以没有提供类和模块的概念。而 TypeScript扩展了JavaScript实现了这些特性，能更好地支持大规模JavaScript应用开发，吸引了不开发者。但要注意，虽然 TypeScript有微软做后盾看起来很有保证，但目前提供的只是早期的预览版本，TypeScript并不像它的网站看起来那样精美，最终版本可能会 在一年后ECMAScript 6发布会确定，现在的版本只是个开发预览版。因此，TypeScript今后发展如何，还需要进一步观察。<br />\r\n此外，在服务器端，Node.js越来越流行。如今Node.js不仅作为处理高并发请求的中间层解决方案，还因其灵活的语法和丰富的底层API，越来越多 的人开始用它来写工具，尤其是之前基于Ant或者Java的一些工具如今都有了Node.js的版本。<br />\r\n如此看来，Node.js在命令行工具领域有着更加 广阔的应用场景，甚至可以代替Perl或者Ruby这些传统的动态语言。在淘宝Node.js已有非常多的应用场景，例如在数据部门，Node.js被用 作处理高并发场景下的容池，专门吸收高并发的请求，甚至能够保持和客户端的长链接，而这在之前则需要花费很高昂的成本，例如Comet技术等。此外，淘宝 的开源前端类库KISSY也可以直接运行于Node.js环境，这样就可以在命令行运行KISSY代码，很多前端代码就有机会采用自动化测试等，提高生产 效率。再者，淘宝内部的开发工具链也已大部分采用Node.js来构建了。<br />\r\n<b>百花齐放的类库和框架<br />\r\n</b><br />\r\nSeaJS是由支付宝前端高级技术专家王保平（玉伯）开发的一个遵循CMD规范的模块加载框架，可用来轻松愉悦地加载任意JavaScript模块和CSS模块。 SeaJS非常小巧，小巧在于其压缩后体积只有4KB，而且接口和方法也非常少。SeaJS有两个核心：模块的定义和模块的加载。SeaJS可以加载任意 JavaScript模块和CSS模块，能保证你在使用一个模块时，已将所依赖的其他模块载入脚本运行环境中。SeaJS可以让你享受写代码的乐趣，不用 去管那些加载的问题。毕竟现在网页的可维护性和性能问题一样严峻，体现在：文件太多，不利于维护，前端后端都一样；HTTP请求过多，当然这个可以通过合 并解决，但如果没有后端直接合并，那么人工成本会非常大。用SeaJS就能非常好地解决这些问题。SeaJS遵循CMD规范，因此可以很方便地书写模块。 目前已经有越来越多的人采用CMD规范来开发项目了。<br />\r\n最近微软已经正式发布了Windows 8操作系统，Windows操作系统的风格已经完全变成了磁贴状的Metro UI。对于微软来说，这是一个巨大的改变，而且所有微软的平台包括桌面、平板、移动端及其网站都使用这个UI风格。Metro UI CSS是一个非常完整的创建Metro风格的网站框架。它自成体系，但也可以与其他框架一起使用。使用LESS创建，并且拥有网格系统、排版样式、表格、 按钮和图片。同时也拥有内建的JavaScript组件，帮助你生成片状、菜单、边栏、进度条和提示等，是一个非常好用的框架。随着Windows 8的进一步流行，这种风格的CSS类库一定会成为一种趋势。<br />\r\nHype是一个小巧的工具，是Mac App Store新上架的一个HTML5创作工具，其长处是可以在网页上做出悦目的动画效果，无须Flash插件。开发该应用的公司Tumult由两个前苹果工 程师创建，并获得了Y Combinator的投资。由于公司的联合创始人之一Jonathan Deutsch曾担任Mail.app后端的技术主管，因此他在接受Paul Hontz的The Startup Foundry访谈时，谈到公司创始是为了解决HTML5创作工具缺乏的问题。可以说，Hype是第一个可用的创作HTML5产品的可视化工具，具有里程 碑式的意义。随着硬件性能提升，HTML5的应用程序更加倾向于被工具生成，而不像传统意义上由工程师“切”出来。因此工具化是一个方向，不管HTML5 是否真的能在移动终端扎下脚跟，这种方向是值得坚持的。毕竟，HTML5的应用开发现在还处于原始社会。<br />\r\niScroll.js是使用原生 JavaScript编写的一个模拟滚动效果的小类库，不依赖于任何JavaScript框架。旨在解决移动WebKit系浏览器的区域滚动问题，兼容 Mobile Safari、Android默认浏览器、Safari、Chrome、Firefox5+、Opera11+、IE9+及其他WebKit核心浏览器。 最新版本为iScroll4。这个小库一问世就备受关注，因为它不仅可以在PC端完美模拟滚动效果，在移动终端里对触屏事件的支持也堪称完美。<br />\r\niScroll4是2011年底问世的，2012年在移动终端产品开发中大放异彩，在淘宝的诸多产品中都用到了这个JavaScript库。iScroll是小而精的经典 作品，名字也带着苹果范儿。但美中不足的是，只能使用ID调用。不过这个小特性不是什么大问题，可以通过二次封装来解决。期待iScroll4在移动终端里有更多精彩的表现。<br />\r\n前端MVC在2011年是比较火的话题，随着越来越多的人开始尝试使用诸如JavaScript MVC和Backbone.js这些MVC类库，更多的产品也看起来更像“软件”而非“网页”。但由于前端环境的复杂性，我们也渐渐发现“这种”MVC并 非完美，只能应用于“基于数据驱动”的场景，而对“基于事件驱动”的场景却没有太好的解决办法。目前，淘宝有很多产品在尝试使用“有限自动机”来弥补 MVC在这方面的不足。因此，新场景下的MVC还需要更深入的提炼。<br />\r\n<b>工程化的Web前端开发规范</b><br />\r\n2012 年，关于前端开发编码规范的讨论愈来愈多。国外和国内的顶尖开发者几乎同时对编码规范产生了很大兴趣，前Yahoo!首页首席前端工程师N.C. Zakas在他那本《高可维护的JavaScript》书中也提到规范在团队协作过程中的重要性。而如下这两个方面，是值得我们探讨和深思的。<br />\r\nAMD与CMD规范之争，随着CommonJS的进一步普及，CommonJS规范在标准的模块开发领域发挥着越来越重要的作用，而CommonJS在浏览器端 的难以实现却为这份规范增添了一丝变数。本质上讲，CommonJS是一种用于同步加载JavaScript代码的API规范，非常简单优雅。为了在浏览 器端实现这种机制，则不得不加入了一层异步回调，这便是AMD（Modules/Asynchronous-Definition）。RequireJS 实现了这个规范，而Dojo也将马上完全支持（Dojo1.6）。规范本身非常简单，甚至只包含了一个API。玉伯在开发SeaJS的过程中，更多地保持 了CommonJS Modules规范的风格，即CMD（Common Module Definition）。较之AMD，CMD没有采用单一的API来适用于多个功能，而是根据不同功能定义不同的API。我认为，两者在完备性上是基本一 致的，但在社区理念和编程风格上有所差异，开发者可以根据自己的偏好来选择使用AMD还是CMD编程风格。<br />\r\nJava语言编码规范对于前端开发编程规范有非常大的影响。在Zakas的《高可维护性JavaScript》一书中提到了五种JavaScript编程规范，都和 Java语言编码规范有着类似的渊源：Crockford编程规范、 jQuery核心风格指南、SproutCore编程风格指南、Google的JavaScript风格指南和Dojo编程风格指南。不管是哪种规范，都 强调了编码风格一致的重要性，这也可看出，前端团队开发越来越看重规范，JavaScript的灵活性需要某种程度的限制。<br />\r\n总之，通过上面的阐述，我们可以看到前端技术的不断进步和推陈出新，也能够体会到项目过程的工程化，解决方案的轻量化，库和框架的多元化，知识结构的体系化，这种趋势在今后会变得越来越明显，也昭示着前端技术的发展方向。<br />\r\n说 到前端技术知识结构的体系化建设，这是我这些年来一直都在做的事情，在2011年也画了一张图来说明我的观点——前端技术体系的建设是一项长期的任务。毕 竟前端新技术新知识层出不穷，对于经典的知识结构的整理也很有挑战性，但这项工作终究需要有人去做，为新入道的人指出一个大致的方向。对于前端工程师的成长问题，我也写过一篇长文“前端开发十日谈”，帮助新人们解惑。<br />\r\n非常感谢我的同事朴灵，已经将这个知识结构新建了一个开源项目（<a href=\"http://github.com/JacksonTian/fks\" target=\"_blank\">http://github.com/JacksonTian/fks</a>），也希望大家一起参与进来，为前端技术知识体系建设做出贡献。\r\n</p>',NULL),
 (42,42,'<p style=\"color:#333333;background-color:#F8F8F8;text-indent:28px;font-family:宋体;font-size:14px;\">\r\n	如果想在windows下搭建Nginx+MariaDB，可以参考月光宝盒另一篇博文<a href=\"http://lunax.info/archives/2363.html\" target=\"_blank\">《使用WnMp在windows下搭建Nginx+MariaDB+PHP》</a>\r\n</p>\r\n<p style=\"color:#333333;background-color:#F8F8F8;text-indent:28px;font-family:宋体;font-size:14px;\">\r\n	首先，&nbsp;以root登录:\r\n</p>\r\n<p style=\"color:#333333;background-color:#F8F8F8;text-indent:28px;font-family:宋体;font-size:14px;\">\r\n	基本服务器配置\r\n</p>\r\n<p style=\"color:#333333;background-color:#F8F8F8;text-indent:28px;font-family:宋体;font-size:14px;\">\r\n	设置Hostname\r\n</p>\r\n<pre>\r\n<ol class=\"dp-xml\" style=\"margin-left:55px;color:#5C5C5C;background-color:#F7F7F7;\">\r\n	\r\n	<li class=\"alt\" style=\"color:inherit;background-color:transparent;\">\r\n		<span style=\"color:black;background-color:inherit;\"><span style=\"background-color:inherit;\">echo&nbsp;“plato”&nbsp;</span><span class=\"tag\" style=\"color:#006699;background-color:inherit;font-weight:bold;\">&gt;</span><span style=\"background-color:inherit;\">&nbsp;/etc/hostname&nbsp;</span></span>\r\n	</li>\r\n\r\n	<li style=\"background-color:transparent;\">\r\n		<span style=\"color:black;background-color:inherit;\">hostname&nbsp;-F&nbsp;/etc/hostname&nbsp;</span>\r\n	</li>\r\n\r\n</ol>\r\n</pre>\r\n<p style=\"color:#333333;background-color:#F8F8F8;text-indent:28px;font-family:宋体;font-size:14px;\">\r\n	编辑 /etc/hosts （IPv6）\r\n</p>\r\n<p style=\"color:#333333;background-color:#F8F8F8;text-indent:28px;font-family:宋体;font-size:14px;\">\r\n	增加：\r\n</p>\r\n<p style=\"color:#333333;background-color:#F8F8F8;text-indent:28px;font-family:宋体;font-size:14px;\">\r\n	12.34.56.78 plato.example.com plato\r\n</p>\r\n<p style=\"color:#333333;background-color:#F8F8F8;text-indent:28px;font-family:宋体;font-size:14px;\">\r\n	2600:3c01::a123:b456:c789:d012 plato.example.com plato\r\n</p>\r\n<p style=\"color:#333333;background-color:#F8F8F8;text-indent:28px;font-family:宋体;font-size:14px;\">\r\n	设置时区\r\n</p>\r\n<pre>\r\n<ol class=\"dp-xml\" style=\"margin-left:55px;color:#5C5C5C;background-color:#F7F7F7;\">\r\n	\r\n	<li class=\"alt\" style=\"color:inherit;background-color:transparent;\">\r\n		<span style=\"color:black;background-color:inherit;\">dpkg-reconfigure&nbsp;tzdata&nbsp;</span>\r\n	</li>\r\n\r\n</ol>\r\n</pre>\r\n<p style=\"color:#333333;background-color:#F8F8F8;text-indent:28px;font-family:宋体;font-size:14px;\">\r\n	更新服务器软件\r\n</p>\r\n<pre>\r\n<ol class=\"dp-xml\" style=\"margin-left:55px;color:#5C5C5C;background-color:#F7F7F7;\">\r\n	\r\n	<li class=\"alt\" style=\"color:inherit;background-color:transparent;\">\r\n		<span style=\"color:black;background-color:inherit;\">nano&nbsp;/etc/apt/sources.list&nbsp;</span>\r\n	</li>\r\n\r\n</ol>\r\n</pre>\r\n<p style=\"color:#333333;background-color:#F8F8F8;text-indent:28px;font-family:宋体;font-size:14px;\">\r\n	增加下面两行：\r\n</p>\r\n<pre>\r\n<ol class=\"dp-xml\" style=\"margin-left:55px;color:#5C5C5C;background-color:#F7F7F7;\">\r\n	\r\n	<li class=\"alt\" style=\"color:inherit;background-color:transparent;\">\r\n		<span style=\"color:black;background-color:inherit;\">deb&nbsp;http://packages.dotdeb.org&nbsp;squeeze&nbsp;all&nbsp;</span>\r\n	</li>\r\n\r\n	<li style=\"background-color:transparent;\">\r\n		<span style=\"color:black;background-color:inherit;\">deb-src&nbsp;http://packages.dotdeb.org&nbsp;squeeze&nbsp;all&nbsp;</span>\r\n	</li>\r\n\r\n	<li class=\"alt\" style=\"color:inherit;background-color:transparent;\">\r\n		<span style=\"color:black;background-color:inherit;\">&nbsp;</span>\r\n	</li>\r\n\r\n	<li style=\"background-color:transparent;\">\r\n		<span style=\"color:black;background-color:inherit;\">wget&nbsp;http://www.dotdeb.org/dotdeb.gpg&nbsp;</span>\r\n	</li>\r\n\r\n	<li class=\"alt\" style=\"color:inherit;background-color:transparent;\">\r\n		<span style=\"color:black;background-color:inherit;\">cat&nbsp;dotdeb.gpg&nbsp;|&nbsp;apt-key&nbsp;add&nbsp;-&nbsp;</span>\r\n	</li>\r\n\r\n	<li style=\"background-color:transparent;\">\r\n		<span style=\"color:black;background-color:inherit;\">&nbsp;</span>\r\n	</li>\r\n\r\n	<li class=\"alt\" style=\"color:inherit;background-color:transparent;\">\r\n		<span style=\"color:black;background-color:inherit;\">apt-get&nbsp;update&nbsp;</span>\r\n	</li>\r\n\r\n	<li style=\"background-color:transparent;\">\r\n		<span style=\"color:black;background-color:inherit;\">apt-get&nbsp;upgrade&nbsp;–show-upgraded&nbsp;</span>\r\n	</li>\r\n\r\n</ol>\r\n</pre>\r\n<p style=\"color:#333333;background-color:#F8F8F8;text-indent:28px;font-family:宋体;font-size:14px;\">\r\n	配置安全属性\r\n</p>\r\n<p style=\"color:#333333;background-color:#F8F8F8;text-indent:28px;font-family:宋体;font-size:14px;\">\r\n	增加一个系统管理员\r\n</p>\r\n<pre>\r\n<ol class=\"dp-xml\" style=\"margin-left:55px;color:#5C5C5C;background-color:#F7F7F7;\">\r\n	\r\n	<li class=\"alt\" style=\"color:inherit;background-color:transparent;\">\r\n		<span style=\"color:black;background-color:inherit;\">adduser&nbsp;example_user&nbsp;</span>\r\n	</li>\r\n\r\n	<li style=\"background-color:transparent;\">\r\n		<span style=\"color:black;background-color:inherit;\">usermod&nbsp;-a&nbsp;-G&nbsp;sudo&nbsp;example_user&nbsp;</span>\r\n	</li>\r\n\r\n	<li class=\"alt\" style=\"color:inherit;background-color:transparent;\">\r\n		<span style=\"color:black;background-color:inherit;\">logout&nbsp;</span>\r\n	</li>\r\n\r\n	<li style=\"background-color:transparent;\">\r\n		<span style=\"color:black;background-color:inherit;\">ssh&nbsp;example_user@123.456.78.90&nbsp;</span>\r\n	</li>\r\n\r\n</ol>\r\n</pre>\r\n<p style=\"color:#333333;background-color:#F8F8F8;text-indent:28px;font-family:宋体;font-size:14px;\">\r\n	现在开始，你可以用新用户加sudo来执行管理员命令了。\r\n</p>\r\n<p style=\"color:#333333;background-color:#F8F8F8;text-indent:28px;font-family:宋体;font-size:14px;\">\r\n	反激活root的SSH登录\r\n</p>\r\n<pre>\r\n<ol class=\"dp-xml\" style=\"margin-left:55px;color:#5C5C5C;background-color:#F7F7F7;\">\r\n	\r\n	<li class=\"alt\" style=\"color:inherit;background-color:transparent;\">\r\n		<span style=\"color:black;background-color:inherit;\">sudo&nbsp;nano&nbsp;/etc/ssh/sshd_config&nbsp;</span>\r\n	</li>\r\n\r\n</ol>\r\n</pre>\r\n<p style=\"color:#333333;background-color:#F8F8F8;text-indent:28px;font-family:宋体;font-size:14px;\">\r\n	更新这一行：PermitRootLogin no\r\n</p>\r\n<p style=\"color:#333333;background-color:#F8F8F8;text-indent:28px;font-family:宋体;font-size:14px;\">\r\n	sudo service ssh restart\r\n</p>\r\n<p style=\"color:#333333;background-color:#F8F8F8;text-indent:28px;font-family:宋体;font-size:14px;\">\r\n	设置防火墙：\r\n</p>\r\n<pre>\r\n<ol class=\"dp-xml\" style=\"margin-left:55px;color:#5C5C5C;background-color:#F7F7F7;\">\r\n	\r\n	<li class=\"alt\" style=\"color:inherit;background-color:transparent;\">\r\n		<span style=\"color:black;background-color:inherit;\">sudo&nbsp;iptables&nbsp;-L&nbsp;</span>\r\n	</li>\r\n\r\n	<li style=\"background-color:transparent;\">\r\n		<span style=\"color:black;background-color:inherit;\">sudo&nbsp;nano&nbsp;/etc/iptables.firewall.rules&nbsp;</span>\r\n	</li>\r\n\r\n</ol>\r\n</pre>\r\n<p style=\"color:#333333;background-color:#F8F8F8;text-indent:28px;font-family:宋体;font-size:14px;\">\r\n	复制：\r\n</p>\r\n<pre>\r\n<ol class=\"dp-xml\" style=\"margin-left:55px;color:#5C5C5C;background-color:#F7F7F7;\">\r\n	\r\n	<li class=\"alt\" style=\"color:inherit;background-color:transparent;\">\r\n		<span style=\"color:black;background-color:inherit;\">*filter&nbsp;</span>\r\n	</li>\r\n\r\n	<li style=\"background-color:transparent;\">\r\n		<span style=\"color:black;background-color:inherit;\">&nbsp;</span>\r\n	</li>\r\n\r\n	<li class=\"alt\" style=\"color:inherit;background-color:transparent;\">\r\n		<span style=\"color:black;background-color:inherit;\">#&nbsp;Allow&nbsp;all&nbsp;loopback&nbsp;(lo0)&nbsp;traffic&nbsp;and&nbsp;drop&nbsp;all&nbsp;traffic&nbsp;to&nbsp;127/8&nbsp;that&nbsp;doesn’t&nbsp;use&nbsp;lo0&nbsp;</span>\r\n	</li>\r\n\r\n	<li style=\"background-color:transparent;\">\r\n		<span style=\"color:black;background-color:inherit;\">-A&nbsp;INPUT&nbsp;-i&nbsp;lo&nbsp;-j&nbsp;ACCEPT&nbsp;</span>\r\n	</li>\r\n\r\n	<li class=\"alt\" style=\"color:inherit;background-color:transparent;\">\r\n		<span style=\"color:black;background-color:inherit;\">-A&nbsp;INPUT&nbsp;-d&nbsp;127.0.0.0/8&nbsp;-j&nbsp;REJECT&nbsp;</span>\r\n	</li>\r\n\r\n	<li style=\"background-color:transparent;\">\r\n		<span style=\"color:black;background-color:inherit;\">&nbsp;</span>\r\n	</li>\r\n\r\n	<li class=\"alt\" style=\"color:inherit;background-color:transparent;\">\r\n		<span style=\"color:black;background-color:inherit;\">#&nbsp;Accept&nbsp;all&nbsp;established&nbsp;inbound&nbsp;connections&nbsp;</span>\r\n	</li>\r\n\r\n	<li style=\"background-color:transparent;\">\r\n		<span style=\"color:black;background-color:inherit;\">-A&nbsp;INPUT&nbsp;-m&nbsp;state&nbsp;–state&nbsp;ESTABLISHED,RELATED&nbsp;-j&nbsp;ACCEPT&nbsp;</span>\r\n	</li>\r\n\r\n	<li class=\"alt\" style=\"color:inherit;background-color:transparent;\">\r\n		<span style=\"color:black;background-color:inherit;\">&nbsp;</span>\r\n	</li>\r\n\r\n	<li style=\"background-color:transparent;\">\r\n		<span style=\"color:black;background-color:inherit;\">#&nbsp;Allow&nbsp;all&nbsp;outbound&nbsp;traffic&nbsp;–&nbsp;you&nbsp;can&nbsp;modify&nbsp;this&nbsp;to&nbsp;only&nbsp;allow&nbsp;certain&nbsp;traffic&nbsp;</span>\r\n	</li>\r\n\r\n	<li class=\"alt\" style=\"color:inherit;background-color:transparent;\">\r\n		<span style=\"color:black;background-color:inherit;\">-A&nbsp;OUTPUT&nbsp;-j&nbsp;ACCEPT&nbsp;</span>\r\n	</li>\r\n\r\n	<li style=\"background-color:transparent;\">\r\n		<span style=\"color:black;background-color:inherit;\">&nbsp;</span>\r\n	</li>\r\n\r\n	<li class=\"alt\" style=\"color:inherit;background-color:transparent;\">\r\n		<span style=\"color:black;background-color:inherit;\">#&nbsp;Allow&nbsp;HTTP&nbsp;and&nbsp;HTTPS&nbsp;connections&nbsp;from&nbsp;anywhere&nbsp;(the&nbsp;normal&nbsp;ports&nbsp;for&nbsp;websites&nbsp;and&nbsp;SSL).&nbsp;</span>\r\n	</li>\r\n\r\n	<li style=\"background-color:transparent;\">\r\n		<span style=\"color:black;background-color:inherit;\">-A&nbsp;INPUT&nbsp;-p&nbsp;tcp&nbsp;–dport&nbsp;80&nbsp;-j&nbsp;ACCEPT&nbsp;</span>\r\n	</li>\r\n\r\n	<li class=\"alt\" style=\"color:inherit;background-color:transparent;\">\r\n		<span style=\"color:black;background-color:inherit;\">-A&nbsp;INPUT&nbsp;-p&nbsp;tcp&nbsp;–dport&nbsp;443&nbsp;-j&nbsp;ACCEPT&nbsp;</span>\r\n	</li>\r\n\r\n	<li style=\"background-color:transparent;\">\r\n		<span style=\"color:black;background-color:inherit;\">&nbsp;</span>\r\n	</li>\r\n\r\n	<li class=\"alt\" style=\"color:inherit;background-color:transparent;\">\r\n		<span style=\"color:black;background-color:inherit;\">#&nbsp;Allow&nbsp;SSH&nbsp;connections&nbsp;</span>\r\n	</li>\r\n\r\n	<li style=\"background-color:transparent;\">\r\n		<span style=\"color:black;background-color:inherit;\">#&nbsp;</span>\r\n	</li>\r\n\r\n	<li class=\"alt\" style=\"color:inherit;background-color:transparent;\">\r\n		<span style=\"color:black;background-color:inherit;\">#&nbsp;The&nbsp;-dport&nbsp;number&nbsp;should&nbsp;be&nbsp;the&nbsp;same&nbsp;port&nbsp;number&nbsp;you&nbsp;set&nbsp;in&nbsp;sshd_config&nbsp;</span>\r\n	</li>\r\n\r\n	<li style=\"background-color:transparent;\">\r\n		<span style=\"color:black;background-color:inherit;\">#&nbsp;</span>\r\n	</li>\r\n\r\n	<li class=\"alt\" style=\"color:inherit;background-color:transparent;\">\r\n		<span style=\"color:black;background-color:inherit;\">-A&nbsp;INPUT&nbsp;-p&nbsp;tcp&nbsp;-m&nbsp;state&nbsp;–state&nbsp;NEW&nbsp;–dport&nbsp;22&nbsp;-j&nbsp;ACCEPT&nbsp;</span>\r\n	</li>\r\n\r\n	<li style=\"background-color:transparent;\">\r\n		<span style=\"color:black;background-color:inherit;\">&nbsp;</span>\r\n	</li>\r\n\r\n	<li class=\"alt\" style=\"color:inherit;background-color:transparent;\">\r\n		<span style=\"color:black;background-color:inherit;\">#&nbsp;Allow&nbsp;ping&nbsp;</span>\r\n	</li>\r\n\r\n	<li style=\"background-color:transparent;\">\r\n		<span style=\"color:black;background-color:inherit;\">-A&nbsp;INPUT&nbsp;-p&nbsp;icmp&nbsp;-j&nbsp;ACCEPT&nbsp;</span>\r\n	</li>\r\n\r\n	<li class=\"alt\" style=\"color:inherit;background-color:transparent;\">\r\n		<span style=\"color:black;background-color:inherit;\">&nbsp;</span>\r\n	</li>\r\n\r\n	<li style=\"background-color:transparent;\">\r\n		<span style=\"color:black;background-color:inherit;\">#&nbsp;Log&nbsp;iptables&nbsp;denied&nbsp;calls&nbsp;</span>\r\n	</li>\r\n\r\n	<li class=\"alt\" style=\"color:inherit;background-color:transparent;\">\r\n		<span style=\"color:black;background-color:inherit;\">-A&nbsp;INPUT&nbsp;-m&nbsp;limit&nbsp;–limit&nbsp;5/min&nbsp;-j&nbsp;LOG&nbsp;–log-prefix&nbsp;“iptables&nbsp;denied:&nbsp;”&nbsp;–log-level&nbsp;7&nbsp;</span>\r\n	</li>\r\n\r\n	<li style=\"background-color:transparent;\">\r\n		<span style=\"color:black;background-color:inherit;\">&nbsp;</span>\r\n	</li>\r\n\r\n	<li class=\"alt\" style=\"color:inherit;background-color:transparent;\">\r\n		<span style=\"color:black;background-color:inherit;\">#&nbsp;Drop&nbsp;all&nbsp;other&nbsp;inbound&nbsp;–&nbsp;default&nbsp;deny&nbsp;unless&nbsp;explicitly&nbsp;allowed&nbsp;policy&nbsp;</span>\r\n	</li>\r\n\r\n	<li style=\"background-color:transparent;\">\r\n		<span style=\"color:black;background-color:inherit;\">-A&nbsp;INPUT&nbsp;-j&nbsp;DROP&nbsp;</span>\r\n	</li>\r\n\r\n	<li class=\"alt\" style=\"color:inherit;background-color:transparent;\">\r\n		<span style=\"color:black;background-color:inherit;\">-A&nbsp;FORWARD&nbsp;-j&nbsp;DROP&nbsp;</span>\r\n	</li>\r\n\r\n	<li style=\"background-color:transparent;\">\r\n		<span style=\"color:black;background-color:inherit;\">&nbsp;</span>\r\n	</li>\r\n\r\n	<li class=\"alt\" style=\"color:inherit;background-color:transparent;\">\r\n		<span style=\"color:black;background-color:inherit;\">COMMIT&nbsp;</span>\r\n	</li>\r\n\r\n	<li style=\"background-color:transparent;\">\r\n		<span style=\"color:black;background-color:inherit;\">&nbsp;</span>\r\n	</li>\r\n\r\n	<li class=\"alt\" style=\"color:inherit;background-color:transparent;\">\r\n		<span style=\"color:black;background-color:inherit;\">sudo&nbsp;iptables-restore&nbsp;</span>\r\n	</li>\r\n\r\n</ol>\r\n</pre>\r\n<p style=\"color:#333333;background-color:#F8F8F8;text-indent:28px;font-family:宋体;font-size:14px;\">\r\n	让防火墙每次重启后自动加载：\r\n</p>\r\n<pre>\r\n<ol class=\"dp-xml\" style=\"margin-left:55px;color:#5C5C5C;background-color:#F7F7F7;\">\r\n	\r\n	<li class=\"alt\" style=\"color:inherit;background-color:transparent;\">\r\n		<span style=\"color:black;background-color:inherit;\">sudo&nbsp;nano&nbsp;/etc/network/if-pre-up.d/firewall&nbsp;</span>\r\n	</li>\r\n\r\n	<li style=\"background-color:transparent;\">\r\n		<span style=\"color:black;background-color:inherit;\">#!/bin/sh&nbsp;</span>\r\n	</li>\r\n\r\n	<li class=\"alt\" style=\"color:inherit;background-color:transparent;\">\r\n		<span style=\"color:black;background-color:inherit;\">/sbin/iptables-restore&nbsp;</span>\r\n	</li>\r\n\r\n	<li style=\"background-color:transparent;\">\r\n		<span style=\"color:black;background-color:inherit;\">sudo&nbsp;chmod&nbsp;+x&nbsp;/etc/network/if-pre-up.d/firewall&nbsp;</span>\r\n	</li>\r\n\r\n</ol>\r\n</pre>\r\n<p style=\"color:#333333;background-color:#F8F8F8;text-indent:28px;font-family:宋体;font-size:14px;\">\r\n	安装Fail2Ban，自动检测攻击并阻止：\r\n</p>\r\n<pre>\r\n<ol class=\"dp-xml\" style=\"margin-left:55px;color:#5C5C5C;background-color:#F7F7F7;\">\r\n	\r\n	<li class=\"alt\" style=\"color:inherit;background-color:transparent;\">\r\n		<span style=\"color:black;background-color:inherit;\">sudo&nbsp;aptitude&nbsp;install&nbsp;fail2ban&nbsp;</span>\r\n	</li>\r\n\r\n</ol>\r\n</pre>\r\n<p style=\"color:#333333;background-color:#F8F8F8;text-indent:28px;font-family:宋体;font-size:14px;\">\r\n	安装PHP-FPM\r\n</p>\r\n<pre>\r\n<ol class=\"dp-xml\" style=\"margin-left:55px;color:#5C5C5C;background-color:#F7F7F7;\">\r\n	\r\n	<li class=\"alt\" style=\"color:inherit;background-color:transparent;\">\r\n		<span style=\"color:black;background-color:inherit;\">sudo&nbsp;aptitude&nbsp;install&nbsp;php5&nbsp;php5-cli&nbsp;php5-dev&nbsp;php5-gd&nbsp;php-pear&nbsp;php5-fpm&nbsp;php5-geoip&nbsp;libgeoip1&nbsp;libgeoip-dev&nbsp;geoip-database&nbsp;</span>\r\n	</li>\r\n\r\n</ol>\r\n</pre>\r\n<p style=\"color:#333333;background-color:#F8F8F8;text-indent:28px;font-family:宋体;font-size:14px;\">\r\n	更新一些配置：\r\n</p>\r\n<pre>\r\n<ol class=\"dp-xml\" style=\"margin-left:55px;color:#5C5C5C;background-color:#F7F7F7;\">\r\n	\r\n	<li class=\"alt\" style=\"color:inherit;background-color:transparent;\">\r\n		<span style=\"color:black;background-color:inherit;\">sudo&nbsp;nano&nbsp;/etc/php5/fpm/php.ini&nbsp;</span>\r\n	</li>\r\n\r\n	<li style=\"background-color:transparent;\">\r\n		<span style=\"color:black;background-color:inherit;\">memory_limit:&nbsp;512M&nbsp;</span>\r\n	</li>\r\n\r\n	<li class=\"alt\" style=\"color:inherit;background-color:transparent;\">\r\n		<span style=\"color:black;background-color:inherit;\"><span class=\"attribute\" style=\"color:red;background-color:inherit;\">cgi.fix_pathinfo</span><span style=\"background-color:inherit;\">=</span><span class=\"attribute-value\" style=\"color:blue;background-color:inherit;\">0</span><span style=\"background-color:inherit;\">&nbsp;</span></span>\r\n	</li>\r\n\r\n</ol>\r\n</pre>\r\n<p style=\"color:#333333;background-color:#F8F8F8;text-indent:28px;font-family:宋体;font-size:14px;\">\r\n	安装Nginx\r\n</p>\r\n<pre>\r\n<ol class=\"dp-xml\" style=\"margin-left:55px;color:#5C5C5C;background-color:#F7F7F7;\">\r\n	\r\n	<li class=\"alt\" style=\"color:inherit;background-color:transparent;\">\r\n		<span style=\"color:black;background-color:inherit;\">sudo&nbsp;aptitude&nbsp;install&nbsp;nginx&nbsp;</span>\r\n	</li>\r\n\r\n</ol>\r\n</pre>\r\n<p style=\"color:#333333;background-color:#F8F8F8;text-indent:28px;font-family:宋体;font-size:14px;\">\r\n	配置虚拟主机\r\n</p>\r\n<pre>\r\n<ol class=\"dp-xml\" style=\"margin-left:55px;color:#5C5C5C;background-color:#F7F7F7;\">\r\n	\r\n	<li class=\"alt\" style=\"color:inherit;background-color:transparent;\">\r\n		<span style=\"color:black;background-color:inherit;\">sudo&nbsp;mkdir&nbsp;-p&nbsp;/srv/www/insready.com/{public_html,logs}&nbsp;</span>\r\n	</li>\r\n\r\n	<li style=\"background-color:transparent;\">\r\n		<span style=\"color:black;background-color:inherit;\">sudo&nbsp;chown&nbsp;-R&nbsp;www-data:www-data&nbsp;/srv/www&nbsp;</span>\r\n	</li>\r\n\r\n	<li class=\"alt\" style=\"color:inherit;background-color:transparent;\">\r\n		<span style=\"color:black;background-color:inherit;\">sudo&nbsp;chmod&nbsp;-R&nbsp;775&nbsp;/srv/www&nbsp;</span>\r\n	</li>\r\n\r\n	<li style=\"background-color:transparent;\">\r\n		<span style=\"color:black;background-color:inherit;\">cd&nbsp;/etc/nginx/sites-available/&nbsp;</span>\r\n	</li>\r\n\r\n	<li class=\"alt\" style=\"color:inherit;background-color:transparent;\">\r\n		<span style=\"color:black;background-color:inherit;\">sudo&nbsp;wget&nbsp;https://gist.github.com/raw/4248423/c7b2ea550ef9273f7f5d0823f81f054296fc…&nbsp;</span>\r\n	</li>\r\n\r\n</ol>\r\n</pre>\r\n<p style=\"color:#333333;background-color:#F8F8F8;text-indent:28px;font-family:宋体;font-size:14px;\">\r\n	你需要修改以上的域名配置 sudo nano insready.com\r\n</p>\r\n<p style=\"color:#333333;background-color:#F8F8F8;text-indent:28px;font-family:宋体;font-size:14px;\">\r\n	sudo nano /etc/php5/fpm/pool.d/<a href=\"http://www.conf/\">www.conf</a>\r\n</p>\r\n<p style=\"color:#333333;background-color:#F8F8F8;text-indent:28px;font-family:宋体;font-size:14px;\">\r\n	把listen = 127.0.0.1:9000 这行改成：\r\n</p>\r\n<pre>\r\n<ol class=\"dp-xml\" style=\"margin-left:55px;color:#5C5C5C;background-color:#F7F7F7;\">\r\n	\r\n	<li class=\"alt\" style=\"color:inherit;background-color:transparent;\">\r\n		<span style=\"color:black;background-color:inherit;\"><span class=\"attribute\" style=\"color:red;background-color:inherit;\">listen</span><span style=\"background-color:inherit;\">&nbsp;=&nbsp;/tmp/php-fpm.sock&nbsp;</span></span>\r\n	</li>\r\n\r\n	<li style=\"background-color:transparent;\">\r\n		<span style=\"color:black;background-color:inherit;\">sudo&nbsp;ln&nbsp;-s&nbsp;/etc/nginx/sites-available/insready.com&nbsp;/etc/nginx/sites-enabled&nbsp;</span>\r\n	</li>\r\n\r\n</ol>\r\n</pre>\r\n<p style=\"color:#333333;background-color:#F8F8F8;text-indent:28px;font-family:宋体;font-size:14px;\">\r\n	配置Nginx Microcache (并且把Microcache放在内存里，体验闪电的速度吧！)\r\n</p>\r\n<pre>\r\n<ol class=\"dp-xml\" style=\"margin-left:55px;color:#5C5C5C;background-color:#F7F7F7;\">\r\n	\r\n	<li class=\"alt\" style=\"color:inherit;background-color:transparent;\">\r\n		<span style=\"color:black;background-color:inherit;\">sudo&nbsp;nano&nbsp;/etc/nginx/conf.d/microcache.conf&nbsp;</span>\r\n	</li>\r\n\r\n	<li style=\"background-color:transparent;\">\r\n		<span style=\"color:black;background-color:inherit;\">fastcgi_cache_path&nbsp;/dev/shm/microcache&nbsp;<span class=\"attribute\" style=\"color:red;background-color:inherit;\">levels</span><span style=\"background-color:inherit;\">=</span><span class=\"attribute-value\" style=\"color:blue;background-color:inherit;\">1</span><span style=\"background-color:inherit;\">:2&nbsp;</span><span class=\"attribute\" style=\"color:red;background-color:inherit;\">keys_zone</span><span style=\"background-color:inherit;\">=</span><span class=\"attribute-value\" style=\"color:blue;background-color:inherit;\">microcache</span><span style=\"background-color:inherit;\">:5M&nbsp;</span><span class=\"attribute\" style=\"color:red;background-color:inherit;\">max_size</span><span style=\"background-color:inherit;\">=</span><span class=\"attribute-value\" style=\"color:blue;background-color:inherit;\">1G</span><span style=\"background-color:inherit;\">&nbsp;</span><span class=\"attribute\" style=\"color:red;background-color:inherit;\">inactive</span><span style=\"background-color:inherit;\">=</span><span class=\"attribute-value\" style=\"color:blue;background-color:inherit;\">2h</span><span style=\"background-color:inherit;\">;&nbsp;#把Nignx&nbsp;Microcache设置在内存里，这就更快了！&nbsp;</span></span>\r\n	</li>\r\n\r\n	<li class=\"alt\" style=\"color:inherit;background-color:transparent;\">\r\n		<span style=\"color:black;background-color:inherit;\">map&nbsp;$http_cookie&nbsp;$cache_uid&nbsp;{&nbsp;</span>\r\n	</li>\r\n\r\n	<li style=\"background-color:transparent;\">\r\n		<span style=\"color:black;background-color:inherit;\">default&nbsp;nil;&nbsp;#&nbsp;hommage&nbsp;to&nbsp;Lisp&nbsp;:)&nbsp;</span>\r\n	</li>\r\n\r\n	<li class=\"alt\" style=\"color:inherit;background-color:transparent;\">\r\n		<span style=\"color:black;background-color:inherit;\">~SESS[[:alnum:]]+=(?<span class=\"tag\" style=\"color:#006699;background-color:inherit;font-weight:bold;\">&lt;</span><span class=\"tag-name\" style=\"color:#006699;background-color:inherit;font-weight:bold;\">session_id</span><span class=\"tag\" style=\"color:#006699;background-color:inherit;font-weight:bold;\">&gt;</span><span style=\"background-color:inherit;\">[[:alnum:]]+)&nbsp;$session_id;&nbsp;</span></span>\r\n	</li>\r\n\r\n	<li style=\"background-color:transparent;\">\r\n		<span style=\"color:black;background-color:inherit;\">}&nbsp;</span>\r\n	</li>\r\n\r\n	<li class=\"alt\" style=\"color:inherit;background-color:transparent;\">\r\n		<span style=\"color:black;background-color:inherit;\">&nbsp;</span>\r\n	</li>\r\n\r\n	<li style=\"background-color:transparent;\">\r\n		<span style=\"color:black;background-color:inherit;\">map&nbsp;$request_method&nbsp;$no_cache&nbsp;{&nbsp;</span>\r\n	</li>\r\n\r\n	<li class=\"alt\" style=\"color:inherit;background-color:transparent;\">\r\n		<span style=\"color:black;background-color:inherit;\">default&nbsp;1;&nbsp;</span>\r\n	</li>\r\n\r\n	<li style=\"background-color:transparent;\">\r\n		<span style=\"color:black;background-color:inherit;\">HEAD&nbsp;0;&nbsp;</span>\r\n	</li>\r\n\r\n	<li class=\"alt\" style=\"color:inherit;background-color:transparent;\">\r\n		<span style=\"color:black;background-color:inherit;\">GET&nbsp;0;&nbsp;</span>\r\n	</li>\r\n\r\n	<li style=\"background-color:transparent;\">\r\n		<span style=\"color:black;background-color:inherit;\">}&nbsp;</span>\r\n	</li>\r\n\r\n</ol>\r\n</pre>\r\n<p style=\"color:#333333;background-color:#F8F8F8;text-indent:28px;font-family:宋体;font-size:14px;\">\r\n	现在使Nginx每次启动的时候自动运行\r\n</p>\r\n<pre>\r\n<ol class=\"dp-xml\" style=\"margin-left:55px;color:#5C5C5C;background-color:#F7F7F7;\">\r\n	\r\n	<li class=\"alt\" style=\"color:inherit;background-color:transparent;\">\r\n		<span style=\"color:black;background-color:inherit;\">sudo&nbsp;update-rc.d&nbsp;nginx&nbsp;defaults&nbsp;</span>\r\n	</li>\r\n\r\n</ol>\r\n</pre>\r\n<p style=\"color:#333333;background-color:#F8F8F8;text-indent:28px;font-family:宋体;font-size:14px;\">\r\n	启动Nginx\r\n</p>\r\n<pre>\r\n<ol class=\"dp-xml\" style=\"margin-left:55px;color:#5C5C5C;background-color:#F7F7F7;\">\r\n	\r\n	<li class=\"alt\" style=\"color:inherit;background-color:transparent;\">\r\n		<span style=\"color:black;background-color:inherit;\">sudo&nbsp;/etc/init.d/nginx&nbsp;start&nbsp;</span>\r\n	</li>\r\n\r\n</ol>\r\n</pre>\r\n<p style=\"color:#333333;background-color:#F8F8F8;text-indent:28px;font-family:宋体;font-size:14px;\">\r\n	安装MariaDB\r\n</p>\r\n<p style=\"color:#333333;background-color:#F8F8F8;text-indent:28px;font-family:宋体;font-size:14px;\">\r\n	长话短说，MariaDB是甲骨文公司购买了MySQL后，原来开发人员离职然后创建的新开源数据库。MariaDB和MySQL一样使用。\r\n</p>\r\n<pre>\r\n<ol class=\"dp-xml\" style=\"margin-left:55px;color:#5C5C5C;background-color:#F7F7F7;\">\r\n	\r\n	<li class=\"alt\" style=\"color:inherit;background-color:transparent;\">\r\n		<span style=\"color:black;background-color:inherit;\">sudo&nbsp;nano&nbsp;/etc/apt/sources.list.d/MariaDB.list&nbsp;</span>\r\n	</li>\r\n\r\n	<li style=\"background-color:transparent;\">\r\n		<span style=\"color:black;background-color:inherit;\">&nbsp;</span>\r\n	</li>\r\n\r\n	<li class=\"alt\" style=\"color:inherit;background-color:transparent;\">\r\n		<span style=\"color:black;background-color:inherit;\">#&nbsp;MariaDB&nbsp;5.5&nbsp;repository&nbsp;list&nbsp;–&nbsp;created&nbsp;2012-12-08&nbsp;07:39&nbsp;UTC&nbsp;</span>\r\n	</li>\r\n\r\n	<li style=\"background-color:transparent;\">\r\n		<span style=\"color:black;background-color:inherit;\">#&nbsp;http://downloads.mariadb.org/mariadb/repositories/&nbsp;</span>\r\n	</li>\r\n\r\n	<li class=\"alt\" style=\"color:inherit;background-color:transparent;\">\r\n		<span style=\"color:black;background-color:inherit;\">deb&nbsp;http://ftp.yz.yamagata-u.ac.jp/pub/dbms/mariadb/repo/5.5/debian&nbsp;squeeze&nbsp;main&nbsp;</span>\r\n	</li>\r\n\r\n	<li style=\"background-color:transparent;\">\r\n		<span style=\"color:black;background-color:inherit;\">deb-src&nbsp;http://ftp.yz.yamagata-u.ac.jp/pub/dbms/mariadb/repo/5.5/debian&nbsp;squeeze&nbsp;main&nbsp;</span>\r\n	</li>\r\n\r\n	<li class=\"alt\" style=\"color:inherit;background-color:transparent;\">\r\n		<span style=\"color:black;background-color:inherit;\">&nbsp;</span>\r\n	</li>\r\n\r\n	<li style=\"background-color:transparent;\">\r\n		<span style=\"color:black;background-color:inherit;\">sudo&nbsp;apt-key&nbsp;adv&nbsp;–recv-keys&nbsp;–keyserver&nbsp;keyserver.ubuntu.com&nbsp;0xcbcb082a1bb943db&nbsp;</span>\r\n	</li>\r\n\r\n	<li class=\"alt\" style=\"color:inherit;background-color:transparent;\">\r\n		<span style=\"color:black;background-color:inherit;\">&nbsp;</span>\r\n	</li>\r\n\r\n	<li style=\"background-color:transparent;\">\r\n		<span style=\"color:black;background-color:inherit;\">sudo&nbsp;aptitude&nbsp;update&nbsp;</span>\r\n	</li>\r\n\r\n	<li class=\"alt\" style=\"color:inherit;background-color:transparent;\">\r\n		<span style=\"color:black;background-color:inherit;\">sudo&nbsp;aptitude&nbsp;install&nbsp;libmariadbclient-dev&nbsp;libmariadbclient18&nbsp;libmariadbd-dev</span>\r\n	</li>\r\n\r\n	<li class=\"alt\" style=\"color:inherit;background-color:transparent;\">\r\n		<span style=\"color:black;background-color:inherit;\">&nbsp;libmysqlclient18&nbsp;mariadb-client&nbsp;mariadb-client-5.5&nbsp;mariadb-client-core-5.5</span>\r\n	</li>\r\n\r\n	<li class=\"alt\" style=\"color:inherit;background-color:transparent;\">\r\n		<span style=\"color:black;background-color:inherit;\">&nbsp;mariadb-common&nbsp;mariadb-server&nbsp;mariadb-server-5.5&nbsp;mariadb-server-core-5.5&nbsp;mariadb-test&nbsp;mariadb-test-5.5&nbsp;mysql-common&nbsp;</span>\r\n	</li>\r\n\r\n</ol>\r\n</pre>\r\n<p style=\"color:#333333;background-color:#F8F8F8;text-indent:28px;font-family:宋体;font-size:14px;\">\r\n	安装最新版本的Drupal\r\n</p>\r\n<pre>\r\n<ol class=\"dp-xml\" style=\"margin-left:55px;color:#5C5C5C;background-color:#F7F7F7;\">\r\n	\r\n	<li class=\"alt\" style=\"color:inherit;background-color:transparent;\">\r\n		<span style=\"color:black;background-color:inherit;\">cd&nbsp;/srv/www/insready.com&nbsp;</span>\r\n	</li>\r\n\r\n	<li style=\"background-color:transparent;\">\r\n		<span style=\"color:black;background-color:inherit;\">sudo&nbsp;wget&nbsp;http://ftp.drupal.org/files/projects/drupal-7.18.tar.gz&nbsp;</span>\r\n	</li>\r\n\r\n	<li class=\"alt\" style=\"color:inherit;background-color:transparent;\">\r\n		<span style=\"color:black;background-color:inherit;\">sudo&nbsp;tar&nbsp;-xvzf&nbsp;drupal-7.18.tar.gz&nbsp;</span>\r\n	</li>\r\n\r\n	<li style=\"background-color:transparent;\">\r\n		<span style=\"color:black;background-color:inherit;\">cd&nbsp;drupal-7.18&nbsp;</span>\r\n	</li>\r\n\r\n	<li class=\"alt\" style=\"color:inherit;background-color:transparent;\">\r\n		<span style=\"color:black;background-color:inherit;\">sudo&nbsp;cp&nbsp;-a&nbsp;.&nbsp;../public_html/&nbsp;</span>\r\n	</li>\r\n\r\n	<li style=\"background-color:transparent;\">\r\n		<span style=\"color:black;background-color:inherit;\">sudo&nbsp;chown&nbsp;www-data:www-data&nbsp;public_html&nbsp;-R&nbsp;</span>\r\n	</li>\r\n\r\n</ol>\r\n</pre>\r\n<p style=\"color:#333333;background-color:#F8F8F8;text-indent:28px;font-family:宋体;font-size:14px;\">\r\n	安装Memcache, APC\r\n</p>\r\n<pre>\r\n<ol class=\"dp-xml\" style=\"margin-left:55px;color:#5C5C5C;background-color:#F7F7F7;\">\r\n	\r\n	<li class=\"alt\" style=\"color:inherit;background-color:transparent;\">\r\n		<span style=\"color:black;background-color:inherit;\">sudo&nbsp;aptitude&nbsp;install&nbsp;memcached&nbsp;libmemcached-tools&nbsp;memstat&nbsp;make&nbsp;</span>\r\n	</li>\r\n\r\n	<li style=\"background-color:transparent;\">\r\n		<span style=\"color:black;background-color:inherit;\">sudo&nbsp;pecl&nbsp;install&nbsp;memcache&nbsp;</span>\r\n	</li>\r\n\r\n	<li class=\"alt\" style=\"color:inherit;background-color:transparent;\">\r\n		<span style=\"color:black;background-color:inherit;\">sudo&nbsp;pecl&nbsp;install&nbsp;apc&nbsp;</span>\r\n	</li>\r\n\r\n</ol>\r\n</pre>\r\n<p style=\"color:#333333;background-color:#F8F8F8;text-indent:28px;font-family:宋体;font-size:14px;\">\r\n	创建以下文件，配置Memcache\r\n</p>\r\n<pre>\r\n<ol class=\"dp-xml\" style=\"margin-left:55px;color:#5C5C5C;background-color:#F7F7F7;\">\r\n	\r\n	<li class=\"alt\" style=\"color:inherit;background-color:transparent;\">\r\n		<span style=\"color:black;background-color:inherit;\">sudo&nbsp;nano&nbsp;/etc/php5/conf.d/memcache.ini&nbsp;</span>\r\n	</li>\r\n\r\n	<li style=\"background-color:transparent;\">\r\n		<span style=\"color:black;background-color:inherit;\"><span class=\"attribute\" style=\"color:red;background-color:inherit;\">extension</span><span style=\"background-color:inherit;\">=&nbsp;</span><span class=\"attribute-value\" style=\"color:blue;background-color:inherit;\">memcache</span><span style=\"background-color:inherit;\">.so&nbsp;</span></span>\r\n	</li>\r\n\r\n	<li class=\"alt\" style=\"color:inherit;background-color:transparent;\">\r\n		<span style=\"color:black;background-color:inherit;\"><span class=\"attribute\" style=\"color:red;background-color:inherit;\">memcache.hash_strategy</span><span style=\"background-color:inherit;\">=”consistent”&nbsp;</span></span>\r\n	</li>\r\n\r\n</ol>\r\n</pre>\r\n<p style=\"color:#333333;background-color:#F8F8F8;text-indent:28px;font-family:宋体;font-size:14px;\">\r\n	创建以下文件，配置apc\r\n</p>\r\n<pre>\r\n<ol class=\"dp-xml\" style=\"margin-left:55px;color:#5C5C5C;background-color:#F7F7F7;\">\r\n	\r\n	<li class=\"alt\" style=\"color:inherit;background-color:transparent;\">\r\n		<span style=\"color:black;background-color:inherit;\">sudo&nbsp;nano&nbsp;/etc/php5/conf.d/apc.ini&nbsp;</span>\r\n	</li>\r\n\r\n	<li style=\"background-color:transparent;\">\r\n		<span style=\"color:black;background-color:inherit;\"><span class=\"attribute\" style=\"color:red;background-color:inherit;\">extension</span><span style=\"background-color:inherit;\">=</span><span class=\"attribute-value\" style=\"color:blue;background-color:inherit;\">apc</span><span style=\"background-color:inherit;\">.so&nbsp;</span></span>\r\n	</li>\r\n\r\n	<li class=\"alt\" style=\"color:inherit;background-color:transparent;\">\r\n		<span style=\"color:black;background-color:inherit;\"><span class=\"attribute\" style=\"color:red;background-color:inherit;\">apc.shm_size</span><span style=\"background-color:inherit;\">&nbsp;=&nbsp;</span><span class=\"attribute-value\" style=\"color:blue;background-color:inherit;\">256M</span><span style=\"background-color:inherit;\">&nbsp;</span></span>\r\n	</li>\r\n\r\n	<li style=\"background-color:transparent;\">\r\n		<span style=\"color:black;background-color:inherit;\"><span class=\"attribute\" style=\"color:red;background-color:inherit;\">apc.apc.stat</span><span style=\"background-color:inherit;\">&nbsp;=&nbsp;</span><span class=\"attribute-value\" style=\"color:blue;background-color:inherit;\">0</span><span style=\"background-color:inherit;\">&nbsp;</span></span>\r\n	</li>\r\n\r\n</ol>\r\n</pre>\r\n<p style=\"color:#333333;background-color:#F8F8F8;text-indent:28px;font-family:宋体;font-size:14px;\">\r\n	安装uploadprogress\r\n</p>\r\n<pre>\r\n<ol class=\"dp-xml\" style=\"margin-left:55px;color:#5C5C5C;background-color:#F7F7F7;\">\r\n	\r\n	<li class=\"alt\" style=\"color:inherit;background-color:transparent;\">\r\n		<span style=\"color:black;background-color:inherit;\">sudo&nbsp;pecl&nbsp;install&nbsp;uploadprogress&nbsp;</span>\r\n	</li>\r\n\r\n</ol>\r\n</pre>\r\n<p style=\"color:#333333;background-color:#F8F8F8;text-indent:28px;font-family:宋体;font-size:14px;\">\r\n	创建以下文件，配置uploadprogress\r\n</p>\r\n<pre>\r\n<ol class=\"dp-xml\" style=\"margin-left:55px;color:#5C5C5C;background-color:#F7F7F7;\">\r\n	\r\n	<li class=\"alt\" style=\"color:inherit;background-color:transparent;\">\r\n		<span style=\"color:black;background-color:inherit;\">sudo&nbsp;nano&nbsp;/etc/php5/conf.d/uploadprogress.ini&nbsp;</span>\r\n	</li>\r\n\r\n	<li style=\"background-color:transparent;\">\r\n		<span style=\"color:black;background-color:inherit;\"><span class=\"attribute\" style=\"color:red;background-color:inherit;\">extension</span><span style=\"background-color:inherit;\">=</span><span class=\"attribute-value\" style=\"color:blue;background-color:inherit;\">uploadprogress</span><span style=\"background-color:inherit;\">.so&nbsp;</span></span>\r\n	</li>\r\n\r\n</ol>\r\n</pre>\r\n<p style=\"color:#333333;background-color:#F8F8F8;text-indent:28px;font-family:宋体;font-size:14px;\">\r\n	重启：\r\n</p>\r\n<pre>\r\n<ol class=\"dp-xml\" style=\"margin-left:55px;color:#5C5C5C;background-color:#F7F7F7;\">\r\n	\r\n	<li class=\"alt\" style=\"color:inherit;background-color:transparent;\">\r\n		<span style=\"color:black;background-color:inherit;\">sudo&nbsp;service&nbsp;nginx&nbsp;restart&nbsp;</span>\r\n	</li>\r\n\r\n	<li style=\"background-color:transparent;\">\r\n		<span style=\"color:black;background-color:inherit;\">sudo&nbsp;service&nbsp;mysql&nbsp;restart&nbsp;</span>\r\n	</li>\r\n\r\n	<li class=\"alt\" style=\"color:inherit;background-color:transparent;\">\r\n		<span style=\"color:black;background-color:inherit;\">sudo&nbsp;service&nbsp;php5-fpm&nbsp;restart&nbsp;</span>\r\n	</li>\r\n\r\n	<li style=\"background-color:transparent;\">\r\n		<span style=\"color:black;background-color:inherit;\">sudo&nbsp;service&nbsp;memcached&nbsp;restart&nbsp;</span>\r\n	</li>\r\n\r\n</ol>\r\n</pre>\r\n<p style=\"color:#333333;background-color:#F8F8F8;text-indent:28px;font-family:宋体;font-size:14px;\">\r\n	完成！\r\n</p>\r\n<p style=\"color:#333333;background-color:#F8F8F8;text-indent:28px;font-family:宋体;font-size:14px;\">\r\n	原文链接：<a href=\"http://lunax.info/archives/2361.html\">http://lunax.info/archives/2361.html</a>\r\n</p>',NULL),
 (43,43,'<p style=\"color:#333333;background-color:#F8F8F8;text-indent:28px;font-family:宋体;font-size:14px;\">\r\n	举一个例子，我现在有一些新闻信息，它包括这些字段；新闻ID，新闻Name，新闻ShortIntro，新闻Detail，新闻PublishTime。我现在要把它存放在数据库中，然后从数据库中将其取出来放在GridView中分页显示。\r\n</p>\r\n<p style=\"color:#333333;background-color:#F8F8F8;text-indent:28px;font-family:宋体;font-size:14px;\">\r\n	我现在就以一种我所见过的常见的思维方式来一步一步模拟这个实现过程。\r\n</p>\r\n<p style=\"color:#333333;background-color:#F8F8F8;text-indent:28px;font-family:宋体;font-size:14px;\">\r\n	第一步：建立新闻数据表。\r\n</p>\r\n<p style=\"color:#333333;background-color:#F8F8F8;text-indent:28px;font-family:宋体;font-size:14px;\">\r\n	在这一步，很多人都会直接建一张News表，里面包括了上面说的那些字段。\r\n</p>\r\n<p style=\"color:#333333;background-color:#F8F8F8;text-indent:28px;font-family:宋体;font-size:14px;\">\r\n	第二步：查询数据。\r\n</p>\r\n<p style=\"color:#333333;background-color:#F8F8F8;text-indent:28px;font-family:宋体;font-size:14px;\">\r\n	写一个方法，把News表中满足查询条件的数据取出来放在DataSet（DataTable）中，作为数据源。\r\n</p>\r\n<p style=\"color:#333333;background-color:#F8F8F8;text-indent:28px;font-family:宋体;font-size:14px;\">\r\n	第三步：绑定到GridView。\r\n</p>\r\n<p style=\"color:#333333;background-color:#F8F8F8;text-indent:28px;font-family:宋体;font-size:14px;\">\r\n	设置GridView的分页属性，将上面查询得到的数据源绑定到GridView，实现数据在GridView中的分页显示。\r\n</p>\r\n<p style=\"color:#333333;background-color:#F8F8F8;text-indent:28px;font-family:宋体;font-size:14px;\">\r\n	上面就是我们常见的做法了。\r\n</p>\r\n<p style=\"color:#333333;background-color:#F8F8F8;text-indent:28px;font-family:宋体;font-size:14px;\">\r\n	我的做法会是这样：\r\n</p>\r\n<p style=\"color:#333333;background-color:#F8F8F8;text-indent:28px;font-family:宋体;font-size:14px;\">\r\n	第一步：建立新闻数据主-从表。\r\n</p>\r\n<p style=\"color:#333333;background-color:#F8F8F8;text-indent:28px;font-family:宋体;font-size:14px;\">\r\n	我们在系统开发过程中会发现，其实在一条的完整的数据信息中，其实很多时候，很多列表项并不会用到。我们分析News信息，我们可以初步的把ID，Name，ShortIntro，PublishTime作为主要信息，我们将这些信息集中起来，新建一张表News(ID，Name，ShortIntro，PublishTime)，另外一个字段Detail放在另一张从表中，新建一张表NewsDetail(ID，Detail，NewsID)。这样做有什么好处呢，首先我们降低了表的“重量”。我们将最重要，最常用的信息简化出来放在一个主表中，这样在使用过程中，我们只需要从这张住表中获取我们所需的数据就可以了，而不需要像第一种方法一样遍历所有字段，这减少了数据库查询的时间，提高了性能。主-从表建立的原则是，将最重要的，最常用的分离出来作为主表，将那些描述性的，内容庞大的作为从表\r\n</p>\r\n<p style=\"color:#333333;background-color:#F8F8F8;text-indent:28px;font-family:宋体;font-size:14px;\">\r\n	第二步：编写适合的SQL语句。\r\n</p>\r\n<p style=\"color:#333333;background-color:#F8F8F8;text-indent:28px;font-family:宋体;font-size:14px;\">\r\n	我们应该为不同的功能实现编写适合的SQL语句。上面那种方法中，用一个方法查询出了所有的数据信息，这是满足所有场合的数据要求的。但是，我们并不需要这么多的数据内容，多余的数据内容耗费了我们大量的时间和空间。我们往往只需要其中的部分内容，比如说主要信息。这也印证了为什么我们上面要建立主-从表。我们在建立了主-从表之后，为满足各种场合，可以编写以下几种方法：GetNews(int? ID, string Name)//从主表中查询满足条件的数据，GetNewsDetail(int? ID, string Name)//从主表和从表中查询满足条件的数据。第一种方法提供了新闻主要信息，第二种方法提供了全面的信息，这两种方法基本上就能满足所有场景且不会带来过多的数据冗余。这里还要指出一点，有些人喜欢这么写GetNewsByID(int? ID )，GetNewsByName(string Name)，这样写是很灵活，很有针对性，但是这样写完全没必要。\r\n</p>\r\n<p style=\"color:#333333;background-color:#F8F8F8;text-indent:28px;font-family:宋体;font-size:14px;\">\r\n	第三步：分页绑定。\r\n</p>\r\n<p style=\"color:#333333;background-color:#F8F8F8;text-indent:28px;font-family:宋体;font-size:14px;\">\r\n	上面那种方法是一次性取出所有数据给GridView，让控件自己去分页，这样做方便省事。但是会有几个问题：\r\n</p>\r\n<p style=\"color:#333333;background-color:#F8F8F8;text-indent:28px;font-family:宋体;font-size:14px;\">\r\n	（1）数据量大。因为是一次性取出所有满足条件的数据，所以数据量比较大，而这些数据是都需要放在内存中的，所以会影响系统性能。而且在初次载入时会有些卡，给人的感觉是系统加载不平顺。\r\n</p>\r\n<p style=\"color:#333333;background-color:#F8F8F8;text-indent:28px;font-family:宋体;font-size:14px;\">\r\n	（2）我们并不需要这么多数据。为什么我要这么说呢？研究用户的使用习惯我们会发现，用户大多数情况下并不会逐页的去浏览数据，用户关注的往往是前几页的前几条。所以取出来的数据很多时候并没有被用户查看。\r\n</p>\r\n<p style=\"color:#333333;background-color:#F8F8F8;text-indent:28px;font-family:宋体;font-size:14px;\">\r\n	所以在这里，使用分页查询的方式是更加合适的。每次只从数据库里面查询一页数据，这样系统负载小，页面载入平顺，而且完全能够满足用户的使用要求。有些人会问，你这样做不是会增加数据库IO次数，我想说的是，一次性获取大量冗余数据，并要承担冗余所带来的持久影响与这些比理论上增加的IO次数（用户并不会逐页查看，也就并不会产生那么多次分页查询）要小得多的访问相比，分页查询具有不可否定的优势。\r\n</p>\r\n<p style=\"color:#333333;background-color:#F8F8F8;text-indent:28px;font-family:宋体;font-size:14px;\">\r\n	原文链接：<a href=\"http://www.cnblogs.com/allon6318/archive/2013/05/21/3090253.html\">http://www.cnblogs.com/allon6318/archive/2013/05/21/3090253.html</a>\r\n</p>',NULL),
 (44,44,'<p style=\"color:#333333;background-color:#F8F8F8;text-indent:28px;font-family:宋体;font-size:14px;text-align:center;\">\r\n	<img class=\"fit-image\" src=\"http://dl2.iteye.com/upload/attachment/0067/7070/fd37d7b2-5c5a-33ae-a362-bed7677eaa64.jpg\" alt=\"\" />\r\n</p>\r\n<p style=\"color:#333333;background-color:#F8F8F8;text-indent:28px;font-family:宋体;font-size:14px;\">\r\n	该版本的主要改进如下：&nbsp;\r\n</p>\r\n<p style=\"color:#333333;background-color:#F8F8F8;text-indent:28px;font-family:宋体;font-size:14px;\">\r\n	mysql_upgrade改进：现在会验证编译的版本是否与服务器版本相匹配，如果不匹配则退出。可以通过--version-check 和--skip-version-checking选项来启用和禁用版本检查。\r\n</p>\r\n<p style=\"color:#333333;background-color:#F8F8F8;text-indent:28px;font-family:宋体;font-size:14px;\">\r\n	兼容性修复：GRANT 语句如果用于一个现有的MySQL账户，可能会产生意想不到的结果。这是因为如果命名账户已经存在，则禁止使用GRANT 语句和IDENTIFIED WITH子句来创建一个新用户。\r\n</p>\r\n<p style=\"color:#333333;background-color:#F8F8F8;text-indent:28px;font-family:宋体;font-size:14px;\">\r\n	Replication的重要变化：如果服务器使用--binlog-ignore-db参数，且SELECTDATABASE()返回null（表示当前没有数据库被选择），那么以dbname.tblname格式使用完全限定表名的语句不会被写入二进制日志。\r\n</p>\r\n<p style=\"color:#333333;background-color:#F8F8F8;text-indent:28px;font-family:宋体;font-size:14px;\">\r\n	更多改进信息请查看（英文）：<a href=\"http://dev.mysql.com/doc/relnotes/mysql/5.6/en/news-5-6-12.html\">http://dev.mysql.com/doc/relnotes/mysql/5.6/en/news-5-6-12.html</a>\r\n</p>\r\n<p style=\"color:#333333;background-color:#F8F8F8;text-indent:28px;font-family:宋体;font-size:14px;\">\r\n	原文地址：<a href=\"http://www.iteye.com/news/27870\">http://www.iteye.com/news/27870</a>\r\n</p>',NULL),
 (45,45,'<p style=\"color:#333333;background-color:#F8F8F8;text-indent:28px;font-family:宋体;font-size:14px;\">\r\n	MariaDB不仅成为主要开放源码操作系统的默认数据库，更在 WikiMedia 等重要组织与企业，取代 MySQL 的地位。日前 SkySQL 与 MariaDB 的总公司 Monty Program Ab 进行合并，扩编了开发者团队。以下是 Monty 日前进行的专访，谈到了数据库领域的改变。\r\n</p>\r\n<p style=\"color:#333333;background-color:#F8F8F8;text-indent:28px;font-family:宋体;font-size:14px;\">\r\n	<strong>问：MySQL 是全球主要项目与企业的默认数据库，MySQL 如此成功的原因为何？它有哪些特质？是其开放源码的特性、技术优势、或是 Sun 的营销能力？</strong>\r\n</p>\r\n<p style=\"color:#333333;background-color:#F8F8F8;text-indent:28px;font-family:宋体;font-size:14px;\">\r\n	Monty：MySQL 在被 Sun 买下前就已经很普及了，这也是 Sun 之所以买下它的理由之一。\r\n</p>\r\n<p style=\"color:#333333;background-color:#F8F8F8;text-indent:28px;font-family:宋体;font-size:14px;\">\r\n	<strong>MySQL 之所以受到如此欢迎的原因是：</strong>\r\n</p>\r\n<p style=\"color:#333333;background-color:#F8F8F8;text-indent:28px;font-family:宋体;font-size:14px;\">\r\n	1.自由软件／开放源码\r\n</p>\r\n<p style=\"color:#333333;background-color:#F8F8F8;text-indent:28px;font-family:宋体;font-size:14px;\">\r\n	2.我们从一开始就对用户非常友善并且乐意提供协助\r\n</p>\r\n<p style=\"color:#333333;background-color:#F8F8F8;text-indent:28px;font-family:宋体;font-size:14px;\">\r\n	3.前五年我个人只为了协助用户就写了 3 万封电邮\r\n</p>\r\n<p style=\"color:#333333;background-color:#F8F8F8;text-indent:28px;font-family:宋体;font-size:14px;\">\r\n	4.双重授权\r\n</p>\r\n<p style=\"color:#333333;background-color:#F8F8F8;text-indent:28px;font-family:宋体;font-size:14px;\">\r\n	5.让我们赚到钱好雇用更多人加入项目\r\n</p>\r\n<p style=\"color:#333333;background-color:#F8F8F8;text-indent:28px;font-family:宋体;font-size:14px;\">\r\n	6.让我们吸引到投资者\r\n</p>\r\n<p style=\"color:#333333;background-color:#F8F8F8;text-indent:28px;font-family:宋体;font-size:14px;\">\r\n	7.从一开始释出就在大量平台上测试 MySQL 二进制文件\r\n</p>\r\n<p style=\"color:#333333;background-color:#F8F8F8;text-indent:28px;font-family:宋体;font-size:14px;\">\r\n	8.当我们开始 MySQL 时，多数自由软件仍仅有原始码，也没有对所有平台做测试\r\n</p>\r\n<p style=\"color:#333333;background-color:#F8F8F8;text-indent:28px;font-family:宋体;font-size:14px;\">\r\n	9.从一开始我们就设定好，要让所有人都可以在 15 分钟内取得并执行 MySQL\r\n</p>\r\n<p style=\"color:#333333;background-color:#F8F8F8;text-indent:28px;font-family:宋体;font-size:14px;\">\r\n	10.我们很幸运在对的时机推出对的产品\r\n</p>\r\n<p style=\"color:#333333;background-color:#F8F8F8;text-indent:28px;font-family:宋体;font-size:14px;\">\r\n	11.当我们开始时，市场没有自由 SQL 数据库的竞争者\r\n</p>\r\n<p style=\"color:#333333;background-color:#F8F8F8;text-indent:28px;font-family:宋体;font-size:14px;\">\r\n	<strong>问：两大开放源码势力都出自于芬兰人之手，也就是 Torvalds 与 Widenius。芬兰的教育系统是否鼓励这些行动？</strong>\r\n</p>\r\n<p style=\"color:#333333;background-color:#F8F8F8;text-indent:28px;font-family:宋体;font-size:14px;\">\r\n	Monty：在这两个案例中，教育系统对产品并无太多影响。\r\n</p>\r\n<p style=\"color:#333333;background-color:#F8F8F8;text-indent:28px;font-family:宋体;font-size:14px;\">\r\n	我想比较多是出自于芬兰人的本性，我们很固执又讨厌放弃，即使其他人都说我们做的事一点用都没有，而且我们不可能与大公司竞争。\r\n</p>\r\n<p style=\"color:#333333;background-color:#F8F8F8;text-indent:28px;font-family:宋体;font-size:14px;\">\r\n	就 Linus Torvalds 与我而言，我们都有一种天分，可以让和我们谈过的开发者，对我们所做的事感到兴奋。我们两个人的母语都不是英语，也许这一点有助于和世界各地的开发者进行沟通，因为从一开始我们不设限加入项目的人必须会说流利英语。\r\n</p>\r\n<p style=\"color:#333333;background-color:#F8F8F8;text-indent:28px;font-family:宋体;font-size:14px;\">\r\n	<strong>问：你曾对 MySQL 卖给 Oracle 有所疑虑（你的疑虑也成真了）。MySQL 的普及率最近正在下滑。你认为下滑的原因为何？Oracle 做错了什么？</strong>\r\n</p>\r\n<p style=\"color:#333333;background-color:#F8F8F8;text-indent:28px;font-family:宋体;font-size:14px;\">\r\n	Monty：是的，MySQL 近来没落了，不过它所流失的用户群，多半都跑向 MySQL 生态系的其他产品，像是 MariaDB。\r\n</p>\r\n<p style=\"color:#333333;background-color:#F8F8F8;text-indent:28px;font-family:宋体;font-size:14px;\">\r\n	Oracle 做错的事有：\r\n</p>\r\n<p style=\"color:#333333;background-color:#F8F8F8;text-indent:28px;font-family:宋体;font-size:14px;\">\r\n	1.MySQL 新的企业延伸套件采取封闭源码\r\n</p>\r\n<p style=\"color:#333333;background-color:#F8F8F8;text-indent:28px;font-family:宋体;font-size:14px;\">\r\n	2.数据库的臭虫不再公开\r\n</p>\r\n<p style=\"color:#333333;background-color:#F8F8F8;text-indent:28px;font-family:宋体;font-size:14px;\">\r\n	3.不再积极更新 MySQL 的公开代码库\r\n</p>\r\n<p style=\"color:#333333;background-color:#F8F8F8;text-indent:28px;font-family:宋体;font-size:14px;\">\r\n	4.未能快速传达或修复安全问题，这一点让 Linux 散布套件对 Oracle 很不满\r\n</p>\r\n<p style=\"color:#333333;background-color:#F8F8F8;text-indent:28px;font-family:宋体;font-size:14px;\">\r\n	5.Oracle 选择移除功能，而非修正臭虫\r\n</p>\r\n<p style=\"color:#333333;background-color:#F8F8F8;text-indent:28px;font-family:宋体;font-size:14px;\">\r\n	6.MySQL 5.5 的新程序代码不再有测试案例\r\n</p>\r\n<p style=\"color:#333333;background-color:#F8F8F8;text-indent:28px;font-family:宋体;font-size:14px;\">\r\n	7.来自 Oracle 的部分新程序代码好的出乎意料，但不幸的是质量参差不齐，相当可观的一部分在我们纳入 MariaDB 前，更需要重新改写\r\n</p>\r\n<p style=\"color:#333333;background-color:#F8F8F8;text-indent:28px;font-family:宋体;font-size:14px;\">\r\n	另外，或许最糟糕的是，社群没办法与 Oracle 的 MySQL 开发者合作。因为：\r\n</p>\r\n<p style=\"color:#333333;background-color:#F8F8F8;text-indent:28px;font-family:宋体;font-size:14px;\">\r\n	1.Oracle 不接受程序修补\r\n</p>\r\n<p style=\"color:#333333;background-color:#F8F8F8;text-indent:28px;font-family:宋体;font-size:14px;\">\r\n	2.没有公开的发展蓝图\r\n</p>\r\n<p style=\"color:#333333;background-color:#F8F8F8;text-indent:28px;font-family:宋体;font-size:14px;\">\r\n	3.没有任何方法可以和 MySQL 开发者讨论实作细节以及目前程序代码的运作\r\n</p>\r\n<p style=\"color:#333333;background-color:#F8F8F8;text-indent:28px;font-family:宋体;font-size:14px;\">\r\n	<strong>问：在此同时 MariaDB 逐渐受到重视，对一般用户而言，MariaDB 与 MySQL 的差异为何？</strong>\r\n</p>\r\n<p style=\"color:#333333;background-color:#F8F8F8;text-indent:28px;font-family:宋体;font-size:14px;\">\r\n	简单来说：\r\n</p>\r\n<p style=\"color:#333333;background-color:#F8F8F8;text-indent:28px;font-family:宋体;font-size:14px;\">\r\n	1.MariaDB 比 MySQL 多了 30 个人年以上的开发工作量\r\n</p>\r\n<p style=\"color:#333333;background-color:#F8F8F8;text-indent:28px;font-family:宋体;font-size:14px;\">\r\n	2.更多功能\r\n</p>\r\n<p style=\"color:#333333;background-color:#F8F8F8;text-indent:28px;font-family:宋体;font-size:14px;\">\r\n	3.更快\r\n</p>\r\n<p style=\"color:#333333;background-color:#F8F8F8;text-indent:28px;font-family:宋体;font-size:14px;\">\r\n	4.更稳定\r\n</p>\r\n<p style=\"color:#333333;background-color:#F8F8F8;text-indent:28px;font-family:宋体;font-size:14px;\">\r\n	5.安全问题更少\r\n</p>\r\n<p style=\"color:#333333;background-color:#F8F8F8;text-indent:28px;font-family:宋体;font-size:14px;\">\r\n	最简单的答案是，毫无理由不选择 MariaDB 5.5 来取代 MySQL 5.5，这个答案下一版本依然适用。\r\n</p>\r\n<p style=\"color:#333333;background-color:#F8F8F8;text-indent:28px;font-family:宋体;font-size:14px;\">\r\n	<strong>问：MariaDB 如何改变数据库领域？MySQL 仍在 Web 上占有主导地位，有任何鼓励网络托管服务供货商改用 MariaDB 的计划吗？</strong>\r\n</p>\r\n<p style=\"color:#333333;background-color:#F8F8F8;text-indent:28px;font-family:宋体;font-size:14px;\">\r\n	Monty：有许多网络托管服务供货商已经支持 MariaDB。你只需提出询问，许多供货商就会提供 MariaDB。\r\n</p>\r\n<p style=\"color:#333333;background-color:#F8F8F8;text-indent:28px;font-family:宋体;font-size:14px;\">\r\n	我们正在积极游说网络托管服务供货商，请他们公开支持 MariaDB。然而这的确是个耗时的工作。\r\n</p>\r\n<p style=\"color:#333333;background-color:#F8F8F8;text-indent:28px;font-family:宋体;font-size:14px;\">\r\n	<strong>问：MariaDB 可以用来直接取代 MySQL。撇开双方在技术上的相似性不谈，这两个项目在开发与授权上的主要差异为何？</strong>\r\n</p>\r\n<p style=\"color:#333333;background-color:#F8F8F8;text-indent:28px;font-family:宋体;font-size:14px;\">\r\n	Monty：MariaDB 是由具有开放发展蓝图的社群所开发，任何人都可以轻易参与其中。MySQL 被发展成一个封闭源码的项目，只有 Oracle 和少数 Oracle 选出的公司才能参与。MariaDB 和 MySQL 一样采取 GPL，不过 MariaDB 有给 C 和 Java 用的 LGPL 驱动程序。我们也在开发 LGPL ODBC 驱动程序。如果你使用了这些驱动程序，在大多数情况下，你并不需要购买 MySQL/MariaDB 的授权。\r\n</p>\r\n<p style=\"color:#333333;background-color:#F8F8F8;text-indent:28px;font-family:宋体;font-size:14px;\">\r\n	<strong>问：从 MySQL 转移至 MariaDB 的难易度？</strong>\r\n</p>\r\n<p style=\"color:#333333;background-color:#F8F8F8;text-indent:28px;font-family:宋体;font-size:14px;\">\r\n	Monty：只是小事一桩。只要移除 MySQL，然后安装 MariaDB。你的所有工具，连接程序都可以如常运作。你也不需要导出和汇入数据。格式与文件名都是相同的。\r\n</p>\r\n<p style=\"color:#333333;background-color:#F8F8F8;text-indent:28px;font-family:宋体;font-size:14px;\">\r\n	<strong>问：在 WikiMedia 基金会等组织，或是 openSUSE 与 Fedora 这些 GNU/Linux 散布套件上，我们已经看到若干采用 MariaDB 的例子，但透过 Monty Program Ab 进行商业部署呢？我的意思是，你公司的营收现况为何？</strong>\r\n</p>\r\n<p style=\"color:#333333;background-color:#F8F8F8;text-indent:28px;font-family:宋体;font-size:14px;\">\r\n	Monty：Monty Program Ab 从某些公司取得了 MariaDB 的开发资金。此外，Monty Program Ab 也从提供第三级支持给 SkySQL 等公司而获得资金。\r\n</p>\r\n<p style=\"color:#333333;background-color:#F8F8F8;text-indent:28px;font-family:宋体;font-size:14px;\">\r\n	<strong>问：SkySQL 如今与 Monty Program Ab 合并，这对 MariaDB 的整个开发者基础有何影响？</strong>\r\n</p>\r\n<p style=\"color:#333333;background-color:#F8F8F8;text-indent:28px;font-family:宋体;font-size:14px;\">\r\n	Monty：当最好的 MySQL/MariaDB 开发者、支持者、训练人员、销售人员齐聚同一家公司，我们如今更能够提供最好的服务，给所有的 MySQL 与 MariaDB 用户。\r\n</p>\r\n<p style=\"color:#333333;background-color:#F8F8F8;text-indent:28px;font-family:宋体;font-size:14px;\">\r\n	<strong>问：你如何确保 MariaDB 不会有和 MySQL 一样，被其他公司买下的命运？</strong>\r\n</p>\r\n<p style=\"color:#333333;background-color:#F8F8F8;text-indent:28px;font-family:宋体;font-size:14px;\">\r\n	Monty：这就是我们创建 MariaDB 基金会的原因。MariaDB 基金会是该社群发展的驱动力，也是 MariaDB 服务器商标的所有者。如此即可确保再也没有开出 MySQL 新分支的必要了。MariaDB 永远会是自由且属于社群的项目。\r\n</p>\r\n<p style=\"color:#333333;background-color:#F8F8F8;text-indent:28px;font-family:宋体;font-size:14px;\">\r\n	原文链接：<a href=\"http://www.openfoundry.org/index.php?option=com_content&amp;task=view&amp;id=8974&amp;Itemid=4;isletter=1\">http://www.openfoundry.org/index.php?option=com_content&amp;task=view&amp;id=8974&amp;Itemid=4;isletter=1</a>\r\n</p>',NULL),
 (46,46,'张三客户见证',NULL);
INSERT INTO `articles_txt` (`id`,`content_id`,`txt`,`txt_pics`) VALUES 
 (47,47,'李四见证',NULL),
 (48,48,'王五',NULL),
 (49,49,'小明',NULL),
 (50,50,'小强',NULL),
 (51,51,'小芳',NULL),
 (52,52,'加入会员',NULL),
 (53,53,'<p>\r\n	<p style=\"font-family:宋体;font-size:14px;\">\r\n		网址：www.redwww.com\r\n	</p>\r\n	<p style=\"font-family:宋体;font-size:14px;\">\r\n		Email：info@redwww.com\r\n	</p>\r\n	<p style=\"font-family:宋体;font-size:14px;\">\r\n		QQ：1613839994 1987388828\r\n	</p>\r\n	<p style=\"font-family:宋体;font-size:14px;\">\r\n		电话：13991313435\r\n	</p>\r\n</p>\r\n<p>\r\n	<br />\r\n</p>',NULL),
 (54,54,'帮助，有什么不知道的来这页看看',NULL);
/*!40000 ALTER TABLE `articles_txt` ENABLE KEYS */;


--
-- Definition of table `channel`
--

DROP TABLE IF EXISTS `channel`;
CREATE TABLE `channel` (
  `id` int(10) unsigned NOT NULL AUTO_INCREMENT,
  `model_id` int(10) unsigned DEFAULT NULL COMMENT '模型id',
  `parent_id` int(10) unsigned DEFAULT NULL COMMENT '父栏目id',
  `name` varchar(25) DEFAULT NULL COMMENT '栏目名',
  `path` varchar(25) DEFAULT NULL COMMENT '访问目录',
  `orderlist` int(2) unsigned DEFAULT '10' COMMENT '排序',
  `link` varchar(65) DEFAULT NULL COMMENT '外部链接',
  `pic` varchar(120) DEFAULT NULL COMMENT '栏目图片',
  `pic_height` int(11) DEFAULT NULL COMMENT '栏目图宽',
  `pic_width` int(11) DEFAULT NULL COMMENT '栏目图高',
  `createtime` datetime DEFAULT NULL COMMENT '创建时间',
  `meta_title` varchar(100) DEFAULT NULL COMMENT 'meta_tiel',
  `meta_key` varchar(100) DEFAULT NULL COMMENT 'meta_key',
  `meta_des` varchar(200) DEFAULT NULL COMMENT 'meta_des',
  `index_temp` varchar(45) DEFAULT NULL COMMENT '首页模版',
  `list_temp` varchar(45) DEFAULT NULL COMMENT '列表模版',
  `content_temp` varchar(45) DEFAULT NULL COMMENT '内容模版',
  `content` text COMMENT '内容',
  `content_pic` varchar(200) DEFAULT NULL COMMENT '内容中的图片',
  PRIMARY KEY (`id`),
  KEY `FK_channel_1` (`model_id`),
  KEY `FK_channel_2` (`parent_id`),
  CONSTRAINT `FK_channel_1` FOREIGN KEY (`model_id`) REFERENCES `model` (`id`)
) ENGINE=InnoDB AUTO_INCREMENT=23 DEFAULT CHARSET=gbk COMMENT='栏目表';

--
-- Dumping data for table `channel`
--

/*!40000 ALTER TABLE `channel` DISABLE KEYS */;
INSERT INTO `channel` (`id`,`model_id`,`parent_id`,`name`,`path`,`orderlist`,`link`,`pic`,`pic_height`,`pic_width`,`createtime`,`meta_title`,`meta_key`,`meta_des`,`index_temp`,`list_temp`,`content_temp`,`content`,`content_pic`) VALUES 
 (1,1,NULL,'网站系统','websys',10,NULL,NULL,120,320,'2013-05-30 09:46:38',NULL,NULL,NULL,NULL,NULL,'course_content.jsp','网站系统，如焦点广告等',NULL),
 (2,1,1,'焦点广告','focus',10,NULL,NULL,227,345,'2013-05-30 09:47:49',NULL,NULL,'焦点广告',NULL,NULL,'new_content.jsp','焦点广告',NULL),
 (3,1,1,'单页','spage',10,NULL,NULL,120,320,'2013-05-30 09:49:18',NULL,NULL,'单页',NULL,NULL,'singel_content.jsp','单页',NULL),
 (4,1,1,'系统公告','notice',10,NULL,NULL,120,320,'2013-05-30 09:51:08','精彩文章','精彩文章','精彩文章',NULL,'new_list.jsp','new_content.jsp','精彩文章',NULL),
 (5,1,1,'每日焦点','dayfocus',10,NULL,NULL,120,320,'2013-05-30 09:52:54',NULL,NULL,'每日焦点',NULL,'new_list.jsp','new_content.jsp','每日焦点',NULL),
 (6,1,1,'站长日志','sitelog',10,NULL,NULL,120,320,'2013-05-30 09:53:51',NULL,NULL,'站长日志',NULL,NULL,'new_content.jsp','站长日志',NULL),
 (7,1,0,'精彩文章','arts',10,NULL,NULL,120,320,'2013-05-30 09:55:01',NULL,NULL,'系统公告','new_index.jsp',NULL,'new_content.jsp','系统公告',NULL),
 (8,1,7,'数据库','database',10,NULL,NULL,120,320,'2013-05-30 10:01:28',NULL,'数据库','数据库',NULL,'new_list.jsp','new_content.jsp','数据库',NULL),
 (9,1,7,'软件开发','devs',10,NULL,NULL,120,320,'2013-05-30 10:02:36',NULL,NULL,'软件开发',NULL,'new_list.jsp','new_content.jsp','软件开发软件开发',NULL),
 (10,1,7,'操作系统','oss',10,NULL,NULL,120,320,'2013-05-30 10:04:16',NULL,NULL,'操作系统',NULL,'new_list.jsp','new_content.jsp','操作系统',NULL),
 (11,1,7,'网络安全','secs',10,NULL,NULL,120,320,'2013-05-30 10:05:13',NULL,NULL,'网络安全',NULL,'new_list.jsp','new_content.jsp','网络安全',NULL),
 (12,2,0,'软件下载','downs',10,NULL,NULL,120,320,'2013-05-30 10:06:12',NULL,NULL,'软件下载','down_index.jsp','down_list.jsp','down_content.jsp','软件下载',NULL),
 (13,2,12,'学习资料','datas',10,NULL,NULL,120,320,'2013-05-30 10:07:23',NULL,NULL,'学习资料',NULL,'down_list.jsp','down_content.jsp','学习资料',NULL),
 (14,2,12,'网络工具','nettools',10,NULL,NULL,120,320,'2013-05-30 10:08:56',NULL,NULL,'网络工具',NULL,'down_list.jsp','down_content.jsp','网络工具',NULL),
 (15,2,12,'其它软件','othsoft',10,NULL,NULL,120,320,'2013-05-30 10:11:35',NULL,NULL,'其它软件',NULL,'down_list.jsp','down_content.jsp','其它软件',NULL),
 (16,3,NULL,'精品课程','courss',10,NULL,NULL,120,320,'2013-05-30 10:12:19',NULL,NULL,'精品课程','course_index.jsp','course_list.jsp','course_content.jsp','精品课程',NULL),
 (17,3,16,'Java EE软件工程师','javaee',10,NULL,'/redcms/res/uppics/20130531110218382.jpg',80,140,'2013-05-30 10:20:40',NULL,'java,java2ee,java ee','Java EE软件工程师是现在最主流的软件开发选择，市场需求最大，当然就业机会也就最多，而且对于公司来讲成本也最低！',NULL,'course_list.jsp','course_content.jsp','Java EE是大中型软件项目的首选，它最大的特点就是开源、成本低从而得到广大企业的青睐，我们的java ee课程是零基础打造java EE软件工程师，三个企业级项目实点，内容包括java se所有内容、数据库（mysql,oracle）,java web编程(html、js、css、servlet、jsp、xml、el、tag等)，常用开发框架包括(struts2、hibernate、sping、dbutils、mina、beanutils等)',NULL),
 (18,3,16,'Linux运维工程师','linuxy',10,NULL,'/redcms/res/uppics/20130531110508706.jpg',80,140,'2013-05-30 10:21:18',NULL,NULL,'Linux运维工程师',NULL,'course_list.jsp','course_content.jsp','Linux运维课程分基础篇、服务篇和安全篇，基础篇包含（文件系统、硬盘、用户、进程、软件安装、Shell脚本等）内容，服务篇学习各种常用服务的安装、配置和维护，安全篇主要学习Linux下攻防、渗透等内容',NULL),
 (19,3,16,'网络安全工程师','secen',10,NULL,'/redcms/res/uppics/20130531110556435.jpg',80,140,'2013-05-30 10:21:53',NULL,NULL,'网络安全工程师',NULL,'course_list.jsp','course_content.jsp','网络安全工程师课程涵盖了网络基础、TCP/IP、OSI、网络操作系统，WEB脚本vbscript、javascript、asp、php、Jsp，及常用web漏洞，及如何防御这些漏洞的发生等，底层涉及汇编、反汇编的应用，此课程涉及计算机系统的方方面面，学习此课程使你在IT职业中早上攀上高峰',NULL),
 (20,3,16,'网站开发工程师','webdev',10,NULL,'/redcms/res/uppics/20130531110915651.jpg',80,140,'2013-05-30 10:24:18',NULL,NULL,'网站开发工程师',NULL,'down_list.jsp','course_content.jsp','网站开发工程师',NULL),
 (21,3,16,'网络营销工程师','netsales',10,NULL,NULL,80,140,'2013-05-30 10:25:00',NULL,NULL,'网络营销工程师',NULL,'course_list.jsp','course_content.jsp','网络营销工程师',NULL),
 (22,1,1,'会员心声','viptallk',10,NULL,NULL,80,120,'2013-06-13 10:37:51','会员心声','会员心声','会员心声',NULL,NULL,'course_content.jsp','会员心声',NULL);
/*!40000 ALTER TABLE `channel` ENABLE KEYS */;


--
-- Definition of table `content`
--

DROP TABLE IF EXISTS `content`;
CREATE TABLE `content` (
  `id` int(10) unsigned NOT NULL COMMENT 'id',
  `channel_id` int(10) unsigned DEFAULT NULL COMMENT '栏目id',
  `type_id` int(10) unsigned DEFAULT NULL COMMENT '类型id',
  `manager_id` int(10) unsigned DEFAULT NULL COMMENT '用户id',
  `title` varchar(85) DEFAULT NULL COMMENT '标题',
  `tags` varchar(45) DEFAULT NULL COMMENT '标签',
  `author` varchar(25) DEFAULT NULL COMMENT '作者',
  `origin` varchar(25) DEFAULT '转载' COMMENT '来原',
  `origin_url` varchar(45) DEFAULT NULL COMMENT '来源url',
  `description` varchar(200) DEFAULT NULL COMMENT '简述',
  `create_date` datetime DEFAULT NULL COMMENT '创建日期',
  `title_color` varchar(15) DEFAULT NULL COMMENT '标题颜色',
  `is_bold` int(1) unsigned DEFAULT '0' COMMENT '是否加粗',
  `title_pic` varchar(100) DEFAULT NULL COMMENT '标题图',
  `content_pic` varchar(100) DEFAULT NULL COMMENT '内容图',
  `type_pic` varchar(100) DEFAULT NULL COMMENT '类型图',
  `link` varchar(120) DEFAULT NULL COMMENT '外链',
  `temp` varchar(45) DEFAULT NULL COMMENT '模版',
  `status` tinyint(1) unsigned NOT NULL DEFAULT '0' COMMENT '状态(0:草稿;1:审核中;2:审核通过;3:回收站)',
  `orderlist` int(10) unsigned DEFAULT NULL COMMENT '排序',
  `is_recommend` tinyint(1) unsigned NOT NULL DEFAULT '0' COMMENT '是否推荐',
  PRIMARY KEY (`id`),
  KEY `FK_content_1` (`channel_id`),
  KEY `FK_content_2` (`type_id`),
  KEY `FK_content_3` (`manager_id`),
  CONSTRAINT `FK_content_1` FOREIGN KEY (`channel_id`) REFERENCES `channel` (`id`),
  CONSTRAINT `FK_content_2` FOREIGN KEY (`type_id`) REFERENCES `content_type` (`id`),
  CONSTRAINT `FK_content_3` FOREIGN KEY (`manager_id`) REFERENCES `manager` (`id`)
) ENGINE=InnoDB DEFAULT CHARSET=gbk COMMENT='内容表';

--
-- Dumping data for table `content`
--

/*!40000 ALTER TABLE `content` DISABLE KEYS */;
/*!40000 ALTER TABLE `content` ENABLE KEYS */;


--
-- Definition of table `content_attachment`
--

DROP TABLE IF EXISTS `content_attachment`;
CREATE TABLE `content_attachment` (
  `id` int(10) unsigned NOT NULL AUTO_INCREMENT COMMENT 'id',
  `content_id` int(10) unsigned DEFAULT NULL COMMENT '内容id',
  `model_id` int(11) DEFAULT NULL,
  `path` varchar(45) DEFAULT NULL COMMENT '路径新文件名',
  `name` varchar(45) DEFAULT NULL COMMENT '附件名',
  `mime` varchar(45) DEFAULT NULL COMMENT 'mime类型',
  `filename` varchar(45) DEFAULT NULL COMMENT '旧文件名',
  `orderlist` int(2) unsigned DEFAULT '10' COMMENT '排序',
  PRIMARY KEY (`id`),
  KEY `FK_content_attachment_1` (`content_id`)
) ENGINE=InnoDB AUTO_INCREMENT=8 DEFAULT CHARSET=gbk COMMENT='CMS内容附件表';

--
-- Dumping data for table `content_attachment`
--

/*!40000 ALTER TABLE `content_attachment` DISABLE KEYS */;
INSERT INTO `content_attachment` (`id`,`content_id`,`model_id`,`path`,`name`,`mime`,`filename`,`orderlist`) VALUES 
 (1,2,2,'/redcms/res/attached/20130615222124298.rar',NULL,'application/octet-stream','HTML+CSS+Ajax+DIV_w3cshool.rar',10),
 (2,3,2,'/redcms/res/attached/20130615222306544.zip',NULL,'application/octet-stream','mysql5.1官方中文手册.zip',10),
 (3,4,2,'/redcms/res/attached/2013061522282012.zip',NULL,'application/octet-stream','多功能转换工具.zip',10),
 (4,6,2,'/redcms/res/attached/20130615223420828.rar',NULL,'application/octet-stream','_vmware_xp_声卡驱动.rar',10),
 (5,8,2,'/redcms/res/attached/20130615224135790.zip',NULL,'application/octet-stream','MailCode1.0.zip',10),
 (6,9,2,'/redcms/res/attached/20130615224650330.rar',NULL,'application/octet-stream','虚拟screen.rar',10),
 (7,11,2,'/redcms/res/attached/2013061522530293.rar',NULL,'application/octet-stream','Tftpd32.rar',10);
/*!40000 ALTER TABLE `content_attachment` ENABLE KEYS */;


--
-- Definition of table `content_picture`
--

DROP TABLE IF EXISTS `content_picture`;
CREATE TABLE `content_picture` (
  `id` int(10) unsigned NOT NULL AUTO_INCREMENT COMMENT 'id',
  `content_id` int(10) unsigned DEFAULT NULL COMMENT '内容id',
  `model_id` int(11) DEFAULT NULL,
  `name` varchar(45) DEFAULT NULL COMMENT '旧文件名',
  `path` varchar(45) DEFAULT NULL COMMENT '新文件名',
  `description` varchar(255) DEFAULT NULL COMMENT '描述',
  `order_list` int(2) unsigned DEFAULT NULL COMMENT '排序',
  PRIMARY KEY (`id`),
  KEY `FK_content_picture_1` (`content_id`)
) ENGINE=InnoDB DEFAULT CHARSET=gbk COMMENT='CMS内容图片表';

--
-- Dumping data for table `content_picture`
--

/*!40000 ALTER TABLE `content_picture` DISABLE KEYS */;
/*!40000 ALTER TABLE `content_picture` ENABLE KEYS */;


--
-- Definition of table `content_tags`
--

DROP TABLE IF EXISTS `content_tags`;
CREATE TABLE `content_tags` (
  `id` int(10) unsigned NOT NULL AUTO_INCREMENT COMMENT 'id',
  `content_id` int(10) unsigned DEFAULT NULL COMMENT '内容id',
  `tag_id` int(10) unsigned DEFAULT NULL COMMENT 'tag id',
  `model_id` int(10) unsigned DEFAULT NULL,
  PRIMARY KEY (`id`),
  KEY `FK_content_tags_1` (`content_id`),
  KEY `FK_content_tags_2` (`tag_id`),
  KEY `FK_content_tags_3` (`model_id`),
  CONSTRAINT `FK_content_tags_1` FOREIGN KEY (`content_id`) REFERENCES `content` (`id`),
  CONSTRAINT `FK_content_tags_2` FOREIGN KEY (`tag_id`) REFERENCES `tags` (`id`),
  CONSTRAINT `FK_content_tags_3` FOREIGN KEY (`model_id`) REFERENCES `model` (`id`)
) ENGINE=InnoDB DEFAULT CHARSET=gbk COMMENT='内容标标签关系';

--
-- Dumping data for table `content_tags`
--

/*!40000 ALTER TABLE `content_tags` DISABLE KEYS */;
/*!40000 ALTER TABLE `content_tags` ENABLE KEYS */;


--
-- Definition of table `content_topic`
--

DROP TABLE IF EXISTS `content_topic`;
CREATE TABLE `content_topic` (
  `id` int(10) unsigned NOT NULL AUTO_INCREMENT COMMENT 'id',
  `content_id` int(10) unsigned DEFAULT NULL COMMENT '内容id',
  `topic_id` int(10) unsigned DEFAULT NULL COMMENT '专题id',
  `model_id` int(10) unsigned DEFAULT NULL,
  PRIMARY KEY (`id`),
  KEY `FK_content_topic_1` (`content_id`),
  KEY `FK_content_topic_2` (`topic_id`),
  KEY `FK_content_topic_3` (`model_id`),
  CONSTRAINT `FK_content_topic_1` FOREIGN KEY (`content_id`) REFERENCES `content` (`id`),
  CONSTRAINT `FK_content_topic_2` FOREIGN KEY (`topic_id`) REFERENCES `topic` (`id`),
  CONSTRAINT `FK_content_topic_3` FOREIGN KEY (`model_id`) REFERENCES `model` (`id`)
) ENGINE=InnoDB DEFAULT CHARSET=gbk COMMENT='内容和专题关系表';

--
-- Dumping data for table `content_topic`
--

/*!40000 ALTER TABLE `content_topic` DISABLE KEYS */;
/*!40000 ALTER TABLE `content_topic` ENABLE KEYS */;


--
-- Definition of table `content_txt`
--

DROP TABLE IF EXISTS `content_txt`;
CREATE TABLE `content_txt` (
  `id` int(10) unsigned NOT NULL AUTO_INCREMENT,
  `content_id` int(10) unsigned DEFAULT NULL,
  `txt` mediumtext,
  `txt_pics` text,
  PRIMARY KEY (`id`),
  UNIQUE KEY `Index_2` (`content_id`),
  CONSTRAINT `contnet_txt_fk` FOREIGN KEY (`content_id`) REFERENCES `content` (`id`)
) ENGINE=InnoDB DEFAULT CHARSET=gbk COMMENT='内容的内容';

--
-- Dumping data for table `content_txt`
--

/*!40000 ALTER TABLE `content_txt` DISABLE KEYS */;
/*!40000 ALTER TABLE `content_txt` ENABLE KEYS */;


--
-- Definition of table `content_type`
--

DROP TABLE IF EXISTS `content_type`;
CREATE TABLE `content_type` (
  `id` int(10) unsigned NOT NULL AUTO_INCREMENT,
  `name` varchar(45) NOT NULL COMMENT '类型名字',
  `pic_width` int(10) unsigned DEFAULT NULL COMMENT '类型图宽',
  `pic_height` int(10) unsigned DEFAULT NULL COMMENT '类型图高',
  `has_pic` int(1) unsigned DEFAULT '1' COMMENT '0没有1有',
  PRIMARY KEY (`id`)
) ENGINE=InnoDB DEFAULT CHARSET=gbk COMMENT='内容类型';

--
-- Dumping data for table `content_type`
--

/*!40000 ALTER TABLE `content_type` DISABLE KEYS */;
/*!40000 ALTER TABLE `content_type` ENABLE KEYS */;


--
-- Definition of table `course`
--

DROP TABLE IF EXISTS `course`;
CREATE TABLE `course` (
  `id` int(10) unsigned NOT NULL AUTO_INCREMENT COMMENT 'id',
  `channel_id` int(10) unsigned DEFAULT NULL COMMENT '栏目id',
  `type_id` int(10) unsigned DEFAULT NULL COMMENT '类型id',
  `manager_id` int(10) unsigned DEFAULT NULL COMMENT '用户id',
  `title` varchar(85) DEFAULT NULL COMMENT '标题',
  `tags` varchar(45) DEFAULT NULL COMMENT '标签',
  `author` varchar(25) DEFAULT NULL COMMENT '作者',
  `origin` varchar(25) DEFAULT '转载' COMMENT '来原',
  `origin_url` varchar(45) DEFAULT NULL COMMENT '来源url',
  `description` varchar(200) DEFAULT NULL COMMENT '简述',
  `create_date` datetime DEFAULT NULL COMMENT '创建日期',
  `title_color` varchar(15) DEFAULT NULL COMMENT '标题颜色',
  `is_bold` int(1) unsigned DEFAULT '0' COMMENT '是否加粗',
  `title_pic` varchar(100) DEFAULT NULL COMMENT '标题图',
  `content_pic` varchar(100) DEFAULT NULL COMMENT '内容图',
  `type_pic` varchar(100) DEFAULT NULL COMMENT '类型图',
  `link` varchar(120) DEFAULT NULL COMMENT '外链',
  `temp` varchar(45) DEFAULT NULL COMMENT '模版',
  `status` tinyint(1) unsigned NOT NULL DEFAULT '0' COMMENT '状态(0:草稿;1:审核中;2:审核通过;3:回收站)',
  `orderlist` int(10) unsigned DEFAULT NULL COMMENT '排序',
  `is_recommend` tinyint(1) unsigned NOT NULL DEFAULT '0' COMMENT '是否推荐',
  PRIMARY KEY (`id`),
  KEY `FK_content_1` (`channel_id`),
  KEY `FK_content_2` (`type_id`),
  KEY `FK_content_3` (`manager_id`)
) ENGINE=InnoDB AUTO_INCREMENT=11 DEFAULT CHARSET=gbk COMMENT='内容表';

--
-- Dumping data for table `course`
--

/*!40000 ALTER TABLE `course` DISABLE KEYS */;
INSERT INTO `course` (`id`,`channel_id`,`type_id`,`manager_id`,`title`,`tags`,`author`,`origin`,`origin_url`,`description`,`create_date`,`title_color`,`is_bold`,`title_pic`,`content_pic`,`type_pic`,`link`,`temp`,`status`,`orderlist`,`is_recommend`) VALUES 
 (1,17,NULL,1,'ch01_Java语言概述','java','管理员','原创',NULL,NULL,'2013-06-15 23:11:08',NULL,0,NULL,NULL,NULL,NULL,'course_content.jsp',0,10,0),
 (2,17,NULL,1,'ch02_Java 基本语法','java','管理员','原创',NULL,NULL,'2013-06-15 23:11:38',NULL,0,NULL,NULL,NULL,NULL,'course_content.jsp',0,10,0),
 (3,17,NULL,1,'Java面向对象编程','java','管理员','原创',NULL,NULL,'2013-06-15 23:22:10',NULL,0,NULL,NULL,NULL,NULL,'course_content.jsp',0,10,0),
 (4,17,NULL,1,'Java面向对象编程二','java','管理员','原创',NULL,NULL,'2013-06-15 23:22:39',NULL,0,NULL,NULL,NULL,NULL,'course_content.jsp',0,10,0),
 (5,17,NULL,1,'字符串和数组字符串和数组字符串和数组','字符串和数组','管理员','原创',NULL,NULL,'2013-06-15 23:23:34',NULL,0,NULL,NULL,NULL,NULL,'course_content.jsp',0,10,0),
 (6,17,NULL,1,'Java常用的API','java','管理员','原创',NULL,NULL,'2013-06-15 23:24:57',NULL,0,NULL,NULL,NULL,NULL,'course_content.jsp',0,10,0),
 (7,17,NULL,1,'Java中的内部类','java','管理员','原创',NULL,NULL,'2013-06-15 23:26:19',NULL,0,NULL,NULL,NULL,NULL,'course_content.jsp',0,10,0),
 (8,17,NULL,1,'Java抽像类和接口','java','管理员','原创',NULL,NULL,'2013-06-15 23:26:43',NULL,0,NULL,NULL,NULL,NULL,'course_content.jsp',0,10,0),
 (9,17,NULL,1,'Java中的异常处理','java','管理员','原创',NULL,NULL,'2013-06-15 23:27:10',NULL,0,NULL,NULL,NULL,NULL,'course_content.jsp',0,10,0),
 (10,17,0,1,'Java集合框架','java','管理员','原创',NULL,'Collection是最基本的集合接口，一个Collection代表一组Object，即Collection的元素（Elements）。一些 Collection允许相同的元素而另一些不行。一些能排序而另一些不行。Java SDK不提供直接继承自Collection的类，Java SDK提供的类都是继承自Collection的“子接口”如List和Set。','2013-06-15 23:27:40',NULL,0,NULL,NULL,NULL,'http://www.baidut.com/','course_content.jsp',0,10,0);
/*!40000 ALTER TABLE `course` ENABLE KEYS */;


--
-- Definition of table `course_txt`
--

DROP TABLE IF EXISTS `course_txt`;
CREATE TABLE `course_txt` (
  `id` int(10) unsigned NOT NULL AUTO_INCREMENT,
  `content_id` int(10) unsigned DEFAULT NULL,
  `txt` mediumtext,
  `txt_pics` text,
  PRIMARY KEY (`id`),
  UNIQUE KEY `Index_2` (`content_id`),
  CONSTRAINT `FK_course_txt_1` FOREIGN KEY (`content_id`) REFERENCES `course` (`id`)
) ENGINE=InnoDB AUTO_INCREMENT=11 DEFAULT CHARSET=gbk COMMENT='内容的内容';

--
-- Dumping data for table `course_txt`
--

/*!40000 ALTER TABLE `course_txt` DISABLE KEYS */;
INSERT INTO `course_txt` (`id`,`content_id`,`txt`,`txt_pics`) VALUES 
 (1,1,'ch01_Java语言概述',NULL),
 (2,2,'ch02_Java 基本语法',NULL),
 (3,3,'Java面向对象编程',NULL),
 (4,4,'Java面向对象编程二',NULL),
 (5,5,'字符串和数组',NULL),
 (6,6,'Java常用的API',NULL),
 (7,7,'Java中的内部类',NULL),
 (8,8,'Java抽像类和接口',NULL),
 (9,9,'Java中的异常处理',NULL),
 (10,10,'Java集合框架',NULL);
/*!40000 ALTER TABLE `course_txt` ENABLE KEYS */;


--
-- Definition of table `down`
--

DROP TABLE IF EXISTS `down`;
CREATE TABLE `down` (
  `id` int(10) unsigned NOT NULL AUTO_INCREMENT COMMENT 'id',
  `channel_id` int(10) unsigned DEFAULT NULL COMMENT '栏目id',
  `type_id` int(10) unsigned DEFAULT NULL COMMENT '类型id',
  `manager_id` int(10) unsigned DEFAULT NULL COMMENT '用户id',
  `title` varchar(85) DEFAULT NULL COMMENT '标题',
  `tags` varchar(45) DEFAULT NULL COMMENT '标签',
  `author` varchar(25) DEFAULT NULL COMMENT '作者',
  `origin` varchar(25) DEFAULT '转载' COMMENT '来原',
  `origin_url` varchar(45) DEFAULT NULL COMMENT '来源url',
  `description` varchar(200) DEFAULT NULL COMMENT '简述',
  `create_date` datetime DEFAULT NULL COMMENT '创建日期',
  `title_color` varchar(15) DEFAULT NULL COMMENT '标题颜色',
  `is_bold` int(1) unsigned DEFAULT '0' COMMENT '是否加粗',
  `title_pic` varchar(100) DEFAULT NULL COMMENT '标题图',
  `content_pic` varchar(100) DEFAULT NULL COMMENT '内容图',
  `type_pic` varchar(100) DEFAULT NULL COMMENT '类型图',
  `link` varchar(120) DEFAULT NULL COMMENT '外链',
  `temp` varchar(45) DEFAULT NULL COMMENT '模版',
  `status` tinyint(1) unsigned NOT NULL DEFAULT '0' COMMENT '状态(0:草稿;1:审核中;2:审核通过;3:回收站)',
  `orderlist` int(10) unsigned DEFAULT NULL COMMENT '排序',
  `is_recommend` tinyint(1) unsigned NOT NULL DEFAULT '0' COMMENT '是否推荐',
  PRIMARY KEY (`id`),
  KEY `FK_content_1` (`channel_id`),
  KEY `FK_content_2` (`type_id`),
  KEY `FK_content_3` (`manager_id`)
) ENGINE=InnoDB AUTO_INCREMENT=13 DEFAULT CHARSET=gbk COMMENT='内容表';

--
-- Dumping data for table `down`
--

/*!40000 ALTER TABLE `down` DISABLE KEYS */;
INSERT INTO `down` (`id`,`channel_id`,`type_id`,`manager_id`,`title`,`tags`,`author`,`origin`,`origin_url`,`description`,`create_date`,`title_color`,`is_bold`,`title_pic`,`content_pic`,`type_pic`,`link`,`temp`,`status`,`orderlist`,`is_recommend`) VALUES 
 (1,14,NULL,1,'apache tomcat 7.0.41最新版了','tomcat','管理员','原创',NULL,NULL,'2013-06-15 17:29:51',NULL,0,NULL,NULL,NULL,'http://mirror.bit.edu.cn/apache/tomcat/tomcat-7/v7.0.41/bin/apache-tomcat-7.0.41.zip','down_content.jsp',0,10,0),
 (2,13,NULL,1,'HTML+CSS+JavaScript+Ajax等参考手册','html,css,javascript','管理员','原创',NULL,NULL,'2013-06-15 22:21:31',NULL,0,NULL,NULL,NULL,NULL,'down_content.jsp',0,10,0),
 (3,13,NULL,1,'MySQL5中文参考手册','mysql','管理员','原创',NULL,NULL,'2013-06-15 22:23:15',NULL,0,NULL,NULL,NULL,NULL,'down_content.jsp',0,10,0),
 (4,15,NULL,1,'小葵多功能转换工具','转换工具','管理员','原创',NULL,NULL,'2013-06-15 22:28:30',NULL,0,NULL,NULL,NULL,NULL,'down_content.jsp',0,10,0),
 (5,15,NULL,1,'软件开发利器Eclipse','eclipse','管理员','原创',NULL,NULL,'2013-06-15 22:30:39',NULL,0,NULL,NULL,NULL,'http://www.eclipse.org/downloads/','down_content.jsp',0,10,0),
 (6,15,NULL,1,'_vmware_xp_声卡驱动','vmware','管理员','原创',NULL,NULL,'2013-06-15 22:34:27',NULL,0,NULL,NULL,NULL,NULL,'down_content.jsp',0,10,0),
 (7,14,NULL,1,'Wireshark 网络数据包分析神器','wireshark','管理员','原创',NULL,NULL,'2013-06-15 22:37:56',NULL,0,NULL,NULL,NULL,'http://www.wireshark.org/download.html','down_content.jsp',0,10,0),
 (8,14,NULL,1,'MailCode 邮件编码转换工具 软件介绍','MailCode','管理员','原创',NULL,NULL,'2013-06-15 22:41:46',NULL,0,NULL,NULL,NULL,NULL,'down_content.jsp',0,10,0),
 (9,14,NULL,1,'虚拟摄像头VHSC安装包与教程','虚拟摄像头','管理员','原创',NULL,NULL,'2013-06-15 22:46:56',NULL,0,NULL,NULL,NULL,NULL,'down_content.jsp',0,10,0),
 (10,15,NULL,1,'K-Lite Mega Codec Pack 9.9.0','解码器','管理员','原创',NULL,NULL,'2013-06-15 22:49:51',NULL,0,NULL,NULL,NULL,'http://www.onlinedown.net/soft/15531.htm','down_content.jsp',0,10,0),
 (11,14,NULL,1,' Tftpd32超好用的ftp服务器','tftp','管理员','原创',NULL,NULL,'2013-06-15 22:53:09',NULL,0,NULL,NULL,NULL,NULL,'down_content.jsp',0,10,0),
 (12,14,NULL,1,'诚龙网维全自动PXE网刻工具_V11','PXE网刻','管理员','原创',NULL,NULL,'2013-06-15 22:54:22',NULL,0,NULL,NULL,NULL,NULL,'down_content.jsp',0,10,0);
/*!40000 ALTER TABLE `down` ENABLE KEYS */;


--
-- Definition of table `down_txt`
--

DROP TABLE IF EXISTS `down_txt`;
CREATE TABLE `down_txt` (
  `id` int(10) unsigned NOT NULL AUTO_INCREMENT,
  `content_id` int(10) unsigned DEFAULT NULL,
  `txt` mediumtext,
  `txt_pics` text,
  PRIMARY KEY (`id`),
  UNIQUE KEY `Index_2` (`content_id`),
  CONSTRAINT `FK_down_txt_1` FOREIGN KEY (`content_id`) REFERENCES `down` (`id`)
) ENGINE=InnoDB AUTO_INCREMENT=13 DEFAULT CHARSET=gbk COMMENT='内容的内容';

--
-- Dumping data for table `down_txt`
--

/*!40000 ALTER TABLE `down_txt` DISABLE KEYS */;
INSERT INTO `down_txt` (`id`,`content_id`,`txt`,`txt_pics`) VALUES 
 (1,1,'<span style=\"font-family:arial, 宋体, sans-serif;font-size:14px;line-height:25px;background-color:#FFFFFF;\">Tomcat是Apache&nbsp;</span><a target=\"_blank\" href=\"http://baike.baidu.com/view/37.htm\">软件</a><span style=\"font-family:arial, 宋体, sans-serif;font-size:14px;line-height:25px;background-color:#FFFFFF;\">基金会（Apache Software Foundation）的Jakarta 项目中的一个核心项目，由Apache、Sun 和其他一些公司及个人共同开发而成。由于有了Sun 的参与和支持，最新的Servlet 和JSP 规范总是能在Tomcat 中得到体现，Tomcat 5 支持最新的Servlet 2.4 和JSP 2.0 规范。因为Tomcat 技术先进、性能稳定，而且免费，因而深受Java 爱好者的喜爱并得到了部分软件开发商的认可，成为目前比较流行的Web 应用服务器。目前最新版本是7.0</span>',NULL),
 (2,2,'<p>\r\n	<span style=\"font-family:arial;font-size:13px;background-color:#FFFFFF;\">全球最大的中文 Web 技术教程。... 在w3</span><span style=\"color:#CC0000;font-family:arial;font-size:13px;background-color:#FFFFFF;\">school</span><span style=\"font-family:arial;font-size:13px;background-color:#FFFFFF;\">,你可以找到你所需要的所有的网站建设教程。 从基础的HTML到XHTML,... 其中包括</span><span style=\"color:#CC0000;font-family:arial;font-size:13px;background-color:#FFFFFF;\">W3C</span><span style=\"font-family:arial;font-size:13px;background-color:#FFFFFF;\">的标准技术:HTML、XHTML、CSS、XML等</span>\r\n</p>\r\n<p>\r\n	<span style=\"font-family:arial;font-size:13px;background-color:#FFFFFF;\">\r\n	<ul class=\"custom_dot para-list list-paddingleft-1\" style=\"font-family:arial, 宋体, sans-serif;font-size:14px;background-color:#FFFFFF;\">\r\n		<li class=\"list-dot list-dot-paddingleft\">\r\n			<div class=\"para\" style=\"margin:0px;\">\r\n				W3CSchool 是因特网上最大的 WEB 开发者资源\r\n			</div>\r\n		</li>\r\n		<li class=\"list-dot list-dot-paddingleft\">\r\n			<div class=\"para\" style=\"margin:0px;\">\r\n				W3CSchool 是完全免费的\r\n			</div>\r\n		</li>\r\n		<li class=\"list-dot list-dot-paddingleft\">\r\n			<div class=\"para\" style=\"margin:0px;\">\r\n				W3CSchool 是非盈利性的\r\n			</div>\r\n		</li>\r\n		<li class=\"list-dot list-dot-paddingleft\">\r\n			<div class=\"para\" style=\"margin:0px;\">\r\n				W3CSchool 一直在升级和更新\r\n			</div>\r\n		</li>\r\n		<li class=\"list-dot list-dot-paddingleft\">\r\n			<div class=\"para\" style=\"margin:0px;\">\r\n				W3CSchool 是 W3C 中国社区成员，致力于推广 W3C 标准技术\r\n			</div>\r\n		</li>\r\n	</ul>\r\n<br />\r\n</span>\r\n</p>',NULL),
 (3,3,'<span style=\"font-family:arial, 宋体, sans-serif;font-size:14px;line-height:25px;background-color:#FFFFFF;\">MySQL是一个</span><a target=\"_blank\" href=\"http://baike.baidu.com/view/1450387.htm\">关系型数据库管理系统</a><span style=\"font-family:arial, 宋体, sans-serif;font-size:14px;line-height:25px;background-color:#FFFFFF;\">，由瑞典MySQL AB公司开发，目前属于</span><a target=\"_blank\" href=\"http://baike.baidu.com/view/15020.htm\">Oracle</a><span style=\"font-family:arial, 宋体, sans-serif;font-size:14px;line-height:25px;background-color:#FFFFFF;\">公司。MySQL是一种关联</span><a target=\"_blank\" href=\"http://baike.baidu.com/view/68446.htm\">数据库管理系统</a><span style=\"font-family:arial, 宋体, sans-serif;font-size:14px;line-height:25px;background-color:#FFFFFF;\">，关联数据库将数据保存在不同的表中，而不是将所有数据放在一个大仓库内，这样就增加了速度并提高了</span><a target=\"_blank\" href=\"http://baike.baidu.com/view/474022.htm\">灵活</a><span style=\"font-family:arial, 宋体, sans-serif;font-size:14px;line-height:25px;background-color:#FFFFFF;\">性。MySQL的SQL语言是用于访问</span><a target=\"_blank\" href=\"http://baike.baidu.com/view/1088.htm\">数据库</a><span style=\"font-family:arial, 宋体, sans-serif;font-size:14px;line-height:25px;background-color:#FFFFFF;\">的最常用标准化语言。MySQL软件采用了双授权政策（本词条“授权政策”），它分为社区版和商业版，由于其体积小、速度快、总体拥有成本低，尤其是</span><a target=\"_blank\" href=\"http://baike.baidu.com/view/394804.htm\">开放源码</a><span style=\"font-family:arial, 宋体, sans-serif;font-size:14px;line-height:25px;background-color:#FFFFFF;\">这一特点，一般中小型网站的开发都选择MySQL作为网站</span><a target=\"_blank\" href=\"http://baike.baidu.com/view/1088.htm\">数据库</a><span style=\"font-family:arial, 宋体, sans-serif;font-size:14px;line-height:25px;background-color:#FFFFFF;\">。由于其社区版的性能卓越，搭配</span><a target=\"_blank\" href=\"http://baike.baidu.com/view/99.htm\">PHP</a><span style=\"font-family:arial, 宋体, sans-serif;font-size:14px;line-height:25px;background-color:#FFFFFF;\">和</span><a target=\"_blank\" href=\"http://baike.baidu.com/view/28283.htm\">Apache</a><span style=\"font-family:arial, 宋体, sans-serif;font-size:14px;line-height:25px;background-color:#FFFFFF;\">可组成良好的开发环境。</span>',NULL),
 (4,4,'<span style=\"font-family:宋体;line-height:24px;background-color:#F9F9F9;\">&nbsp;小葵多功能转换工具，<span style=\"font-family:arial;font-size:13px;background-color:#FFFFFF;\">进制转换工具,易语言,ascall之类的编码转换，玩 sql注入的朋友你懂的</span></span><br />',NULL),
 (5,5,'<span style=\"font-family:arial, 宋体, sans-serif;font-size:14px;line-height:25px;background-color:#FFFFFF;\">Eclipse 是一个开放源代码的、基于Java的可扩展开发平台。就其本身而言，它只是一个框架和一组服务，用于通过插件组件构建开发环境。幸运的是，Eclipse 附带了一个标准的插件集，包括Java开发工具（Java Development Kit，JDK）。</span>',NULL),
 (6,6,'<span style=\"font-family:宋体;font-size:14px;line-height:normal;\">vmware的默认工具包中，没有声卡驱动，现在共享给大家</span>',NULL),
 (7,7,'<p>\r\n	<span style=\"font-family:arial, 宋体, sans-serif;font-size:14px;line-height:25px;background-color:#FFFFFF;\">Wireshark（前称Ethereal）是一个</span><a target=\"_blank\" href=\"http://baike.baidu.com/view/6102086.htm\">网络封包</a><span style=\"font-family:arial, 宋体, sans-serif;font-size:14px;line-height:25px;background-color:#FFFFFF;\">分析</span><a target=\"_blank\" href=\"http://baike.baidu.com/view/37.htm\">软件</a><span style=\"font-family:arial, 宋体, sans-serif;font-size:14px;line-height:25px;background-color:#FFFFFF;\">。</span><a target=\"_blank\" href=\"http://baike.baidu.com/view/6102086.htm\">网络封包</a><span style=\"font-family:arial, 宋体, sans-serif;font-size:14px;line-height:25px;background-color:#FFFFFF;\">分析</span><a target=\"_blank\" href=\"http://baike.baidu.com/view/37.htm\">软件</a><span style=\"font-family:arial, 宋体, sans-serif;font-size:14px;line-height:25px;background-color:#FFFFFF;\">的功能是撷取网络封包，并尽可能显示出最为详细的网络封包资料。</span>\r\n</p>\r\n<p>\r\n	<span style=\"font-family:arial, 宋体, sans-serif;font-size:14px;line-height:25px;background-color:#FFFFFF;\">\r\n	<div class=\"para\" style=\"font-family:arial, 宋体, sans-serif;font-size:14px;background-color:#FFFFFF;\">\r\n		<a target=\"_blank\" href=\"http://baike.baidu.com/view/31921.htm\">网络管理员</a>使用Wireshark来检测网络问题，<a target=\"_blank\" href=\"http://baike.baidu.com/view/320974.htm\">网络安全工程师</a>使用Wireshark来检查资讯安全相关问题，开发者使用Wireshark来为新的通讯协定除错，普通使用者使用Wireshark来学习网络协定的相关知识。当然，有的人也会“<a target=\"_blank\" href=\"http://baike.baidu.com/view/82207.htm\">居心叵测</a>”的用它来寻找一些敏感信息……\r\n	</div>\r\n	<div class=\"para\" style=\"font-family:arial, 宋体, sans-serif;font-size:14px;background-color:#FFFFFF;\">\r\n		Wireshark不是入侵侦测<a target=\"_blank\" href=\"http://baike.baidu.com/view/37.htm\">软件</a>（Intrusion DetectionSoftware,IDS）。对于网络上的异常流量行为，Wireshark不会产生警示或是任何提示。然而，仔细分析Wireshark撷取的<a target=\"_blank\" href=\"http://baike.baidu.com/view/111761.htm\">封包</a>能够帮助使用者对于网络行为有更清楚的了解。Wireshark不会对<a target=\"_blank\" href=\"http://baike.baidu.com/view/6102086.htm\">网络封包</a>产生内容的修改，它只会反映出目前流通的封包资讯。 Wireshark本身也不会送出<a target=\"_blank\" href=\"http://baike.baidu.com/view/111761.htm\">封包</a>至网络上。\r\n	</div>\r\n<br />\r\n</span>\r\n</p>',NULL),
 (8,8,'Base64编码/解码，Quoted-Printable编码/解码，计算MD5值。<br />\r\n<br />\r\n支持输入输出到文件，纯绿色软件，仅有29K。<br />',NULL),
 (9,9,'可以将你的桌面作为摄像头源，经常用于通过摄像头共享屏幕。如果你在通过flex开发共享桌面程序，那它就是你的神器了。。。',NULL),
 (10,10,'<span style=\"color:#555555;font-family:微软雅黑;font-size:14px;line-height:24px;background-color:#FFFFFF;\">K-Lite Codec Pack为您提供绝大多数影音格式的解码器，装了它，您的播放器就可以通吃绝大多数的影音格式。标准版包括了播放当今绝大多数能在网上免费下载到、播放影音文件所需的解码器；完全版则包括对更多不常用文件格式的支持并附带了一个媒体播放器</span>',NULL),
 (11,11,'<span style=\"font-family:宋体;font-size:14px;line-height:normal;\">Tftpd32是一个集成DHCP, TFTP, SNTP和Syslog多种服务的袖珍网络服务器包，同时提供TFTP客户端应用，支持tsize, blocksize 和 timeout等等。</span>',NULL),
 (12,12,'<p style=\"font-family:宋体;font-size:14px;\">\r\n	使用诚龙网维全自动PXE网刻工具进行网刻，你无须架设DHCP和TFTP服务器，也无须进行GHSOT服务端设置，真正全自动的网刻。你只需要将客户机设置从网卡启动即可，支持NF系列网卡。<br />\r\n支持全盘网刻和单分区网刻，网管们网刻更轻松了，再也不需要到每台客户机上设置网刻类型了，只需要在服务器上点下鼠标就可以轻松网刻了。<br />\r\n<br />\r\n为了使网刻速度更快，我们自动将IP段与正常网段分开，在网刻结束以后，只须点击恢复IP就可以恢复原来的IP设置。\r\n</p>\r\n<p style=\"font-family:宋体;font-size:14px;\">\r\n	在不同的类型切换使用中，要先把TFTPD关了，IP也先恢复<br />\r\n不然，IP恢复肯定出错，TFTPD里的PXE也不会改变.造成刻错分区.\r\n</p>\r\n<p style=\"font-family:宋体;font-size:14px;\">\r\n	新增加GHOST 11.0.1.1533版本，修正了更改网刻类型后无法恢复IP的问题，希望大家在回帖的时候别回无聊帖，多多提出宝贵的意见。<br />\r\n因空间限制，我们会在11.0版本发布后根据网友的反馈来决定是否删除8.3版本的工具。\r\n</p>\r\n<p style=\"font-family:宋体;font-size:14px;\">\r\n	使用诚龙网维PXE网克工具需注意点:<br />\r\n1.诚龙网维PXE网克工具自带DHCP服务功能，同一局域网内不能再有第2个DHCP服务器。否则会造成不能正确分配到IP或分配到IP后无法通过TFTP获取启动镜像。<br />\r\n如有以上情况者，可检查路由、服务器是否开启了DHCP服务，一些低端的硬路由默认开启DHCP服务的，请关闭DHCP或将与路由连接的网线断开。<br />\r\n2.单分区网克：有些朋友反映单克C盘可以，但单克D、E、F盘会报错。我这里解释一下，这里讲的单克D盘指的是你镜像有2个分区以上，你只克第2个分区，如果你只有一个分区的镜像，选取单克D盘就会报错。<br />\r\n实际操作中，有时候确实只要单克一个分区，但并不想做全盘镜像的话，给你个解决办法。如网吧只想单克游戏分区E盘，这个时候你可以将E盘做个镜像，选择的时候你选择单克E盘，GHOST服务端会报个错，说请求的分区无效，不管它去掉提示。然后点停止，然后在分区那选你要克的分区，即可。<br />\r\n3.GHOST服务器推荐使用2003操作系统，并关闭防火墙和杀毒软件，2000和XP次之。如果NF系列主板的话单独加插个8139网卡是个不错的选择。<br />\r\n4.不同类型网卡的机器不要同时网克，会严重拖慢速度。如果网内同时存在百兆交换机和千兆交换机等网络类型最好也分开网克<br />\r\n5.如果是SATA硬盘的话，部分垃圾主板的接口也会严重影响网克速度。如接在接口1速度只有60M/分，接在接口3速度马上就到700/分，很奇怪但确实是个问题。<br />\r\n6.客户机可以连接到服务器上,也启动GHOST11了,点发送数据后,客户机没有反映,不传送数据,怎么回事?<br />\r\n有时候有这种情况发生，你可以先停止发送，手动将默认的多点传送修改为广播。我有次也是发送后客户机没进度，手动修改为广播后马上就好了，并且速度也很快。100M环境下初始速度1200M/分，后期也有800多M/分<br />\r\n客户机设置从网卡启动说明：\r\n</p>\r\n<p style=\"font-family:宋体;font-size:14px;\">\r\n	在BIOS里面设置,具体根据BIOS类型而略有区别.\r\n</p>\r\n<p style=\"font-family:宋体;font-size:14px;\">\r\n	在你的BIOS中找 First Boot Drivce 可以设置的值：<br />\r\nFloppy表示以软驱A:开机；<br />\r\nLS-120表示以LS-120高容量软驱开机；<br />\r\nHDD-0表示以Primary Master的IED硬盘开机；<br />\r\nSCSI表示以SCSI设备开机；<br />\r\nCDROM表示以IDE接口上的光驱开机；<br />\r\nHDD-1表示以Primary Slave的IDE硬盘开机；<br />\r\nHDD-2表示以Secondary Master的IDE硬盘开机；<br />\r\nHDD-3表示以Secondary Slave的IDE硬盘开机；<br />\r\nZIP100表示以ZIP高容量软驱开机；<br />\r\nLAN表示从局域网的远程主机遥控开机；<br />\r\nDisabled表示不指定开机设备。\r\n</p>\r\n<p style=\"font-family:宋体;font-size:14px;\">\r\n	integrated peripherals里面<br />\r\n找到 onboard lan boot rom 改成Enabled\r\n</p>',NULL);
/*!40000 ALTER TABLE `down_txt` ENABLE KEYS */;


--
-- Definition of table `files`
--

DROP TABLE IF EXISTS `files`;
CREATE TABLE `files` (
  `id` int(10) unsigned NOT NULL AUTO_INCREMENT COMMENT 'id',
  `content_id` int(10) unsigned DEFAULT NULL COMMENT '内容id',
  `name` varchar(45) DEFAULT NULL COMMENT '文件名',
  `path` varchar(45) DEFAULT NULL COMMENT '文个路径',
  `isvalid` int(10) unsigned DEFAULT '1' COMMENT '是否可用',
  `model_id` int(10) unsigned DEFAULT NULL COMMENT 'model_id',
  `channel_id` int(10) unsigned DEFAULT NULL COMMENT '栏目id',
  PRIMARY KEY (`id`)
) ENGINE=InnoDB AUTO_INCREMENT=21 DEFAULT CHARSET=gbk COMMENT='内容中文件';

--
-- Dumping data for table `files`
--

/*!40000 ALTER TABLE `files` DISABLE KEYS */;
INSERT INTO `files` (`id`,`content_id`,`name`,`path`,`isvalid`,`model_id`,`channel_id`) VALUES 
 (1,27,'focus.jpg','res/uppics/20130531102343925.jpg',1,1,2),
 (2,0,'javaee.jpg','res/uppics/20130531110218382.jpg',1,3,17),
 (3,0,'linuxeng.jpg','res/uppics/20130531110508706.jpg',1,3,18),
 (4,0,'port.jpg','res/uppics/20130531110556435.jpg',1,3,19),
 (5,0,'webdev.jpg','res/uppics/20130531110915651.jpg',1,3,20),
 (6,2,'HTML+CSS+Ajax+DIV_w3cshool.rar','res/attached/20130615222124298.rar',1,2,13),
 (7,NULL,'mysql5.1官方中文手册.CHM','res/attached/null',0,NULL,NULL),
 (8,3,'mysql5.1官方中文手册.zip','res/attached/20130615222306544.zip',1,2,13),
 (9,4,'多功能转换工具.zip','res/attached/2013061522282012.zip',1,2,15),
 (10,6,'_vmware_xp_声卡驱动.rar','res/attached/20130615223420828.rar',1,2,15),
 (11,8,'MailCode1.0.zip','res/attached/20130615224135790.zip',1,2,14),
 (12,9,'虚拟screen.rar','res/attached/20130615224650330.rar',1,2,14),
 (13,11,'Tftpd32.rar','res/attached/2013061522530293.rar',1,2,14),
 (14,NULL,'诚龙网维全自动PXE网刻工具 V11.rar','res/attached/null',0,NULL,NULL),
 (15,46,'aa.jpg','res/uppics/20130615230151668.jpg',1,1,22),
 (16,NULL,'pic01.jpg','res/uppics/2013061610515338.jpg',0,NULL,NULL),
 (17,NULL,'pic04.jpg','res/uppics/20130616105214458.jpg',0,NULL,NULL),
 (18,NULL,'pic05.jpg','res/uppics/20130616105228823.jpg',0,NULL,NULL),
 (19,NULL,'pic06.jpg','res/uppics/20130616105245776.jpg',0,NULL,NULL),
 (20,NULL,'pic04.jpg','res/uppics/20130616105256543.jpg',0,NULL,NULL);
/*!40000 ALTER TABLE `files` ENABLE KEYS */;


--
-- Definition of table `links`
--

DROP TABLE IF EXISTS `links`;
CREATE TABLE `links` (
  `id` int(10) unsigned NOT NULL AUTO_INCREMENT COMMENT 'id',
  `sitename` varchar(45) DEFAULT NULL COMMENT '网站名',
  `linkurl` varchar(45) DEFAULT NULL COMMENT '链接url',
  `logo` varchar(45) DEFAULT NULL COMMENT '图片路径',
  `orderlist` int(2) unsigned DEFAULT NULL COMMENT '排序',
  PRIMARY KEY (`id`)
) ENGINE=InnoDB DEFAULT CHARSET=gbk COMMENT='友情链接';

--
-- Dumping data for table `links`
--

/*!40000 ALTER TABLE `links` DISABLE KEYS */;
/*!40000 ALTER TABLE `links` ENABLE KEYS */;


--
-- Definition of table `manager`
--

DROP TABLE IF EXISTS `manager`;
CREATE TABLE `manager` (
  `id` int(10) unsigned NOT NULL AUTO_INCREMENT COMMENT 'id',
  `email` varchar(45) NOT NULL COMMENT 'email',
  `passwd` varchar(45) NOT NULL COMMENT '密码',
  `lastip` varchar(45) DEFAULT NULL COMMENT '最后ip',
  `lasttime` datetime DEFAULT NULL COMMENT '最后登陆时间',
  `activation` int(1) unsigned DEFAULT '0' COMMENT '激活状态',
  `purview` varchar(45) DEFAULT '10000000000000000000000000000' COMMENT '权限',
  PRIMARY KEY (`id`)
) ENGINE=InnoDB AUTO_INCREMENT=4 DEFAULT CHARSET=gbk COMMENT='管理员表';

--
-- Dumping data for table `manager`
--

/*!40000 ALTER TABLE `manager` DISABLE KEYS */;
INSERT INTO `manager` (`id`,`email`,`passwd`,`lastip`,`lasttime`,`activation`,`purview`) VALUES 
 (1,'info@redwww.com','21232f297a57a5a743894a0e4a801fc3',NULL,NULL,0,'10000000000000000000000000000'),
 (3,'classku@163.com','202cb962ac59075b964b07152d234b70',NULL,NULL,0,'01000000000000000000000000000');
/*!40000 ALTER TABLE `manager` ENABLE KEYS */;


--
-- Definition of table `model`
--

DROP TABLE IF EXISTS `model`;
CREATE TABLE `model` (
  `id` int(10) unsigned NOT NULL AUTO_INCREMENT COMMENT 'id',
  `name` varchar(25) NOT NULL COMMENT '名字',
  `description` varchar(45) DEFAULT NULL COMMENT '描述',
  `index_temp` varchar(45) DEFAULT NULL COMMENT '首页模版',
  `list_temp` varchar(45) DEFAULT NULL COMMENT '列表模版',
  `content_temp` varchar(45) DEFAULT NULL COMMENT '内容模版',
  `is_def` int(1) unsigned DEFAULT '0' COMMENT '是否默认',
  `title_width` int(10) unsigned DEFAULT NULL COMMENT '标题图宽度',
  `title_height` int(10) unsigned DEFAULT NULL COMMENT '标题图高度',
  `content_width` int(10) unsigned DEFAULT NULL COMMENT '内容图宽',
  `content_height` int(10) unsigned DEFAULT NULL COMMENT '内容图高',
  `table_name` varchar(45) NOT NULL COMMENT '表名',
  PRIMARY KEY (`id`)
) ENGINE=InnoDB AUTO_INCREMENT=4 DEFAULT CHARSET=gbk COMMENT='模型表';

--
-- Dumping data for table `model`
--

/*!40000 ALTER TABLE `model` DISABLE KEYS */;
INSERT INTO `model` (`id`,`name`,`description`,`index_temp`,`list_temp`,`content_temp`,`is_def`,`title_width`,`title_height`,`content_width`,`content_height`,`table_name`) VALUES 
 (1,'文章','文章',NULL,NULL,'new_content.jsp',0,140,80,345,227,'articles'),
 (2,'下载','下载',NULL,NULL,'down_content.jsp',0,140,80,310,120,'down'),
 (3,'课程','课程',NULL,NULL,'course_content.jsp',0,140,80,310,120,'course');
/*!40000 ALTER TABLE `model` ENABLE KEYS */;


--
-- Definition of table `model_item`
--

DROP TABLE IF EXISTS `model_item`;
CREATE TABLE `model_item` (
  `id` int(10) unsigned NOT NULL AUTO_INCREMENT,
  `model_id` int(10) unsigned DEFAULT NULL COMMENT '模型id',
  `name` varchar(25) NOT NULL COMMENT '字段名',
  `label` varchar(25) NOT NULL COMMENT '字段显示名称',
  `orderlist` int(2) unsigned DEFAULT '10' COMMENT '排序',
  `def_value` varchar(45) DEFAULT NULL COMMENT '默认值',
  `valid` int(1) unsigned NOT NULL DEFAULT '1' COMMENT '是否有效',
  PRIMARY KEY (`id`),
  KEY `FK_model_item_1` (`model_id`),
  CONSTRAINT `FK_model_item_1` FOREIGN KEY (`model_id`) REFERENCES `model` (`id`)
) ENGINE=InnoDB AUTO_INCREMENT=55 DEFAULT CHARSET=gbk COMMENT='模型字段表';

--
-- Dumping data for table `model_item`
--

/*!40000 ALTER TABLE `model_item` DISABLE KEYS */;
INSERT INTO `model_item` (`id`,`model_id`,`name`,`label`,`orderlist`,`def_value`,`valid`) VALUES 
 (1,1,'type_id','内容类别',10,'',1),
 (2,1,'title','标题',10,'',1),
 (3,1,'tags','标签',10,'',1),
 (4,1,'author','作者',10,'管理员',1),
 (5,1,'origin','来源',10,'原创',1),
 (6,1,'origin_url','来源url',10,'',1),
 (7,1,'description','描述',10,'',1),
 (8,1,'title_color','标题颜色',10,'',1),
 (9,1,'is_bold','标题加粗',10,'',1),
 (10,1,'title_pic','标题图',10,'',1),
 (11,1,'content_pic','内容图',10,'',1),
 (12,1,'type_pic','类别图',10,'',1),
 (13,1,'link','外链',10,'',1),
 (14,1,'temp','模版',10,'',1),
 (15,1,'status','状态',10,'',1),
 (16,1,'orderlist','排序',10,'',1),
 (17,1,'is_recommend','推荐',10,'',1),
 (18,1,'txt','内容',10,'',1),
 (19,2,'type_id','内容类别',10,'',1),
 (20,2,'title','标题',10,'',1),
 (21,2,'tags','标签',10,'',1),
 (22,2,'author','作者',10,'管理员',1),
 (23,2,'origin','来源',10,'原创',1),
 (24,2,'origin_url','来源url',10,'',1),
 (25,2,'description','描述',10,'',1),
 (26,2,'title_color','标题颜色',10,'',1),
 (27,2,'is_bold','标题加粗',10,'',1),
 (28,2,'title_pic','标题图',10,'',1),
 (29,2,'content_pic','内容图',10,'',1),
 (30,2,'type_pic','类别图',10,'',1),
 (31,2,'link','外链',10,'',1),
 (32,2,'temp','模版',10,'',1),
 (33,2,'status','状态',10,'',1),
 (34,2,'orderlist','排序',10,'',1),
 (35,2,'is_recommend','推荐',10,'',1),
 (36,2,'txt','内容',10,'',1),
 (37,3,'type_id','内容类别',10,'',1),
 (38,3,'title','标题',10,'',1),
 (39,3,'tags','标签',10,'',1),
 (40,3,'author','作者',10,'管理员',1),
 (41,3,'origin','来源',10,'原创',1),
 (42,3,'origin_url','来源url',10,'',1),
 (43,3,'description','描述',10,'',1),
 (44,3,'title_color','标题颜色',10,'',1),
 (45,3,'is_bold','标题加粗',10,'',1),
 (46,3,'title_pic','标题图',10,'',1),
 (47,3,'content_pic','内容图',10,'',1),
 (48,3,'type_pic','类别图',10,'',1),
 (49,3,'link','外链',10,'',1),
 (50,3,'temp','模版',10,'',1),
 (51,3,'status','状态',10,'',1),
 (52,3,'orderlist','排序',10,'',1),
 (53,3,'is_recommend','收费',10,'',1),
 (54,3,'txt','内容',10,'',1);
/*!40000 ALTER TABLE `model_item` ENABLE KEYS */;


--
-- Definition of table `tags`
--

DROP TABLE IF EXISTS `tags`;
CREATE TABLE `tags` (
  `id` int(10) unsigned NOT NULL AUTO_INCREMENT COMMENT 'id',
  `name` varchar(45) NOT NULL COMMENT 'tag名',
  `counter` int(10) unsigned DEFAULT NULL COMMENT '计数',
  PRIMARY KEY (`id`),
  CONSTRAINT `FK_content_tag_1` FOREIGN KEY (`id`) REFERENCES `content` (`id`)
) ENGINE=InnoDB DEFAULT CHARSET=gbk COMMENT='CMS的tag';

--
-- Dumping data for table `tags`
--

/*!40000 ALTER TABLE `tags` DISABLE KEYS */;
/*!40000 ALTER TABLE `tags` ENABLE KEYS */;


--
-- Definition of table `topic`
--

DROP TABLE IF EXISTS `topic`;
CREATE TABLE `topic` (
  `id` int(10) unsigned NOT NULL AUTO_INCREMENT COMMENT 'id',
  `channel_id` int(10) unsigned DEFAULT NULL COMMENT '栏目 id',
  `name` varchar(100) DEFAULT NULL COMMENT '专题名',
  `short_name` varchar(100) DEFAULT NULL COMMENT '简述',
  `keywords` varchar(100) DEFAULT NULL COMMENT '关键字',
  `description` varchar(255) DEFAULT NULL COMMENT '描述',
  `title_pic` varchar(100) DEFAULT NULL COMMENT '标题图',
  `content_pic` varchar(100) DEFAULT NULL COMMENT '内容图',
  `temp` varchar(100) DEFAULT NULL COMMENT '模版',
  `orderlist` int(2) unsigned DEFAULT NULL COMMENT '排序',
  PRIMARY KEY (`id`)
) ENGINE=InnoDB DEFAULT CHARSET=gbk COMMENT='专题';

--
-- Dumping data for table `topic`
--

/*!40000 ALTER TABLE `topic` DISABLE KEYS */;
/*!40000 ALTER TABLE `topic` ENABLE KEYS */;




/*!40101 SET SQL_MODE=@OLD_SQL_MODE */;
/*!40014 SET FOREIGN_KEY_CHECKS=@OLD_FOREIGN_KEY_CHECKS */;
/*!40014 SET UNIQUE_CHECKS=@OLD_UNIQUE_CHECKS */;
/*!40101 SET CHARACTER_SET_CLIENT=@OLD_CHARACTER_SET_CLIENT */;
/*!40101 SET CHARACTER_SET_RESULTS=@OLD_CHARACTER_SET_RESULTS */;
/*!40101 SET COLLATION_CONNECTION=@OLD_COLLATION_CONNECTION */;
/*!40101 SET CHARACTER_SET_CLIENT=@OLD_CHARACTER_SET_CLIENT */;
